Kind,Date,EntryTime,Strike,OptionType,Signal,Confidence,EntrySpot,EntryPremium,TargetNifty,SLNifty,EstHoldMin,ExitTime,ExitSpot,ExitPremium,ExitReason,HoldMin,PnLSpotPct,PnLPremiumPct,PnLRupees,RollingSig,DirectionSig,CrossAssetSig
OPEN,2026-04-28,09:00:41,24050,PE,BUY PE,38.7,24092.70,60.50,24055.0,24112.0,9.0,,0.00,0.00,,0.0,0.00,0.00,0,BUY PE,BUY PE,BUY PE
OPEN,2026-04-28,09:08:41,24000,PE,BUY PE,37.9,24049.90,44.00,24006.0,24072.0,9.0,,0.00,0.00,,0.0,0.00,0.00,0,BUY PE,BUY PE,BUY PE
EXIT,2026-04-28,09:00:41,24050,PE,BUY PE,38.7,24092.70,60.50,24055.0,24112.0,9.0,09:08:41,24049.90,60.50,TARGET,8.0,0.18,0.00,0,BUY PE,BUY PE,BUY PE
OPEN,2026-04-28,09:16:41,24100,PE,BUY PE,46.5,24075.65,126.10,24023.0,24102.0,9.0,,0.00,0.00,,0.0,0.00,0.00,0,BUY PE,BUY PE,NO TRADE
EXIT,2026-04-28,09:08:41,24000,PE,BUY PE,37.9,24049.90,44.00,24006.0,24072.0,9.0,09:16:41,24075.65,62.75,SL,8.0,-0.11,42.61,1219,BUY PE,BUY PE,BUY PE
OPEN,2026-04-28,09:17:41,24050,PE,BUY PE,46.7,24073.05,91.70,24025.0,24097.0,9.0,,0.00,0.00,,0.0,0.00,0.00,0,BUY PE,BUY PE,NO TRADE
EXIT,2026-04-28,09:16:41,24100,PE,BUY PE,46.5,24075.65,126.10,24023.0,24102.0,9.0,09:20:41,24102.75,83.15,SL,4.0,-0.11,-34.06,-2792,BUY PE,BUY PE,NO TRADE
EXIT,2026-04-28,09:17:41,24050,PE,BUY PE,46.7,24073.05,91.70,24025.0,24097.0,9.0,09:20:41,24102.75,53.80,SL,3.0,-0.12,-41.33,-2464,BUY PE,BUY PE,NO TRADE
OPEN,2026-04-28,09:21:41,24100,PE,BUY PE,47.9,24089.45,59.35,24042.0,24113.0,9.0,,0.00,0.00,,0.0,0.00,0.00,0,BUY PE,BUY PE,BUY PE
OPEN,2026-04-28,09:26:41,24150,PE,BUY PE,47.0,24127.10,89.90,24077.0,24152.0,9.0,,0.00,0.00,,0.0,0.00,0.00,0,BUY PE,BUY PE,BUY PE
EXIT,2026-04-28,09:21:41,24100,PE,BUY PE,47.9,24089.45,59.35,24042.0,24113.0,9.0,09:26:41,24127.10,60.55,SL,5.0,-0.16,2.02,78,BUY PE,BUY PE,BUY PE
OPEN,2026-04-28,09:27:41,24100,PE,BUY PE,47.5,24119.80,60.55,24067.0,24146.0,9.0,,0.00,0.00,,0.0,0.00,0.00,0,BUY PE,BUY PE,BUY PE
OPEN,2026-04-28,09:32:41,24050,PE,BUY PE,44.6,24102.40,33.30,24052.0,24127.0,9.0,,0.00,0.00,,0.0,0.00,0.00,0,BUY PE,BUY PE,NO TRADE
EXIT,2026-04-28,09:26:41,24150,PE,BUY PE,47.0,24127.10,89.90,24077.0,24152.0,9.0,09:35:41,24092.85,80.00,TIMEOUT,9.0,0.14,-11.01,-644,BUY PE,BUY PE,BUY PE
EXIT,2026-04-28,09:27:41,24100,PE,BUY PE,47.5,24119.80,60.55,24067.0,24146.0,9.0,09:37:41,24111.45,62.55,TIMEOUT,10.0,0.03,3.30,130,BUY PE,BUY PE,BUY PE
EXIT,2026-04-28,09:32:41,24050,PE,BUY PE,44.6,24102.40,33.30,24052.0,24127.0,9.0,09:41:41,24121.45,37.85,TIMEOUT,9.0,-0.08,13.66,296,BUY PE,BUY PE,NO TRADE
OPEN,2026-04-28,09:42:41,24100,PE,BUY PE,42.6,24128.60,58.50,24079.0,24154.0,9.0,,0.00,0.00,,0.0,0.00,0.00,0,BUY PE,BUY PE,BUY PE
OPEN,2026-04-28,09:49:41,24050,PE,BUY PE,39.6,24123.15,21.40,24072.0,24149.0,9.0,,0.00,0.00,,0.0,0.00,0.00,0,BUY PE,BUY PE,BUY PE
EXIT,2026-04-28,09:42:41,24100,PE,BUY PE,42.6,24128.60,58.50,24079.0,24154.0,9.0,09:52:41,24118.30,41.70,TIMEOUT,10.0,0.04,-28.72,-1092,BUY PE,BUY PE,BUY PE
OPEN,2026-04-28,09:55:41,24100,PE,BUY PE,40.9,24135.70,46.70,24085.0,24161.0,9.0,,0.00,0.00,,0.0,0.00,0.00,0,BUY PE,BUY PE,BUY PE
EXIT,2026-04-28,09:49:41,24050,PE,BUY PE,39.6,24123.15,21.40,24072.0,24149.0,9.0,09:58:41,24144.35,19.55,TIMEOUT,9.0,-0.09,-8.64,-120,BUY PE,BUY PE,BUY PE
EXIT,2026-04-28,09:55:41,24100,PE,BUY PE,40.9,24135.70,46.70,24085.0,24161.0,9.0,10:01:41,24164.35,34.00,SL,6.0,-0.12,-27.19,-826,BUY PE,BUY PE,BUY PE
OPEN,2026-04-28,11:27:41,24100,CE,BUY CE,37.4,24073.90,41.40,24117.0,24052.0,18.0,,0.00,0.00,,0.0,0.00,0.00,0,BUY CE,BUY CE,BUY PE
EXIT,2026-04-28,11:27:41,24100,CE,BUY CE,37.4,24073.90,41.40,24117.0,24052.0,18.0,11:30:41,24051.65,26.80,SL,3.0,-0.09,-35.27,-949,BUY CE,BUY CE,BUY PE
OPEN,2026-04-28,11:31:41,24100,CE,BUY CE,35.7,24061.50,26.80,24106.0,24040.0,18.0,,0.00,0.00,,0.0,0.00,0.00,0,BUY CE,BUY CE,BUY PE
EXIT,2026-04-28,11:31:41,24100,CE,BUY CE,35.7,24061.50,26.80,24106.0,24040.0,18.0,11:37:41,24068.80,22.85,FLIP,6.0,0.03,-14.74,-257,BUY CE,BUY CE,BUY PE
OPEN,2026-04-28,11:37:41,24050,PE,BUY PE,36.3,24078.35,43.50,24034.0,24100.0,9.0,,0.00,0.00,,0.0,0.00,0.00,0,BUY PE,BUY PE,BUY PE
EXIT,2026-04-28,11:37:41,24050,PE,BUY PE,36.3,24078.35,43.50,24034.0,24100.0,9.0,11:47:41,24081.55,26.60,TIMEOUT,10.0,-0.01,-38.85,-1098,BUY PE,BUY PE,BUY PE
OPEN,2026-04-28,12:23:41,23950,PE,BUY PE,35.2,24008.20,12.10,23966.0,24029.0,9.0,,0.00,0.00,,0.0,0.00,0.00,0,BUY CE,BUY PE,BUY PE
EXIT,2026-04-28,12:23:41,23950,PE,BUY PE,35.2,24008.20,12.10,23966.0,24029.0,9.0,12:24:41,24008.20,12.10,FLIP,1.0,0.00,0.00,0,BUY CE,BUY PE,BUY PE
OPEN,2026-04-28,12:24:41,24050,CE,BUY CE,35.4,24007.55,24.10,24050.0,23987.0,18.0,,0.00,0.00,,0.0,0.00,0.00,0,BUY CE,BUY PE,BUY PE
EXIT,2026-04-28,12:24:41,24050,CE,BUY CE,35.4,24007.55,24.10,24050.0,23987.0,18.0,12:25:41,24007.55,24.10,FLIP,1.0,0.00,0.00,0,BUY CE,BUY PE,BUY PE
OPEN,2026-04-28,12:25:41,23950,PE,BUY PE,36.3,24016.75,18.50,23975.0,24038.0,9.0,,0.00,0.00,,0.0,0.00,0.00,0,BUY CE,BUY PE,BUY PE
EXIT,2026-04-28,12:25:41,23950,PE,BUY PE,36.3,24016.75,18.50,23975.0,24038.0,9.0,12:28:41,24021.70,18.50,FLIP,3.0,-0.02,0.00,0,BUY CE,BUY PE,BUY PE
OPEN,2026-04-28,12:28:41,24050,CE,BUY CE,35.8,24016.05,20.55,24058.0,23995.0,18.0,,0.00,0.00,,0.0,0.00,0.00,0,BUY CE,BUY PE,BUY PE
EXIT,2026-04-28,12:28:41,24050,CE,BUY CE,35.8,24016.05,20.55,24058.0,23995.0,18.0,12:33:41,23994.10,16.65,SL,5.0,-0.09,-18.98,-254,BUY CE,BUY PE,BUY PE
OPEN,2026-04-28,12:34:41,24050,CE,BUY CE,35.2,23998.35,14.50,24040.0,23977.0,18.0,,0.00,0.00,,0.0,0.00,0.00,0,BUY CE,NO TRADE,BUY CE
EXIT,2026-04-28,12:34:41,24050,CE,BUY CE,35.2,23998.35,14.50,24040.0,23977.0,18.0,12:36:41,24014.60,14.50,FLIP,2.0,0.07,0.00,0,BUY CE,NO TRADE,BUY CE
OPEN,2026-04-28,12:36:41,23950,PE,BUY PE,35.4,24013.25,14.05,23972.0,24034.0,9.0,,0.00,0.00,,0.0,0.00,0.00,0,BUY PE,BUY PE,BUY PE
OPEN,2026-04-28,12:44:41,24000,PE,BUY PE,36.3,24027.50,30.90,23988.0,24048.0,9.0,,0.00,0.00,,0.0,0.00,0.00,0,NO TRADE,BUY PE,BUY PE
EXIT,2026-04-28,12:36:41,23950,PE,BUY PE,35.4,24013.25,14.05,23972.0,24034.0,9.0,12:46:41,24032.30,10.55,TIMEOUT,10.0,-0.08,-24.91,-228,BUY PE,BUY PE,BUY PE
OPEN,2026-04-28,12:47:41,23950,PE,BUY PE,35.1,24024.05,10.55,23984.0,24044.0,9.0,,0.00,0.00,,0.0,0.00,0.00,0,NO TRADE,BUY PE,BUY PE
EXIT,2026-04-28,12:44:41,24000,PE,BUY PE,36.3,24027.50,30.90,23988.0,24048.0,9.0,12:53:41,24031.25,23.25,TIMEOUT,9.0,-0.02,-24.76,-497,NO TRADE,BUY PE,BUY PE
EXIT,2026-04-28,12:47:41,23950,PE,BUY PE,35.1,24024.05,10.55,23984.0,24044.0,9.0,12:57:41,24015.90,10.60,TIMEOUT,10.0,0.03,0.47,3,NO TRADE,BUY PE,BUY PE
OPEN,2026-04-28,12:58:41,24050,CE,BUY CE,35.2,24007.95,22.40,24048.0,23988.0,18.0,,0.00,0.00,,0.0,0.00,0.00,0,NO TRADE,BUY CE,BUY CE
EXIT,2026-04-28,12:58:41,24050,CE,BUY CE,35.2,24007.95,22.40,24048.0,23988.0,18.0,13:05:41,24025.50,18.05,FLIP,7.0,0.07,-19.42,-283,NO TRADE,BUY CE,BUY CE
OPEN,2026-04-28,13:05:41,23950,PE,BUY PE,35.4,24019.80,11.55,23979.0,24040.0,9.0,,0.00,0.00,,0.0,0.00,0.00,0,BUY CE,BUY PE,BUY CE
OPEN,2026-04-28,13:06:41,24000,PE,BUY PE,35.9,24025.65,27.10,23986.0,24046.0,9.0,,0.00,0.00,,0.0,0.00,0.00,0,BUY CE,BUY PE,BUY CE
EXIT,2026-04-28,13:05:41,23950,PE,BUY PE,35.4,24019.80,11.55,23979.0,24040.0,9.0,13:13:41,24029.30,8.45,FLIP,8.0,-0.04,-26.84,-202,BUY CE,BUY PE,BUY CE
EXIT,2026-04-28,13:06:41,24000,PE,BUY PE,35.9,24025.65,27.10,23986.0,24046.0,9.0,13:13:41,24029.30,21.45,FLIP,7.0,-0.02,-20.85,-367,BUY CE,BUY PE,BUY CE
OPEN,2026-04-28,13:13:41,24100,CE,BUY CE,35.0,24027.00,8.70,24066.0,24008.0,18.0,,0.00,0.00,,0.0,0.00,0.00,0,BUY CE,BUY PE,NO TRADE
OPEN,2026-04-28,13:14:41,24050,CE,BUY CE,35.6,24020.95,19.45,24061.0,24001.0,18.0,,0.00,0.00,,0.0,0.00,0.00,0,BUY CE,BUY CE,NO TRADE
EXIT,2026-04-28,13:13:41,24100,CE,BUY CE,35.0,24027.00,8.70,24066.0,24008.0,18.0,13:31:41,24013.90,10.10,FLIP,18.0,-0.05,16.09,91,BUY CE,BUY PE,NO TRADE
EXIT,2026-04-28,13:14:41,24050,CE,BUY CE,35.6,24020.95,19.45,24061.0,24001.0,18.0,13:31:41,24013.90,25.20,FLIP,17.0,-0.03,29.56,374,BUY CE,BUY CE,NO TRADE
OPEN,2026-04-28,13:31:41,23950,PE,BUY PE,39.2,24000.45,5.95,23959.0,24021.0,9.0,,0.00,0.00,,0.0,0.00,0.00,0,BUY PE,BUY PE,BUY PE
OPEN,2026-04-28,13:36:41,23900,PE,BUY PE,41.6,23962.25,5.85,23918.0,23984.0,9.0,,0.00,0.00,,0.0,0.00,0.00,0,BUY PE,BUY PE,BUY PE
EXIT,2026-04-28,13:36:41,23900,PE,BUY PE,41.6,23962.25,5.85,23918.0,23984.0,9.0,13:37:41,23986.20,12.85,SL,1.0,-0.10,119.66,455,BUY PE,BUY PE,BUY PE
EXIT,2026-04-28,13:31:41,23950,PE,BUY PE,39.2,24000.45,5.95,23959.0,24021.0,9.0,13:41:41,24008.65,20.45,TIMEOUT,10.0,-0.03,243.70,942,BUY PE,BUY PE,BUY PE
OPEN,2026-04-28,13:42:41,23950,PE,BUY PE,43.6,24007.20,12.10,23963.0,24029.0,9.0,,0.00,0.00,,0.0,0.00,0.00,0,BUY PE,BUY PE,BUY PE
EXIT,2026-04-28,13:42:41,23950,PE,BUY PE,43.6,24007.20,12.10,23963.0,24029.0,9.0,13:51:41,24004.15,14.90,TIMEOUT,9.0,0.01,23.14,182,BUY PE,BUY PE,BUY PE
OPEN,2026-04-28,13:52:41,23950,PE,BUY PE,41.9,24005.95,10.80,23963.0,24027.0,9.0,,0.00,0.00,,0.0,0.00,0.00,0,BUY PE,BUY PE,BUY PE
OPEN,2026-04-28,13:56:41,24000,PE,BUY PE,39.0,24028.60,22.35,23986.0,24050.0,9.0,,0.00,0.00,,0.0,0.00,0.00,0,BUY CE,BUY PE,BUY PE
EXIT,2026-04-28,13:52:41,23950,PE,BUY PE,41.9,24005.95,10.80,23963.0,24027.0,9.0,13:56:41,24028.60,8.05,SL,4.0,-0.09,-25.46,-179,BUY PE,BUY PE,BUY PE
OPEN,2026-04-28,13:57:41,23950,PE,BUY PE,41.1,24003.05,6.15,23956.0,24027.0,9.0,,0.00,0.00,,0.0,0.00,0.00,0,BUY PE,BUY PE,BUY PE
EXIT,2026-04-28,13:56:41,24000,PE,BUY PE,39.0,24028.60,22.35,23986.0,24050.0,9.0,14:05:41,23999.35,25.55,TIMEOUT,9.0,0.12,14.32,208,BUY CE,BUY PE,BUY PE
EXIT,2026-04-28,13:57:41,23950,PE,BUY PE,41.1,24003.05,6.15,23956.0,24027.0,9.0,14:07:41,24000.95,8.85,TIMEOUT,10.0,0.01,43.90,175,BUY PE,BUY PE,BUY PE
OPEN,2026-04-28,14:08:41,23950,PE,BUY PE,38.7,24002.55,10.55,23961.0,24024.0,9.0,,0.00,0.00,,0.0,0.00,0.00,0,BUY PE,BUY PE,BUY PE
EXIT,2026-04-28,14:08:41,23950,PE,BUY PE,38.7,24002.55,10.55,23961.0,24024.0,9.0,14:18:41,23990.80,15.60,TIMEOUT,10.0,0.05,47.87,328,BUY PE,BUY PE,BUY PE
OPEN,2026-04-28,14:19:41,23950,PE,BUY PE,39.4,23996.70,15.60,23954.0,24018.0,9.0,,0.00,0.00,,0.0,0.00,0.00,0,BUY PE,BUY PE,BUY PE
EXIT,2026-04-28,14:19:41,23950,PE,BUY PE,39.4,23996.70,15.60,23954.0,24018.0,9.0,14:29:41,23996.40,6.40,TIMEOUT,10.0,0.00,-58.97,-598,BUY PE,BUY PE,BUY PE
OPEN,2026-04-28,14:30:41,23950,PE,BUY PE,36.9,24011.25,7.65,23966.0,24034.0,9.0,,0.00,0.00,,0.0,0.00,0.00,0,BUY CE,BUY PE,BUY CE
EXIT,2026-04-28,14:30:41,23950,PE,BUY PE,36.9,24011.25,7.65,23966.0,24034.0,9.0,14:31:41,24011.25,7.65,FLIP,1.0,0.00,0.00,0,BUY CE,BUY PE,BUY CE
OPEN,2026-04-28,14:31:41,24050,CE,BUY CE,36.7,24022.15,4.60,24065.0,24001.0,18.0,,0.00,0.00,,0.0,0.00,0.00,0,BUY CE,BUY PE,NO TRADE
EXIT,2026-04-28,14:31:41,24050,CE,BUY CE,36.7,24022.15,4.60,24065.0,24001.0,18.0,14:32:41,24022.15,4.60,FLIP,1.0,0.00,0.00,0,BUY CE,BUY PE,NO TRADE
OPEN,2026-04-28,14:32:41,24000,PE,BUY PE,37.7,24032.60,25.95,23988.0,24055.0,9.0,,0.00,0.00,,0.0,0.00,0.00,0,BUY CE,BUY PE,NO TRADE
OPEN,2026-04-28,14:34:41,23950,PE,BUY PE,38.9,24021.45,2.70,23975.0,24044.0,9.0,,0.00,0.00,,0.0,0.00,0.00,0,BUY CE,BUY PE,BUY PE
EXIT,2026-04-28,14:32:41,24000,PE,BUY PE,37.7,24032.60,25.95,23988.0,24055.0,9.0,14:39:41,24027.15,12.10,FLIP,7.0,0.02,-53.37,-900,BUY CE,BUY PE,NO TRADE
EXIT,2026-04-28,14:34:41,23950,PE,BUY PE,38.9,24021.45,2.70,23975.0,24044.0,9.0,14:39:41,24027.15,2.40,FLIP,5.0,-0.02,-11.11,-20,BUY CE,BUY PE,BUY PE
OPEN,2026-04-28,14:39:41,24050,CE,BUY CE,38.1,24024.05,7.30,24069.0,24002.0,18.0,,0.00,0.00,,0.0,0.00,0.00,0,BUY CE,BUY PE,BUY CE
OPEN,2026-04-28,14:40:41,24100,CE,BUY CE,37.7,24029.95,1.90,24076.0,24007.0,18.0,,0.00,0.00,,0.0,0.00,0.00,0,BUY CE,BUY PE,NO TRADE
EXIT,2026-04-28,14:39:41,24050,CE,BUY CE,38.1,24024.05,7.30,24069.0,24002.0,18.0,14:41:41,24029.95,8.80,FLIP,2.0,0.02,20.55,98,BUY CE,BUY PE,BUY CE
EXIT,2026-04-28,14:40:41,24100,CE,BUY CE,37.7,24029.95,1.90,24076.0,24007.0,18.0,14:41:41,24029.95,1.90,FLIP,1.0,0.00,0.00,0,BUY CE,BUY PE,NO TRADE
OPEN,2026-04-28,14:41:41,23950,PE,BUY PE,38.5,24021.90,1.70,23979.0,24043.0,9.0,,0.00,0.00,,0.0,0.00,0.00,0,BUY CE,BUY PE,NO TRADE
EXIT,2026-04-28,14:41:41,23950,PE,BUY PE,38.5,24021.90,1.70,23979.0,24043.0,9.0,14:42:41,24021.90,1.70,FLIP,1.0,0.00,0.00,0,BUY CE,BUY PE,NO TRADE
OPEN,2026-04-28,14:42:41,24050,CE,BUY CE,39.2,24019.15,8.80,24063.0,23997.0,18.0,,0.00,0.00,,0.0,0.00,0.00,0,BUY CE,BUY CE,BUY CE
OPEN,2026-04-28,14:44:41,24100,CE,BUY CE,38.6,24028.30,1.30,24074.0,24005.0,18.0,,0.00,0.00,,0.0,0.00,0.00,0,BUY CE,BUY CE,NO TRADE
OPEN,2026-04-28,15:01:41,24000,CE,BUY CE,45.9,24012.10,40.95,24055.0,23991.0,28.0,,0.00,0.00,,0.0,0.00,0.00,0,BUY CE,BUY CE,BUY PE
EXIT,2026-04-28,14:42:41,24050,CE,BUY CE,39.2,24019.15,8.80,24063.0,23997.0,18.0,15:01:41,24012.10,7.50,TIMEOUT,19.0,-0.03,-14.77,-85,BUY CE,BUY CE,BUY CE
EXIT,2026-04-28,14:44:41,24100,CE,BUY CE,38.6,24028.30,1.30,24074.0,24005.0,18.0,15:02:41,24001.65,0.25,SL,18.0,-0.11,-80.77,-68,BUY CE,BUY CE,NO TRADE
EXIT,2026-04-28,15:01:41,24000,CE,BUY CE,45.9,24012.10,40.95,24055.0,23991.0,28.0,15:07:41,23986.00,4.90,SL,6.0,-0.11,-88.03,-2343,BUY CE,BUY CE,BUY PE
OPEN,2026-04-28,15:08:41,24000,CE,BUY CE,47.0,23980.85,2.65,24030.0,23956.0,21.0,,0.00,0.00,,0.0,0.00,0.00,0,BUY CE,BUY CE,BUY PE
OPEN,2026-04-28,15:11:41,23950,CE,BUY CE,47.6,23972.80,35.05,24019.0,23950.0,18.0,,0.00,0.00,,0.0,0.00,0.00,0,BUY CE,BUY CE,BUY PE
EXIT,2026-04-28,15:08:41,24000,CE,BUY CE,47.0,23980.85,2.65,24030.0,23956.0,21.0,15:29:41,24010.35,0.05,TIMEOUT,21.0,0.12,-98.11,-169,BUY CE,BUY CE,BUY PE
EXIT,2026-04-28,15:11:41,23950,CE,BUY CE,47.6,23972.80,35.05,24019.0,23950.0,18.0,15:29:41,24010.35,43.20,TIMEOUT,18.0,0.16,23.25,530,BUY CE,BUY CE,BUY PE
OPEN,2026-04-28,15:30:41,24000,CE,BUY CE,47.5,24013.95,0.05,24060.0,23991.0,25.0,,0.00,0.00,,0.0,0.00,0.00,0,BUY CE,BUY CE,BUY CE
EXIT,2026-04-28,15:30:41,24000,CE,BUY CE,47.5,24013.95,0.05,24060.0,23991.0,25.0,15:30:41,24013.95,0.05,EOD,0.0,0.00,0.00,0,BUY CE,BUY CE,BUY CE
OPEN,2026-04-29,09:00:41,23950,PE,BUY PE,42.3,23995.70,0.05,23947.0,24020.0,9.0,,0.00,0.00,,0.0,0.00,0.00,0,BUY PE,BUY PE,BUY PE
OPEN,2026-04-29,09:07:41,24050,PE,BUY PE,36.5,24096.90,231.55,24040.0,24125.0,9.0,,0.00,0.00,,0.0,0.00,0.00,0,BUY PE,BUY PE,BUY PE
EXIT,2026-04-29,09:00:41,23950,PE,BUY PE,42.3,23995.70,0.05,23947.0,24020.0,9.0,09:07:41,24096.90,183.90,SL,7.0,-0.42,367700.00,11950,BUY PE,BUY PE,BUY PE
OPEN,2026-04-29,09:16:41,24100,PE,BUY PE,46.8,24100.30,0.00,24044.0,24128.0,9.0,,0.00,0.00,,0.0,0.00,0.00,0,BUY PE,BUY PE,NO TRADE
EXIT,2026-04-29,09:07:41,24050,PE,BUY PE,36.5,24096.90,231.55,24040.0,24125.0,9.0,09:17:41,24111.80,231.55,TIMEOUT,10.0,-0.06,0.00,0,BUY PE,BUY PE,BUY PE
OPEN,2026-04-29,09:23:41,24050,PE,BUY PE,46.3,24073.10,160.25,24014.0,24103.0,9.0,,0.00,0.00,,0.0,0.00,0.00,0,BUY PE,BUY PE,BUY PE
EXIT,2026-04-29,09:16:41,24100,PE,BUY PE,46.8,24100.30,0.00,24044.0,24128.0,9.0,09:25:41,24072.45,182.20,TIMEOUT,9.0,0.12,0.00,0,BUY PE,BUY PE,NO TRADE
OPEN,2026-04-29,09:26:41,24100,PE,BUY PE,46.3,24093.50,202.80,24033.0,24124.0,9.0,,0.00,0.00,,0.0,0.00,0.00,0,BUY PE,BUY PE,BUY PE
EXIT,2026-04-29,09:23:41,24050,PE,BUY PE,46.3,24073.10,160.25,24014.0,24103.0,9.0,09:27:41,24108.85,178.50,SL,4.0,-0.15,11.39,1186,BUY PE,BUY PE,BUY PE
OPEN,2026-04-29,09:34:41,24050,PE,BUY PE,42.5,24093.10,148.20,24031.0,24124.0,9.0,,0.00,0.00,,0.0,0.00,0.00,0,BUY PE,BUY PE,BUY CE
EXIT,2026-04-29,09:26:41,24100,PE,BUY PE,46.3,24093.50,202.80,24033.0,24124.0,9.0,09:35:41,24099.20,169.80,TIMEOUT,9.0,-0.02,-16.27,-2145,BUY PE,BUY PE,BUY PE
OPEN,2026-04-29,09:43:41,24100,PE,BUY PE,41.3,24125.60,172.75,24065.0,24156.0,9.0,,0.00,0.00,,0.0,0.00,0.00,0,BUY PE,BUY PE,BUY PE
EXIT,2026-04-29,09:34:41,24050,PE,BUY PE,42.5,24093.10,148.20,24031.0,24124.0,9.0,09:43:41,24125.60,151.40,SL,9.0,-0.13,2.16,208,BUY PE,BUY PE,BUY CE
EXIT,2026-04-29,09:43:41,24100,PE,BUY PE,41.3,24125.60,172.75,24065.0,24156.0,9.0,09:47:41,24156.30,155.00,SL,4.0,-0.13,-10.27,-1154,BUY PE,BUY PE,BUY PE
OPEN,2026-04-29,09:48:41,24100,PE,BUY PE,43.8,24156.25,151.85,24095.0,24187.0,9.0,,0.00,0.00,,0.0,0.00,0.00,0,BUY PE,BUY PE,BUY PE
OPEN,2026-04-29,09:54:41,24150,PE,BUY PE,41.8,24175.25,166.20,24115.0,24205.0,9.0,,0.00,0.00,,0.0,0.00,0.00,0,BUY PE,BUY PE,BUY PE
EXIT,2026-04-29,09:48:41,24100,PE,BUY PE,43.8,24156.25,151.85,24095.0,24187.0,9.0,09:57:41,24172.35,145.40,TIMEOUT,9.0,-0.07,-4.25,-419,BUY PE,BUY PE,BUY PE
EXIT,2026-04-29,09:54:41,24150,PE,BUY PE,41.8,24175.25,166.20,24115.0,24205.0,9.0,10:02:41,24209.50,157.15,SL,8.0,-0.14,-5.45,-588,BUY PE,BUY PE,BUY PE
OPEN,2026-04-29,13:37:41,24350,CE,BUY CE,36.5,24298.50,183.20,24330.0,24283.0,18.0,,0.00,0.00,,0.0,0.00,0.00,0,BUY CE,BUY CE,NO TRADE
EXIT,2026-04-29,13:37:41,24350,CE,BUY CE,36.5,24298.50,183.20,24330.0,24283.0,18.0,13:40:41,24279.10,177.25,SL,3.0,-0.08,-3.25,-387,BUY CE,BUY CE,NO TRADE
OPEN,2026-04-29,13:41:41,24300,CE,BUY CE,38.6,24274.75,203.65,24307.0,24259.0,18.0,,0.00,0.00,,0.0,0.00,0.00,0,BUY CE,BUY CE,BUY CE
OPEN,2026-04-29,13:42:41,24350,CE,BUY CE,38.9,24277.85,171.70,24310.0,24262.0,18.0,,0.00,0.00,,0.0,0.00,0.00,0,BUY CE,BUY CE,NO TRADE
EXIT,2026-04-29,13:42:41,24350,CE,BUY CE,38.9,24277.85,171.70,24310.0,24262.0,18.0,13:48:41,24259.90,163.75,SL,6.0,-0.07,-4.63,-517,BUY CE,BUY CE,NO TRADE
EXIT,2026-04-29,13:41:41,24300,CE,BUY CE,38.6,24274.75,203.65,24307.0,24259.0,18.0,13:53:41,24273.85,186.30,FLIP,12.0,-0.00,-8.52,-1128,BUY CE,BUY CE,BUY CE
OPEN,2026-04-29,13:53:41,24250,PE,BUY PE,35.8,24283.30,166.70,24250.0,24300.0,9.0,,0.00,0.00,,0.0,0.00,0.00,0,BUY CE,BUY PE,NO TRADE
EXIT,2026-04-29,13:53:41,24250,PE,BUY PE,35.8,24283.30,166.70,24250.0,24300.0,9.0,13:54:41,24283.30,166.70,FLIP,1.0,0.00,0.00,0,BUY CE,BUY PE,NO TRADE
OPEN,2026-04-29,13:54:41,24300,CE,BUY CE,36.1,24272.80,186.30,24307.0,24256.0,18.0,,0.00,0.00,,0.0,0.00,0.00,0,BUY CE,BUY PE,NO TRADE
OPEN,2026-04-29,13:55:41,24350,CE,BUY CE,36.0,24275.90,161.65,24310.0,24259.0,18.0,,0.00,0.00,,0.0,0.00,0.00,0,BUY CE,BUY PE,NO TRADE
EXIT,2026-04-29,13:54:41,24300,CE,BUY CE,36.1,24272.80,186.30,24307.0,24256.0,18.0,14:00:41,24253.50,185.00,SL,6.0,-0.08,-0.70,-85,BUY CE,BUY PE,NO TRADE
EXIT,2026-04-29,13:55:41,24350,CE,BUY CE,36.0,24275.90,161.65,24310.0,24259.0,18.0,14:00:41,24253.50,160.10,SL,5.0,-0.09,-0.96,-101,BUY CE,BUY PE,NO TRADE
OPEN,2026-04-29,14:01:41,24200,PE,BUY PE,37.3,24257.40,147.70,24223.0,24274.0,9.0,,0.00,0.00,,0.0,0.00,0.00,0,BUY PE,BUY PE,BUY CE
EXIT,2026-04-29,14:01:41,24200,PE,BUY PE,37.3,24257.40,147.70,24223.0,24274.0,9.0,14:04:41,24233.80,149.75,FLIP,3.0,0.10,1.39,133,BUY PE,BUY PE,BUY CE
OPEN,2026-04-29,14:04:41,24250,CE,BUY CE,39.6,24206.50,209.50,24246.0,24187.0,18.0,,0.00,0.00,,0.0,0.00,0.00,0,BUY PE,BUY CE,BUY CE
EXIT,2026-04-29,14:04:41,24250,CE,BUY CE,39.6,24206.50,209.50,24246.0,24187.0,18.0,14:05:41,24206.50,209.50,FLIP,1.0,0.00,0.00,0,BUY PE,BUY CE,BUY CE
OPEN,2026-04-29,14:05:41,24150,PE,BUY PE,39.4,24208.20,156.50,24168.0,24228.0,9.0,,0.00,0.00,,0.0,0.00,0.00,0,BUY PE,BUY PE,BUY CE
EXIT,2026-04-29,14:05:41,24150,PE,BUY PE,39.4,24208.20,156.50,24168.0,24228.0,9.0,14:15:41,24209.30,155.45,TIMEOUT,10.0,-0.00,-0.67,-68,BUY PE,BUY PE,BUY CE
OPEN,2026-04-29,14:16:41,24150,PE,BUY PE,42.3,24211.25,151.00,24173.0,24230.0,9.0,,0.00,0.00,,0.0,0.00,0.00,0,BUY PE,BUY PE,BUY CE
EXIT,2026-04-29,14:16:41,24150,PE,BUY PE,42.3,24211.25,151.00,24173.0,24230.0,9.0,14:26:41,24206.75,150.55,TIMEOUT,10.0,0.02,-0.30,-29,BUY PE,BUY PE,BUY CE
OPEN,2026-04-29,14:27:41,24150,PE,BUY PE,42.9,24196.20,150.55,24154.0,24217.0,9.0,,0.00,0.00,,0.0,0.00,0.00,0,BUY PE,BUY PE,BUY PE
EXIT,2026-04-29,14:27:41,24150,PE,BUY PE,42.9,24196.20,150.55,24154.0,24217.0,9.0,14:36:41,24203.65,156.60,TIMEOUT,9.0,-0.03,4.02,393,BUY PE,BUY PE,BUY PE
OPEN,2026-04-29,14:37:41,24150,PE,BUY PE,43.7,24199.25,156.60,24156.0,24221.0,9.0,,0.00,0.00,,0.0,0.00,0.00,0,BUY PE,BUY PE,BUY PE
OPEN,2026-04-29,14:44:41,24200,PE,BUY PE,40.9,24226.70,171.80,24183.0,24249.0,9.0,,0.00,0.00,,0.0,0.00,0.00,0,BUY PE,BUY PE,NO TRADE
EXIT,2026-04-29,14:37:41,24150,PE,BUY PE,43.7,24199.25,156.60,24156.0,24221.0,9.0,14:44:41,24226.70,150.45,SL,7.0,-0.11,-3.93,-400,BUY PE,BUY PE,BUY PE
OPEN,2026-04-29,14:46:41,24150,PE,BUY PE,40.2,24214.75,150.60,24173.0,24236.0,9.0,,0.00,0.00,,0.0,0.00,0.00,0,BUY PE,BUY PE,BUY PE
EXIT,2026-04-29,14:44:41,24200,PE,BUY PE,40.9,24226.70,171.80,24183.0,24249.0,9.0,14:53:41,24208.45,179.25,TIMEOUT,9.0,0.08,4.34,484,BUY PE,BUY PE,NO TRADE
EXIT,2026-04-29,14:46:41,24150,PE,BUY PE,40.2,24214.75,150.60,24173.0,24236.0,9.0,14:56:41,24201.50,157.10,TIMEOUT,10.0,0.05,4.32,422,BUY PE,BUY PE,BUY PE
OPEN,2026-04-29,14:57:41,24150,PE,BUY PE,38.7,24201.30,157.10,24160.0,24222.0,9.0,,0.00,0.00,,0.0,0.00,0.00,0,BUY PE,BUY PE,BUY PE
EXIT,2026-04-29,14:57:41,24150,PE,BUY PE,38.7,24201.30,157.10,24160.0,24222.0,9.0,15:00:41,24186.25,159.00,FLIP,3.0,0.06,1.21,124,BUY PE,BUY PE,BUY PE
OPEN,2026-04-29,15:00:41,24200,CE,BUY CE,47.4,24193.90,199.05,24238.0,24172.0,29.0,,0.00,0.00,,0.0,0.00,0.00,0,BUY CE,BUY CE,BUY CE
OPEN,2026-04-29,15:14:41,24150,CE,BUY CE,48.3,24170.00,214.85,24212.0,24149.0,15.0,,0.00,0.00,,0.0,0.00,0.00,0,BUY CE,BUY CE,NO TRADE
EXIT,2026-04-29,15:00:41,24200,CE,BUY CE,47.4,24193.90,199.05,24238.0,24172.0,29.0,15:14:41,24170.00,187.80,SL,14.0,-0.10,-5.65,-731,BUY CE,BUY CE,BUY CE
EXIT,2026-04-29,15:14:41,24150,CE,BUY CE,48.3,24170.00,214.85,24212.0,24149.0,15.0,15:26:41,24147.70,205.90,SL,12.0,-0.09,-4.17,-582,BUY CE,BUY CE,NO TRADE
OPEN,2026-04-29,15:27:41,24150,CE,BUY CE,50.7,24151.35,205.90,24191.0,24131.0,2.0,,0.00,0.00,,0.0,0.00,0.00,0,BUY CE,BUY CE,BUY CE
EXIT,2026-04-29,15:27:41,24150,CE,BUY CE,50.7,24151.35,205.90,24191.0,24131.0,2.0,15:30:41,24164.10,200.85,EOD,3.0,0.05,-2.45,-328,BUY CE,BUY CE,BUY CE
OPEN,2026-04-30,09:00:41,24150,PE,BUY PE,40.5,24177.65,179.00,24136.0,24199.0,9.0,,0.00,0.00,,0.0,0.00,0.00,0,BUY PE,BUY PE,BUY PE
EXIT,2026-04-30,09:00:41,24150,PE,BUY PE,40.5,24177.65,179.00,24136.0,24199.0,9.0,09:07:41,24177.65,179.00,FLIP,7.0,0.00,0.00,0,BUY PE,BUY PE,BUY PE
OPEN,2026-04-30,09:07:41,24050,CE,BUY CE,42.0,23996.95,254.05,24061.0,23965.0,18.0,,0.00,0.00,,0.0,0.00,0.00,0,BUY PE,BUY CE,BUY CE
EXIT,2026-04-30,09:07:41,24050,CE,BUY CE,42.0,23996.95,254.05,24061.0,23965.0,18.0,09:16:41,23996.95,254.05,FLIP,9.0,0.00,0.00,0,BUY PE,BUY CE,BUY CE
OPEN,2026-04-30,09:16:41,24000,PE,BUY PE,47.1,23975.15,0.00,23909.0,24008.0,9.0,,0.00,0.00,,0.0,0.00,0.00,0,BUY PE,BUY PE,NO TRADE
OPEN,2026-04-30,09:17:41,23950,PE,BUY PE,47.3,23956.85,171.85,23890.0,23990.0,9.0,,0.00,0.00,,0.0,0.00,0.00,0,BUY PE,BUY PE,NO TRADE
OPEN,2026-04-30,09:21:41,23900,PE,BUY PE,46.2,23914.45,154.30,23847.0,23948.0,9.0,,0.00,0.00,,0.0,0.00,0.00,0,BUY PE,BUY PE,BUY PE
EXIT,2026-04-30,09:16:41,24000,PE,BUY PE,47.1,23975.15,0.00,23909.0,24008.0,9.0,09:22:41,23888.50,233.35,TARGET,6.0,0.36,0.00,0,BUY PE,BUY PE,NO TRADE
EXIT,2026-04-30,09:17:41,23950,PE,BUY PE,47.3,23956.85,171.85,23890.0,23990.0,9.0,09:22:41,23888.50,204.20,TARGET,5.0,0.29,18.82,2103,BUY PE,BUY PE,NO TRADE
OPEN,2026-04-30,09:30:41,23850,PE,BUY PE,45.5,23866.60,173.60,23795.0,23903.0,9.0,,0.00,0.00,,0.0,0.00,0.00,0,BUY PE,BUY PE,BUY PE
EXIT,2026-04-30,09:21:41,23900,PE,BUY PE,46.2,23914.45,154.30,23847.0,23948.0,9.0,09:31:41,23880.20,200.70,TIMEOUT,10.0,0.14,30.07,3016,BUY PE,BUY PE,BUY PE
OPEN,2026-04-30,09:32:41,23900,PE,BUY PE,46.9,23901.80,200.70,23832.0,23937.0,9.0,,0.00,0.00,,0.0,0.00,0.00,0,BUY PE,BUY PE,BUY PE
EXIT,2026-04-30,09:30:41,23850,PE,BUY PE,45.5,23866.60,173.60,23795.0,23903.0,9.0,09:34:41,23906.10,165.00,SL,4.0,-0.17,-4.95,-559,BUY PE,BUY PE,BUY PE
OPEN,2026-04-30,09:36:41,23850,PE,BUY PE,44.8,23899.60,165.00,23829.0,23935.0,9.0,,0.00,0.00,,0.0,0.00,0.00,0,BUY PE,BUY PE,BUY PE
EXIT,2026-04-30,09:32:41,23900,PE,BUY PE,46.9,23901.80,200.70,23832.0,23937.0,9.0,09:41:41,23913.05,180.55,TIMEOUT,9.0,-0.05,-10.04,-1310,BUY PE,BUY PE,BUY PE
OPEN,2026-04-30,09:43:41,23900,PE,BUY PE,42.9,23936.50,188.60,23865.0,23973.0,9.0,,0.00,0.00,,0.0,0.00,0.00,0,BUY PE,BUY PE,BUY PE
EXIT,2026-04-30,09:36:41,23850,PE,BUY PE,44.8,23899.60,165.00,23829.0,23935.0,9.0,09:43:41,23936.50,164.85,SL,7.0,-0.15,-0.09,-10,BUY PE,BUY PE,BUY PE
OPEN,2026-04-30,09:46:41,23950,PE,BUY PE,45.9,23952.10,196.70,23882.0,23987.0,9.0,,0.00,0.00,,0.0,0.00,0.00,0,BUY PE,BUY PE,BUY PE
OPEN,2026-04-30,09:48:41,23850,PE,BUY PE,43.5,23922.45,143.60,23850.0,23958.0,9.0,,0.00,0.00,,0.0,0.00,0.00,0,BUY PE,BUY PE,BUY PE
EXIT,2026-04-30,09:43:41,23900,PE,BUY PE,42.9,23936.50,188.60,23865.0,23973.0,9.0,09:52:41,23912.75,186.35,TIMEOUT,9.0,0.10,-1.19,-146,BUY PE,BUY PE,BUY PE
EXIT,2026-04-30,09:46:41,23950,PE,BUY PE,45.9,23952.10,196.70,23882.0,23987.0,9.0,09:56:41,23897.95,210.80,TIMEOUT,10.0,0.23,7.17,917,BUY PE,BUY PE,BUY PE
EXIT,2026-04-30,09:48:41,23850,PE,BUY PE,43.5,23922.45,143.60,23850.0,23958.0,9.0,09:58:41,23881.25,168.35,TIMEOUT,10.0,0.17,17.24,1609,BUY PE,BUY PE,BUY PE
OPEN,2026-04-30,09:59:41,23850,PE,BUY PE,41.0,23878.90,168.35,23810.0,23913.0,9.0,,0.00,0.00,,0.0,0.00,0.00,0,BUY PE,BUY PE,BUY PE
OPEN,2026-04-30,10:00:41,23800,PE,BUY PE,39.4,23863.05,156.50,23791.0,23899.0,9.0,,0.00,0.00,,0.0,0.00,0.00,0,BUY PE,BUY PE,BUY PE
EXIT,2026-04-30,09:59:41,23850,PE,BUY PE,41.0,23878.90,168.35,23810.0,23913.0,9.0,10:08:41,23847.90,194.10,TIMEOUT,9.0,0.13,15.30,1674,BUY PE,BUY PE,BUY PE
EXIT,2026-04-30,10:00:41,23800,PE,BUY PE,39.4,23863.05,156.50,23791.0,23899.0,9.0,10:10:41,23836.70,174.35,TIMEOUT,10.0,0.11,11.41,1160,BUY PE,BUY PE,BUY PE
OPEN,2026-04-30,10:11:41,23800,PE,BUY PE,37.6,23835.95,174.35,23771.0,23868.0,9.0,,0.00,0.00,,0.0,0.00,0.00,0,BUY PE,BUY PE,BUY PE
EXIT,2026-04-30,10:11:41,23800,PE,BUY PE,37.6,23835.95,174.35,23771.0,23868.0,9.0,10:12:41,23835.95,174.35,FLIP,1.0,0.00,0.00,0,BUY PE,BUY PE,BUY PE
OPEN,2026-04-30,10:12:41,23900,CE,BUY CE,36.2,23831.40,159.15,23896.0,23799.0,18.0,,0.00,0.00,,0.0,0.00,0.00,0,BUY PE,BUY CE,BUY PE
EXIT,2026-04-30,10:12:41,23900,CE,BUY CE,36.2,23831.40,159.15,23896.0,23799.0,18.0,10:15:41,23830.40,158.15,FLIP,3.0,-0.00,-0.63,-65,BUY PE,BUY CE,BUY PE
OPEN,2026-04-30,10:15:41,23800,PE,BUY PE,35.2,23828.05,182.05,23762.0,23861.0,9.0,,0.00,0.00,,0.0,0.00,0.00,0,BUY PE,NO TRADE,BUY CE
EXIT,2026-04-30,10:15:41,23800,PE,BUY PE,35.2,23828.05,182.05,23762.0,23861.0,9.0,10:17:41,23832.75,182.05,FLIP,2.0,-0.02,0.00,0,BUY PE,NO TRADE,BUY CE
OPEN,2026-04-30,10:17:41,23850,CE,BUY CE,37.2,23806.50,180.70,23872.0,23774.0,18.0,,0.00,0.00,,0.0,0.00,0.00,0,BUY CE,BUY CE,BUY CE
EXIT,2026-04-30,10:17:41,23850,CE,BUY CE,37.2,23806.50,180.70,23872.0,23774.0,18.0,10:19:41,23810.00,169.35,FLIP,2.0,0.01,-6.28,-738,BUY CE,BUY CE,BUY CE
OPEN,2026-04-30,10:19:41,23800,PE,BUY PE,37.4,23835.90,196.90,23768.0,23870.0,9.0,,0.00,0.00,,0.0,0.00,0.00,0,BUY PE,BUY PE,BUY CE
OPEN,2026-04-30,10:24:41,23750,PE,BUY PE,36.1,23816.70,161.00,23751.0,23850.0,9.0,,0.00,0.00,,0.0,0.00,0.00,0,BUY PE,BUY PE,BUY CE
EXIT,2026-04-30,10:19:41,23800,PE,BUY PE,37.4,23835.90,196.90,23768.0,23870.0,9.0,10:28:41,23826.25,192.25,TIMEOUT,9.0,0.04,-2.36,-302,BUY PE,BUY PE,BUY CE
OPEN,2026-04-30,10:29:41,23800,PE,BUY PE,38.0,23825.65,192.25,23762.0,23858.0,9.0,,0.00,0.00,,0.0,0.00,0.00,0,BUY PE,BUY PE,BUY PE
EXIT,2026-04-30,10:24:41,23750,PE,BUY PE,36.1,23816.70,161.00,23751.0,23850.0,9.0,10:33:41,23831.65,159.20,TIMEOUT,9.0,-0.06,-1.12,-117,BUY PE,BUY PE,BUY CE
OPEN,2026-04-30,10:34:41,23750,PE,BUY PE,37.1,23824.60,159.20,23763.0,23856.0,9.0,,0.00,0.00,,0.0,0.00,0.00,0,BUY PE,BUY PE,BUY PE
EXIT,2026-04-30,10:29:41,23800,PE,BUY PE,38.0,23825.65,192.25,23762.0,23858.0,9.0,10:39:41,23849.75,178.00,TIMEOUT,10.0,-0.10,-7.41,-926,BUY PE,BUY PE,BUY PE
OPEN,2026-04-30,10:40:41,23800,PE,BUY PE,38.0,23853.00,178.00,23792.0,23884.0,9.0,,0.00,0.00,,0.0,0.00,0.00,0,BUY PE,BUY PE,BUY PE
EXIT,2026-04-30,10:34:41,23750,PE,BUY PE,37.1,23824.60,159.20,23763.0,23856.0,9.0,10:43:41,23835.45,155.45,TIMEOUT,9.0,-0.05,-2.36,-244,BUY PE,BUY PE,BUY PE
OPEN,2026-04-30,10:45:41,23750,PE,BUY PE,35.7,23823.50,155.45,23761.0,23855.0,9.0,,0.00,0.00,,0.0,0.00,0.00,0,BUY PE,BUY PE,BUY PE
EXIT,2026-04-30,10:40:41,23800,PE,BUY PE,38.0,23853.00,178.00,23792.0,23884.0,9.0,10:50:41,23814.20,187.65,TIMEOUT,10.0,0.16,5.42,627,BUY PE,BUY PE,BUY PE
EXIT,2026-04-30,10:45:41,23750,PE,BUY PE,35.7,23823.50,155.45,23761.0,23855.0,9.0,10:55:41,23806.85,169.00,TIMEOUT,10.0,0.07,8.72,881,BUY PE,BUY PE,BUY PE
OPEN,2026-04-30,12:20:41,23950,CE,BUY CE,36.8,23879.70,161.55,23927.0,23856.0,18.0,,0.00,0.00,,0.0,0.00,0.00,0,BUY CE,BUY CE,BUY CE
EXIT,2026-04-30,12:20:41,23950,CE,BUY CE,36.8,23879.70,161.55,23927.0,23856.0,18.0,12:39:41,23902.25,165.80,TIMEOUT,19.0,0.09,2.63,276,BUY CE,BUY CE,BUY CE
OPEN,2026-04-30,12:40:41,23850,PE,BUY PE,35.5,23905.15,156.20,23857.0,23929.0,9.0,,0.00,0.00,,0.0,0.00,0.00,0,BUY CE,BUY PE,BUY PE
EXIT,2026-04-30,12:40:41,23850,PE,BUY PE,35.5,23905.15,156.20,23857.0,23929.0,9.0,12:44:41,23908.35,152.25,FLIP,4.0,-0.01,-2.53,-257,BUY CE,BUY PE,BUY PE
OPEN,2026-04-30,12:44:41,23950,CE,BUY CE,35.2,23906.95,169.50,23954.0,23883.0,18.0,,0.00,0.00,,0.0,0.00,0.00,0,BUY CE,BUY CE,BUY CE
OPEN,2026-04-30,13:01:41,24000,CE,BUY CE,35.4,23937.95,158.35,23980.0,23917.0,18.0,,0.00,0.00,,0.0,0.00,0.00,0,NO TRADE,BUY CE,NO TRADE
EXIT,2026-04-30,12:44:41,23950,CE,BUY CE,35.2,23906.95,169.50,23954.0,23883.0,18.0,13:02:41,23933.80,183.15,TIMEOUT,18.0,0.11,8.05,887,BUY CE,BUY CE,BUY CE
OPEN,2026-04-30,13:05:41,23950,CE,BUY CE,36.0,23924.75,177.85,23968.0,23903.0,18.0,,0.00,0.00,,0.0,0.00,0.00,0,NO TRADE,BUY CE,BUY PE
EXIT,2026-04-30,13:01:41,24000,CE,BUY CE,35.4,23937.95,158.35,23980.0,23917.0,18.0,13:19:41,23941.10,154.40,TIMEOUT,18.0,0.01,-2.49,-257,NO TRADE,BUY CE,NO TRADE
OPEN,2026-04-30,13:20:41,24000,CE,BUY CE,35.5,23947.60,154.40,23992.0,23926.0,18.0,,0.00,0.00,,0.0,0.00,0.00,0,BUY CE,BUY CE,BUY PE
EXIT,2026-04-30,13:05:41,23950,CE,BUY CE,36.0,23924.75,177.85,23968.0,23903.0,18.0,13:23:41,23959.20,177.60,TIMEOUT,18.0,0.14,-0.14,-16,NO TRADE,BUY CE,BUY PE
OPEN,2026-04-30,13:27:41,24050,CE,BUY CE,35.8,23976.15,148.85,24021.0,23954.0,18.0,,0.00,0.00,,0.0,0.00,0.00,0,BUY CE,BUY CE,BUY PE
EXIT,2026-04-30,13:20:41,24000,CE,BUY CE,35.5,23947.60,154.40,23992.0,23926.0,18.0,13:36:41,23993.35,176.20,TARGET,16.0,0.19,14.12,1417,BUY CE,BUY CE,BUY PE
EXIT,2026-04-30,13:27:41,24050,CE,BUY CE,35.8,23976.15,148.85,24021.0,23954.0,18.0,13:43:41,24010.50,153.70,FLIP,16.0,0.14,3.26,315,BUY CE,BUY CE,BUY PE
OPEN,2026-04-30,13:43:41,23950,PE,BUY PE,36.8,24019.00,146.85,23971.0,24043.0,9.0,,0.00,0.00,,0.0,0.00,0.00,0,BUY CE,BUY PE,BUY CE
OPEN,2026-04-30,13:44:41,24000,PE,BUY PE,37.3,24025.45,169.45,23977.0,24049.0,9.0,,0.00,0.00,,0.0,0.00,0.00,0,BUY CE,BUY PE,BUY CE
EXIT,2026-04-30,13:43:41,23950,PE,BUY PE,36.8,24019.00,146.85,23971.0,24043.0,9.0,13:48:41,24036.60,138.25,FLIP,5.0,-0.07,-5.86,-559,BUY CE,BUY PE,BUY CE
EXIT,2026-04-30,13:44:41,24000,PE,BUY PE,37.3,24025.45,169.45,23977.0,24049.0,9.0,13:48:41,24036.60,158.90,FLIP,4.0,-0.05,-6.23,-686,BUY CE,BUY PE,BUY CE
OPEN,2026-04-30,13:48:41,24050,CE,BUY CE,38.4,24024.65,186.15,24074.0,24000.0,18.0,,0.00,0.00,,0.0,0.00,0.00,0,BUY CE,BUY CE,BUY CE
OPEN,2026-04-30,13:49:41,24100,CE,BUY CE,36.9,24037.00,161.05,24086.0,24013.0,18.0,,0.00,0.00,,0.0,0.00,0.00,0,BUY CE,BUY PE,BUY CE
EXIT,2026-04-30,13:48:41,24050,CE,BUY CE,38.4,24024.65,186.15,24074.0,24000.0,18.0,14:07:41,24022.10,185.25,TIMEOUT,19.0,-0.01,-0.48,-59,BUY CE,BUY CE,BUY CE
OPEN,2026-04-30,14:08:41,24050,CE,BUY CE,38.3,24019.95,176.00,24068.0,23996.0,18.0,,0.00,0.00,,0.0,0.00,0.00,0,BUY PE,BUY CE,BUY PE
EXIT,2026-04-30,13:49:41,24100,CE,BUY CE,36.9,24037.00,161.05,24086.0,24013.0,18.0,14:08:41,24019.95,151.80,TIMEOUT,19.0,-0.07,-5.74,-601,BUY CE,BUY PE,BUY CE
EXIT,2026-04-30,14:08:41,24050,CE,BUY CE,38.3,24019.95,176.00,24068.0,23996.0,18.0,14:09:41,24019.95,176.00,FLIP,1.0,0.00,0.00,0,BUY PE,BUY CE,BUY PE
OPEN,2026-04-30,14:09:41,23950,PE,BUY PE,37.5,24024.75,143.95,23977.0,24049.0,9.0,,0.00,0.00,,0.0,0.00,0.00,0,BUY PE,BUY PE,BUY PE
EXIT,2026-04-30,14:09:41,23950,PE,BUY PE,37.5,24024.75,143.95,23977.0,24049.0,9.0,14:10:41,24024.75,143.95,FLIP,1.0,0.00,0.00,0,BUY PE,BUY PE,BUY PE
OPEN,2026-04-30,14:10:41,24100,CE,BUY CE,37.7,24042.50,151.80,24092.0,24018.0,18.0,,0.00,0.00,,0.0,0.00,0.00,0,BUY PE,BUY CE,BUY PE
EXIT,2026-04-30,14:10:41,24100,CE,BUY CE,37.7,24042.50,151.80,24092.0,24018.0,18.0,14:14:41,24039.30,162.90,FLIP,4.0,-0.01,7.31,721,BUY PE,BUY CE,BUY PE
OPEN,2026-04-30,14:14:41,23950,PE,BUY PE,38.3,24024.45,142.70,23976.0,24048.0,9.0,,0.00,0.00,,0.0,0.00,0.00,0,BUY PE,BUY CE,BUY PE
OPEN,2026-04-30,14:15:41,24000,PE,BUY PE,38.1,24027.05,164.40,23978.0,24052.0,9.0,,0.00,0.00,,0.0,0.00,0.00,0,BUY PE,BUY CE,BUY PE
EXIT,2026-04-30,14:14:41,23950,PE,BUY PE,38.3,24024.45,142.70,23976.0,24048.0,9.0,14:17:41,24027.95,142.85,FLIP,3.0,-0.01,0.11,10,BUY PE,BUY CE,BUY PE
EXIT,2026-04-30,14:15:41,24000,PE,BUY PE,38.1,24027.05,164.40,23978.0,24052.0,9.0,14:17:41,24027.95,164.40,FLIP,2.0,-0.00,0.00,0,BUY PE,BUY CE,BUY PE
OPEN,2026-04-30,14:17:41,24050,CE,BUY CE,38.8,24013.90,174.00,24063.0,23989.0,18.0,,0.00,0.00,,0.0,0.00,0.00,0,BUY PE,BUY CE,BUY PE
EXIT,2026-04-30,14:17:41,24050,CE,BUY CE,38.8,24013.90,174.00,24063.0,23989.0,18.0,14:19:41,24002.30,174.00,FLIP,2.0,-0.05,0.00,0,BUY PE,BUY CE,BUY PE
OPEN,2026-04-30,14:19:41,23950,PE,BUY PE,40.0,23997.55,145.90,23947.0,24023.0,9.0,,0.00,0.00,,0.0,0.00,0.00,0,BUY PE,BUY PE,BUY PE
EXIT,2026-04-30,14:19:41,23950,PE,BUY PE,40.0,23997.55,145.90,23947.0,24023.0,9.0,14:28:41,23989.05,156.00,TIMEOUT,9.0,0.04,6.92,656,BUY PE,BUY PE,BUY PE
OPEN,2026-04-30,14:29:41,23950,PE,BUY PE,40.1,24008.70,156.00,23956.0,24035.0,9.0,,0.00,0.00,,0.0,0.00,0.00,0,BUY PE,BUY PE,BUY PE
OPEN,2026-04-30,14:34:41,24000,PE,BUY PE,41.0,24032.45,165.10,23981.0,24058.0,9.0,,0.00,0.00,,0.0,0.00,0.00,0,BUY PE,BUY PE,BUY PE
EXIT,2026-04-30,14:29:41,23950,PE,BUY PE,40.1,24008.70,156.00,23956.0,24035.0,9.0,14:35:41,24038.40,143.75,SL,6.0,-0.12,-7.85,-796,BUY PE,BUY PE,BUY PE
EXIT,2026-04-30,14:34:41,24000,PE,BUY PE,41.0,24032.45,165.10,23981.0,24058.0,9.0,14:40:41,24059.60,150.65,SL,6.0,-0.11,-8.75,-939,BUY PE,BUY PE,BUY PE
OPEN,2026-04-30,14:41:41,24000,PE,BUY PE,39.1,24055.05,148.90,24005.0,24080.0,9.0,,0.00,0.00,,0.0,0.00,0.00,0,BUY PE,BUY CE,BUY CE
EXIT,2026-04-30,14:41:41,24000,PE,BUY PE,39.1,24055.05,148.90,24005.0,24080.0,9.0,14:42:41,24055.05,148.90,FLIP,1.0,0.00,0.00,0,BUY PE,BUY CE,BUY CE
OPEN,2026-04-30,14:42:41,24100,CE,BUY CE,39.2,24070.80,169.00,24123.0,24045.0,18.0,,0.00,0.00,,0.0,0.00,0.00,0,BUY CE,BUY PE,BUY CE
OPEN,2026-04-30,14:43:41,24150,CE,BUY CE,40.2,24082.45,145.50,24134.0,24056.0,18.0,,0.00,0.00,,0.0,0.00,0.00,0,BUY CE,BUY CE,BUY CE
EXIT,2026-04-30,14:42:41,24100,CE,BUY CE,39.2,24070.80,169.00,24123.0,24045.0,18.0,14:46:41,24076.70,181.55,FLIP,4.0,0.02,7.43,816,BUY CE,BUY PE,BUY CE
EXIT,2026-04-30,14:43:41,24150,CE,BUY CE,40.2,24082.45,145.50,24134.0,24056.0,18.0,14:46:41,24076.70,157.35,FLIP,3.0,-0.02,8.14,770,BUY CE,BUY CE,BUY CE
OPEN,2026-04-30,14:46:41,24000,PE,BUY PE,40.1,24062.75,139.50,24011.0,24089.0,9.0,,0.00,0.00,,0.0,0.00,0.00,0,BUY PE,BUY PE,BUY CE
OPEN,2026-04-30,14:50:41,23950,PE,BUY PE,42.6,24021.50,134.00,23965.0,24050.0,9.0,,0.00,0.00,,0.0,0.00,0.00,0,BUY PE,BUY PE,BUY PE
EXIT,2026-04-30,14:46:41,24000,PE,BUY PE,40.1,24062.75,139.50,24011.0,24089.0,9.0,14:56:41,24024.10,163.40,TIMEOUT,10.0,0.16,17.13,1554,BUY PE,BUY PE,BUY CE
OPEN,2026-04-30,14:57:41,24000,PE,BUY PE,43.2,24028.10,160.30,23975.0,24055.0,9.0,,0.00,0.00,,0.0,0.00,0.00,0,BUY PE,BUY PE,BUY PE
EXIT,2026-04-30,14:50:41,23950,PE,BUY PE,42.6,24021.50,134.00,23965.0,24050.0,9.0,14:59:41,24053.05,137.70,SL,9.0,-0.13,2.76,240,BUY PE,BUY PE,BUY PE
EXIT,2026-04-30,14:57:41,24000,PE,BUY PE,43.2,24028.10,160.30,23975.0,24055.0,9.0,15:00:41,24053.05,158.45,FLIP,3.0,-0.10,-1.15,-120,BUY PE,BUY PE,BUY PE
OPEN,2026-04-30,15:00:41,24000,CE,BUY CE,48.2,24022.60,204.00,24082.0,23993.0,29.0,,0.00,0.00,,0.0,0.00,0.00,0,BUY CE,BUY CE,BUY PE
EXIT,2026-04-30,15:00:41,24000,CE,BUY CE,48.2,24022.60,204.00,24082.0,23993.0,29.0,15:03:41,23999.50,208.00,FLIP,3.0,-0.10,1.96,260,BUY CE,BUY CE,BUY PE
OPEN,2026-04-30,15:03:41,23950,PE,BUY PE,44.8,24005.95,135.75,23948.0,24035.0,9.0,,0.00,0.00,,0.0,0.00,0.00,0,BUY CE,BUY PE,BUY PE
EXIT,2026-04-30,15:03:41,23950,PE,BUY PE,44.8,24005.95,135.75,23948.0,24035.0,9.0,15:04:41,24005.95,135.75,FLIP,1.0,0.00,0.00,0,BUY CE,BUY PE,BUY PE
OPEN,2026-04-30,15:04:41,24000,CE,BUY CE,46.7,24006.65,212.15,24067.0,23977.0,25.0,,0.00,0.00,,0.0,0.00,0.00,0,BUY CE,BUY CE,BUY PE
OPEN,2026-04-30,15:05:41,24050,CE,BUY CE,44.9,23991.60,184.75,24052.0,23962.0,18.0,,0.00,0.00,,0.0,0.00,0.00,0,BUY PE,BUY CE,BUY PE
EXIT,2026-04-30,15:04:41,24000,CE,BUY CE,46.7,24006.65,212.15,24067.0,23977.0,25.0,15:06:41,23991.60,212.15,FLIP,2.0,-0.06,0.00,0,BUY CE,BUY CE,BUY PE
EXIT,2026-04-30,15:05:41,24050,CE,BUY CE,44.9,23991.60,184.75,24052.0,23962.0,18.0,15:06:41,23991.60,184.75,FLIP,1.0,0.00,0.00,0,BUY PE,BUY CE,BUY PE
OPEN,2026-04-30,15:06:41,24000,PE,BUY PE,46.1,23990.70,153.85,23934.0,24019.0,9.0,,0.00,0.00,,0.0,0.00,0.00,0,BUY PE,BUY PE,BUY PE
OPEN,2026-04-30,15:09:41,23950,PE,BUY PE,45.2,23968.30,144.60,23908.0,23998.0,9.0,,0.00,0.00,,0.0,0.00,0.00,0,BUY PE,BUY PE,BUY CE
EXIT,2026-04-30,15:06:41,24000,PE,BUY PE,46.1,23990.70,153.85,23934.0,24019.0,9.0,15:15:41,23988.90,173.75,TIMEOUT,9.0,0.01,12.93,1294,BUY PE,BUY PE,BUY PE
OPEN,2026-04-30,15:16:41,24000,PE,BUY PE,46.5,23989.05,165.90,23933.0,24017.0,9.0,,0.00,0.00,,0.0,0.00,0.00,0,BUY PE,BUY PE,BUY PE
EXIT,2026-04-30,15:09:41,23950,PE,BUY PE,45.2,23968.30,144.60,23908.0,23998.0,9.0,15:17:41,24001.80,144.75,SL,8.0,-0.14,0.10,10,BUY PE,BUY PE,BUY CE
OPEN,2026-04-30,15:18:41,23950,PE,BUY PE,44.7,23999.40,144.75,23940.0,24029.0,9.0,,0.00,0.00,,0.0,0.00,0.00,0,BUY CE,BUY PE,BUY PE
EXIT,2026-04-30,15:16:41,24000,PE,BUY PE,46.5,23989.05,165.90,23933.0,24017.0,9.0,15:20:41,24004.45,152.95,FLIP,4.0,-0.06,-7.81,-842,BUY PE,BUY PE,BUY PE
EXIT,2026-04-30,15:18:41,23950,PE,BUY PE,44.7,23999.40,144.75,23940.0,24029.0,9.0,15:20:41,24004.45,133.05,FLIP,2.0,-0.02,-8.08,-760,BUY CE,BUY PE,BUY PE
OPEN,2026-04-30,15:20:41,24000,CE,BUY CE,45.6,24002.95,213.40,24061.0,23974.0,9.0,,0.00,0.00,,0.0,0.00,0.00,0,BUY CE,BUY PE,BUY PE
EXIT,2026-04-30,15:20:41,24000,CE,BUY CE,45.6,24002.95,213.40,24061.0,23974.0,9.0,15:22:41,24000.50,213.40,FLIP,2.0,-0.01,0.00,0,BUY CE,BUY PE,BUY PE
OPEN,2026-04-30,15:22:41,24000,PE,BUY PE,45.1,23990.60,155.95,23935.0,24019.0,7.0,,0.00,0.00,,0.0,0.00,0.00,0,BUY CE,BUY PE,BUY PE
EXIT,2026-04-30,15:22:41,24000,PE,BUY PE,45.1,23990.60,155.95,23935.0,24019.0,7.0,15:23:41,23990.60,155.95,FLIP,1.0,0.00,0.00,0,BUY CE,BUY PE,BUY PE
OPEN,2026-04-30,15:23:41,24000,CE,BUY CE,45.6,23999.75,210.40,24058.0,23971.0,6.0,,0.00,0.00,,0.0,0.00,0.00,0,BUY CE,BUY PE,BUY PE
OPEN,2026-04-30,15:28:41,24050,CE,BUY CE,45.5,24039.85,193.15,24098.0,24011.0,1.0,,0.00,0.00,,0.0,0.00,0.00,0,BUY CE,BUY PE,BUY CE
EXIT,2026-04-30,15:23:41,24000,CE,BUY CE,45.6,23999.75,210.40,24058.0,23971.0,6.0,15:29:41,24035.75,221.10,TIMEOUT,6.0,0.15,5.09,695,BUY CE,BUY PE,BUY PE
EXIT,2026-04-30,15:28:41,24050,CE,BUY CE,45.5,24039.85,193.15,24098.0,24011.0,1.0,15:29:41,24035.75,193.15,TIMEOUT,1.0,-0.02,0.00,0,BUY CE,BUY PE,BUY CE
OPEN,2026-04-30,15:30:41,24050,CE,BUY CE,45.1,24044.35,196.20,24103.0,24015.0,25.0,,0.00,0.00,,0.0,0.00,0.00,0,BUY CE,BUY PE,BUY CE
EXIT,2026-04-30,15:30:41,24050,CE,BUY CE,45.1,24044.35,196.20,24103.0,24015.0,25.0,15:30:41,24044.35,196.20,EOD,0.0,0.00,0.00,0,BUY CE,BUY PE,BUY CE
OPEN,2026-05-01,09:00:12,23950,PE,BUY PE,44.4,23997.55,122.25,23932.0,24031.0,9.0,,0.00,0.00,,0.0,0.00,0.00,0,BUY PE,BUY PE,BUY PE
EXIT,2026-05-01,09:00:12,23950,PE,BUY PE,44.4,23997.55,122.25,23932.0,24031.0,9.0,09:10:12,23997.55,122.25,TIMEOUT,10.0,0.00,0.00,0,BUY PE,BUY PE,BUY PE
OPEN,2026-05-01,09:11:12,23950,PE,BUY PE,44.4,23997.55,122.25,23932.0,24031.0,9.0,,0.00,0.00,,0.0,0.00,0.00,0,BUY PE,BUY PE,BUY PE
OPEN,2026-05-04,09:16:12,24200,PE,BUY PE,47.4,24178.05,244.05,24096.0,24219.0,9.0,,0.00,0.00,,0.0,0.00,0.00,0,BUY PE,BUY PE,NO TRADE
OPEN,2026-05-04,09:24:12,24150,PE,BUY PE,46.7,24173.95,83.35,24092.0,24215.0,9.0,,0.00,0.00,,0.0,0.00,0.00,0,BUY PE,BUY PE,BUY PE
EXIT,2026-05-04,09:16:12,24200,PE,BUY PE,47.4,24178.05,244.05,24096.0,24219.0,9.0,09:25:12,24188.90,118.30,TIMEOUT,9.0,-0.04,-51.53,-8174,BUY PE,BUY PE,NO TRADE
OPEN,2026-05-04,09:26:12,24200,PE,BUY PE,47.3,24195.55,118.30,24117.0,24235.0,9.0,,0.00,0.00,,0.0,0.00,0.00,0,BUY PE,BUY PE,BUY PE
EXIT,2026-05-04,09:24:12,24150,PE,BUY PE,46.7,24173.95,83.35,24092.0,24215.0,9.0,09:30:12,24219.95,81.60,SL,6.0,-0.19,-2.10,-114,BUY PE,BUY PE,BUY PE
OPEN,2026-05-04,09:31:12,24250,PE,BUY PE,45.7,24230.90,120.95,24152.0,24270.0,9.0,,0.00,0.00,,0.0,0.00,0.00,0,BUY PE,BUY PE,BUY PE
OPEN,2026-05-04,09:33:12,24150,PE,BUY PE,44.9,24181.05,74.90,24098.0,24223.0,9.0,,0.00,0.00,,0.0,0.00,0.00,0,BUY PE,BUY PE,BUY PE
EXIT,2026-05-04,09:26:12,24200,PE,BUY PE,47.3,24195.55,118.30,24117.0,24235.0,9.0,09:35:12,24245.10,95.30,SL,9.0,-0.20,-19.44,-1495,BUY PE,BUY PE,BUY PE
EXIT,2026-05-04,09:33:12,24150,PE,BUY PE,44.9,24181.05,74.90,24098.0,24223.0,9.0,09:35:12,24245.10,77.85,SL,2.0,-0.26,3.94,192,BUY PE,BUY PE,BUY PE
OPEN,2026-05-04,09:36:12,24200,PE,BUY PE,43.2,24245.90,95.30,24166.0,24286.0,9.0,,0.00,0.00,,0.0,0.00,0.00,0,BUY PE,BUY PE,BUY PE
EXIT,2026-05-04,09:31:12,24250,PE,BUY PE,45.7,24230.90,120.95,24152.0,24270.0,9.0,09:41:12,24278.30,94.30,SL,10.0,-0.20,-22.03,-1732,BUY PE,BUY PE,BUY PE
OPEN,2026-05-04,09:42:12,24250,PE,BUY PE,44.2,24285.80,94.30,24205.0,24326.0,9.0,,0.00,0.00,,0.0,0.00,0.00,0,BUY PE,BUY PE,BUY PE
EXIT,2026-05-04,09:36:12,24200,PE,BUY PE,43.2,24245.90,95.30,24166.0,24286.0,9.0,09:45:12,24282.15,70.65,TIMEOUT,9.0,-0.15,-25.87,-1602,BUY PE,BUY PE,BUY PE
EXIT,2026-05-04,09:42:12,24250,PE,BUY PE,44.2,24285.80,94.30,24205.0,24326.0,9.0,09:46:12,24282.15,88.25,FLIP,4.0,0.02,-6.42,-393,BUY PE,BUY PE,BUY PE
OPEN,2026-05-04,09:46:12,24300,CE,BUY CE,41.0,24272.65,123.35,24350.0,24234.0,18.0,,0.00,0.00,,0.0,0.00,0.00,0,BUY PE,BUY CE,BUY PE
EXIT,2026-05-04,09:46:12,24300,CE,BUY CE,41.0,24272.65,123.35,24350.0,24234.0,18.0,09:47:12,24272.65,123.35,FLIP,1.0,0.00,0.00,0,BUY PE,BUY CE,BUY PE
OPEN,2026-05-04,09:47:12,24200,PE,BUY PE,40.0,24271.20,69.70,24194.0,24310.0,9.0,,0.00,0.00,,0.0,0.00,0.00,0,BUY PE,BUY CE,BUY PE
OPEN,2026-05-04,09:48:12,24250,PE,BUY PE,42.2,24279.55,87.35,24203.0,24318.0,9.0,,0.00,0.00,,0.0,0.00,0.00,0,BUY PE,BUY PE,BUY PE
EXIT,2026-05-04,09:47:12,24200,PE,BUY PE,40.0,24271.20,69.70,24194.0,24310.0,9.0,09:56:12,24245.55,91.45,TIMEOUT,9.0,0.11,31.21,1414,BUY PE,BUY CE,BUY PE
OPEN,2026-05-04,09:57:12,24200,PE,BUY PE,40.7,24239.90,91.45,24165.0,24277.0,9.0,,0.00,0.00,,0.0,0.00,0.00,0,BUY PE,BUY PE,BUY PE
EXIT,2026-05-04,09:48:12,24250,PE,BUY PE,42.2,24279.55,87.35,24203.0,24318.0,9.0,09:58:12,24244.05,105.05,TIMEOUT,10.0,0.15,20.26,1151,BUY PE,BUY PE,BUY PE
OPEN,2026-05-04,10:04:12,24150,PE,BUY PE,39.0,24222.10,65.10,24146.0,24260.0,9.0,,0.00,0.00,,0.0,0.00,0.00,0,BUY PE,BUY PE,BUY PE
EXIT,2026-05-04,09:57:12,24200,PE,BUY PE,40.7,24239.90,91.45,24165.0,24277.0,9.0,10:07:12,24233.15,90.00,TIMEOUT,10.0,0.03,-1.59,-94,BUY PE,BUY PE,BUY PE
OPEN,2026-05-04,10:08:12,24200,PE,BUY PE,39.8,24229.10,90.25,24155.0,24266.0,9.0,,0.00,0.00,,0.0,0.00,0.00,0,BUY PE,BUY PE,BUY PE
EXIT,2026-05-04,10:04:12,24150,PE,BUY PE,39.0,24222.10,65.10,24146.0,24260.0,9.0,10:14:12,24178.05,93.05,TIMEOUT,10.0,0.18,42.93,1817,BUY PE,BUY PE,BUY PE
OPEN,2026-05-04,10:15:12,24150,PE,BUY PE,39.4,24177.10,93.05,24101.0,24215.0,9.0,,0.00,0.00,,0.0,0.00,0.00,0,BUY PE,BUY PE,BUY PE
OPEN,2026-05-04,10:17:12,24100,PE,BUY PE,39.0,24170.90,77.55,24098.0,24207.0,9.0,,0.00,0.00,,0.0,0.00,0.00,0,BUY PE,BUY PE,BUY PE
EXIT,2026-05-04,10:08:12,24200,PE,BUY PE,39.8,24229.10,90.25,24155.0,24266.0,9.0,10:18:12,24164.90,118.00,TIMEOUT,10.0,0.26,30.75,1804,BUY PE,BUY PE,BUY PE
EXIT,2026-05-04,10:15:12,24150,PE,BUY PE,39.4,24177.10,93.05,24101.0,24215.0,9.0,10:24:12,24164.90,114.50,FLIP,9.0,0.05,23.05,1394,BUY PE,BUY PE,BUY PE
EXIT,2026-05-04,10:17:12,24100,PE,BUY PE,39.0,24170.90,77.55,24098.0,24207.0,9.0,10:24:12,24164.90,92.45,FLIP,7.0,0.02,19.21,969,BUY PE,BUY PE,BUY PE
OPEN,2026-05-04,10:24:12,24200,CE,BUY CE,36.2,24151.40,120.55,24225.0,24114.0,18.0,,0.00,0.00,,0.0,0.00,0.00,0,BUY PE,BUY CE,BUY PE
EXIT,2026-05-04,10:24:12,24200,CE,BUY CE,36.2,24151.40,120.55,24225.0,24114.0,18.0,10:25:12,24151.40,120.55,FLIP,1.0,0.00,0.00,0,BUY PE,BUY CE,BUY PE
OPEN,2026-05-04,10:25:12,24100,PE,BUY PE,37.3,24152.50,92.45,24079.0,24190.0,9.0,,0.00,0.00,,0.0,0.00,0.00,0,BUY PE,BUY PE,BUY PE
OPEN,2026-05-04,10:29:12,24150,PE,BUY PE,40.2,24181.40,112.80,24109.0,24217.0,9.0,,0.00,0.00,,0.0,0.00,0.00,0,BUY PE,BUY PE,BUY PE
EXIT,2026-05-04,10:25:12,24100,PE,BUY PE,37.3,24152.50,92.45,24079.0,24190.0,9.0,10:30:12,24199.20,91.70,SL,5.0,-0.19,-0.81,-49,BUY PE,BUY PE,BUY PE
EXIT,2026-05-04,10:29:12,24150,PE,BUY PE,40.2,24181.40,112.80,24109.0,24217.0,9.0,10:32:12,24222.25,74.50,SL,3.0,-0.17,-33.95,-2490,BUY PE,BUY PE,BUY PE
OPEN,2026-05-04,10:33:12,24150,PE,BUY PE,41.3,24199.80,74.50,24126.0,24237.0,9.0,,0.00,0.00,,0.0,0.00,0.00,0,BUY PE,BUY PE,BUY PE
EXIT,2026-05-04,10:33:12,24150,PE,BUY PE,41.3,24199.80,74.50,24126.0,24237.0,9.0,10:43:12,24208.90,76.65,TIMEOUT,10.0,-0.04,2.89,140,BUY PE,BUY PE,BUY PE
OPEN,2026-05-04,10:44:12,24150,PE,BUY PE,39.0,24221.25,76.05,24149.0,24257.0,9.0,,0.00,0.00,,0.0,0.00,0.00,0,BUY PE,BUY PE,BUY CE
OPEN,2026-05-04,10:49:12,24200,PE,BUY PE,36.4,24234.20,93.70,24165.0,24269.0,9.0,,0.00,0.00,,0.0,0.00,0.00,0,BUY PE,NO TRADE,BUY PE
EXIT,2026-05-04,10:44:12,24150,PE,BUY PE,39.0,24221.25,76.05,24149.0,24257.0,9.0,10:53:12,24225.95,68.25,TIMEOUT,9.0,-0.02,-10.26,-507,BUY PE,BUY PE,BUY CE
OPEN,2026-05-04,10:58:12,24150,PE,BUY PE,35.4,24193.80,77.35,24127.0,24227.0,9.0,,0.00,0.00,,0.0,0.00,0.00,0,BUY PE,BUY PE,BUY PE
EXIT,2026-05-04,10:49:12,24200,PE,BUY PE,36.4,24234.20,93.70,24165.0,24269.0,9.0,10:58:12,24193.80,96.65,TIMEOUT,9.0,0.17,3.15,192,BUY PE,NO TRADE,BUY PE
EXIT,2026-05-04,10:58:12,24150,PE,BUY PE,35.4,24193.80,77.35,24127.0,24227.0,9.0,11:08:12,24206.60,81.55,TIMEOUT,10.0,-0.05,5.43,273,BUY PE,BUY PE,BUY PE
OPEN,2026-05-04,12:11:12,24200,CE,BUY CE,35.9,24165.35,126.30,24215.0,24140.0,18.0,,0.00,0.00,,0.0,0.00,0.00,0,BUY CE,BUY CE,BUY PE
EXIT,2026-05-04,12:11:12,24200,CE,BUY CE,35.9,24165.35,126.30,24215.0,24140.0,18.0,12:13:12,24132.80,107.20,SL,2.0,-0.13,-15.12,-1241,BUY CE,BUY CE,BUY PE
OPEN,2026-05-04,12:14:12,24150,CE,BUY CE,41.4,24121.00,131.20,24177.0,24093.0,18.0,,0.00,0.00,,0.0,0.00,0.00,0,BUY CE,BUY CE,BUY PE
OPEN,2026-05-04,12:16:12,24200,CE,BUY CE,38.6,24125.15,100.50,24180.0,24098.0,18.0,,0.00,0.00,,0.0,0.00,0.00,0,BUY PE,BUY CE,BUY PE
EXIT,2026-05-04,12:14:12,24150,CE,BUY CE,41.4,24121.00,131.20,24177.0,24093.0,18.0,12:19:12,24115.15,123.40,FLIP,5.0,-0.02,-5.95,-507,BUY CE,BUY CE,BUY PE
EXIT,2026-05-04,12:16:12,24200,CE,BUY CE,38.6,24125.15,100.50,24180.0,24098.0,18.0,12:19:12,24115.15,100.50,FLIP,3.0,-0.04,0.00,0,BUY PE,BUY CE,BUY PE
OPEN,2026-05-04,12:19:12,24100,PE,BUY PE,38.2,24137.85,101.75,24081.0,24166.0,9.0,,0.00,0.00,,0.0,0.00,0.00,0,BUY PE,BUY PE,BUY PE
EXIT,2026-05-04,12:19:12,24100,PE,BUY PE,38.2,24137.85,101.75,24081.0,24166.0,9.0,12:22:12,24139.70,84.70,FLIP,3.0,-0.01,-16.76,-1108,BUY PE,BUY PE,BUY PE
OPEN,2026-05-04,12:22:12,24150,CE,BUY CE,37.7,24124.65,133.05,24183.0,24096.0,18.0,,0.00,0.00,,0.0,0.00,0.00,0,BUY PE,BUY CE,BUY PE
EXIT,2026-05-04,12:22:12,24150,CE,BUY CE,37.7,24124.65,133.05,24183.0,24096.0,18.0,12:23:12,24124.65,133.05,FLIP,1.0,0.00,0.00,0,BUY PE,BUY CE,BUY PE
OPEN,2026-05-04,12:23:12,24100,PE,BUY PE,38.3,24133.45,84.70,24074.0,24163.0,9.0,,0.00,0.00,,0.0,0.00,0.00,0,BUY PE,BUY PE,BUY PE
OPEN,2026-05-04,12:31:12,24050,PE,BUY PE,37.6,24120.70,72.90,24067.0,24148.0,9.0,,0.00,0.00,,0.0,0.00,0.00,0,BUY PE,BUY PE,BUY PE
EXIT,2026-05-04,12:23:12,24100,PE,BUY PE,38.3,24133.45,84.70,24074.0,24163.0,9.0,12:32:12,24116.60,92.20,TIMEOUT,9.0,0.07,8.85,488,BUY PE,BUY PE,BUY PE
OPEN,2026-05-04,12:33:12,24100,PE,BUY PE,38.0,24126.40,102.05,24070.0,24154.0,9.0,,0.00,0.00,,0.0,0.00,0.00,0,BUY PE,BUY PE,BUY PE
EXIT,2026-05-04,12:31:12,24050,PE,BUY PE,37.6,24120.70,72.90,24067.0,24148.0,9.0,12:34:12,24126.40,81.85,FLIP,3.0,-0.02,12.28,582,BUY PE,BUY PE,BUY PE
EXIT,2026-05-04,12:33:12,24100,PE,BUY PE,38.0,24126.40,102.05,24070.0,24154.0,9.0,12:34:12,24126.40,102.05,FLIP,1.0,0.00,0.00,0,BUY PE,BUY PE,BUY PE
OPEN,2026-05-04,12:34:12,24150,CE,BUY CE,37.2,24114.50,118.40,24170.0,24087.0,18.0,,0.00,0.00,,0.0,0.00,0.00,0,BUY PE,BUY CE,BUY PE
EXIT,2026-05-04,12:34:12,24150,CE,BUY CE,37.2,24114.50,118.40,24170.0,24087.0,18.0,12:36:12,24106.45,118.40,FLIP,2.0,-0.03,0.00,0,BUY PE,BUY CE,BUY PE
OPEN,2026-05-04,12:36:12,24050,PE,BUY PE,38.4,24119.40,83.60,24065.0,24146.0,9.0,,0.00,0.00,,0.0,0.00,0.00,0,BUY PE,BUY PE,BUY PE
OPEN,2026-05-04,12:40:12,24100,PE,BUY PE,38.8,24125.60,103.85,24072.0,24153.0,9.0,,0.00,0.00,,0.0,0.00,0.00,0,BUY CE,BUY PE,BUY PE
EXIT,2026-05-04,12:36:12,24050,PE,BUY PE,38.4,24119.40,83.60,24065.0,24146.0,9.0,12:45:12,24101.45,79.05,TIMEOUT,9.0,0.07,-5.44,-296,BUY PE,BUY PE,BUY PE
OPEN,2026-05-04,12:46:12,24050,PE,BUY PE,38.5,24111.50,79.05,24059.0,24138.0,9.0,,0.00,0.00,,0.0,0.00,0.00,0,BUY PE,BUY PE,BUY PE
EXIT,2026-05-04,12:40:12,24100,PE,BUY PE,38.8,24125.60,103.85,24072.0,24153.0,9.0,12:49:12,24084.35,110.45,TIMEOUT,9.0,0.17,6.36,429,BUY CE,BUY PE,BUY PE
EXIT,2026-05-04,12:46:12,24050,PE,BUY PE,38.5,24111.50,79.05,24059.0,24138.0,9.0,12:55:12,24107.55,79.40,TIMEOUT,9.0,0.02,0.44,23,BUY PE,BUY PE,BUY PE
OPEN,2026-05-04,12:57:12,24050,PE,BUY PE,39.9,24115.70,79.40,24063.0,24142.0,9.0,,0.00,0.00,,0.0,0.00,0.00,0,BUY PE,BUY PE,BUY PE
EXIT,2026-05-04,12:57:12,24050,PE,BUY PE,39.9,24115.70,79.40,24063.0,24142.0,9.0,13:01:12,24103.85,78.85,FLIP,4.0,0.05,-0.69,-36,BUY PE,BUY PE,BUY PE
OPEN,2026-05-04,13:01:12,24150,CE,BUY CE,36.2,24097.45,105.80,24150.0,24071.0,18.0,,0.00,0.00,,0.0,0.00,0.00,0,BUY CE,BUY PE,BUY PE
EXIT,2026-05-04,13:01:12,24150,CE,BUY CE,36.2,24097.45,105.80,24150.0,24071.0,18.0,13:02:12,24097.45,105.80,FLIP,1.0,0.00,0.00,0,BUY CE,BUY PE,BUY PE
OPEN,2026-05-04,13:02:12,24050,PE,BUY PE,36.2,24099.90,90.30,24047.0,24126.0,9.0,,0.00,0.00,,0.0,0.00,0.00,0,BUY CE,BUY PE,BUY PE
EXIT,2026-05-04,13:02:12,24050,PE,BUY PE,36.2,24099.90,90.30,24047.0,24126.0,9.0,13:11:12,24111.10,82.15,TIMEOUT,9.0,-0.05,-9.03,-530,BUY CE,BUY PE,BUY PE
OPEN,2026-05-04,13:12:12,24050,PE,BUY PE,36.8,24113.15,76.10,24065.0,24137.0,9.0,,0.00,0.00,,0.0,0.00,0.00,0,NO TRADE,BUY PE,NO TRADE
EXIT,2026-05-04,13:12:12,24050,PE,BUY PE,36.8,24113.15,76.10,24065.0,24137.0,9.0,13:19:12,24086.50,83.00,FLIP,7.0,0.11,9.07,449,NO TRADE,BUY PE,NO TRADE
OPEN,2026-05-04,13:19:12,24150,CE,BUY CE,35.9,24102.00,111.35,24152.0,24077.0,18.0,,0.00,0.00,,0.0,0.00,0.00,0,BUY CE,BUY PE,BUY PE
EXIT,2026-05-04,13:19:12,24150,CE,BUY CE,35.9,24102.00,111.35,24152.0,24077.0,18.0,13:21:12,24102.00,111.35,FLIP,2.0,0.00,0.00,0,BUY CE,BUY PE,BUY PE
OPEN,2026-05-04,13:21:12,24050,PE,BUY PE,38.0,24079.90,90.40,24031.0,24104.0,9.0,,0.00,0.00,,0.0,0.00,0.00,0,BUY CE,BUY PE,BUY PE
OPEN,2026-05-04,13:23:12,24000,PE,BUY PE,40.4,24066.85,70.70,24016.0,24092.0,9.0,,0.00,0.00,,0.0,0.00,0.00,0,BUY CE,BUY PE,BUY PE
OPEN,2026-05-04,13:30:12,23950,PE,BUY PE,40.1,24014.80,76.50,23957.0,24044.0,9.0,,0.00,0.00,,0.0,0.00,0.00,0,BUY PE,BUY CE,BUY PE
EXIT,2026-05-04,13:21:12,24050,PE,BUY PE,38.0,24079.90,90.40,24031.0,24104.0,9.0,13:30:12,24014.80,120.05,TARGET,9.0,0.27,32.80,1927,BUY CE,BUY PE,BUY PE
EXIT,2026-05-04,13:23:12,24000,PE,BUY PE,40.4,24066.85,70.70,24016.0,24092.0,9.0,13:30:12,24014.80,96.45,TARGET,7.0,0.22,36.42,1674,BUY CE,BUY PE,BUY PE
OPEN,2026-05-04,13:32:12,24000,PE,BUY PE,44.9,24036.85,96.45,23980.0,24065.0,9.0,,0.00,0.00,,0.0,0.00,0.00,0,BUY PE,BUY PE,BUY PE
OPEN,2026-05-04,13:33:12,24050,PE,BUY PE,45.1,24027.60,120.40,23971.0,24056.0,9.0,,0.00,0.00,,0.0,0.00,0.00,0,BUY PE,BUY PE,BUY PE
EXIT,2026-05-04,13:30:12,23950,PE,BUY PE,40.1,24014.80,76.50,23957.0,24044.0,9.0,13:39:12,24028.85,80.25,TIMEOUT,9.0,-0.06,4.90,244,BUY PE,BUY CE,BUY PE
EXIT,2026-05-04,13:32:12,24000,PE,BUY PE,44.9,24036.85,96.45,23980.0,24065.0,9.0,13:42:12,24060.95,95.55,TIMEOUT,10.0,-0.10,-0.93,-59,BUY PE,BUY PE,BUY PE
EXIT,2026-05-04,13:33:12,24050,PE,BUY PE,45.1,24027.60,120.40,23971.0,24056.0,9.0,13:42:12,24060.95,119.40,SL,9.0,-0.14,-0.83,-65,BUY PE,BUY PE,BUY PE
OPEN,2026-05-04,13:43:12,24050,PE,BUY PE,45.4,24074.10,97.40,24015.0,24104.0,9.0,,0.00,0.00,,0.0,0.00,0.00,0,BUY PE,BUY PE,BUY PE
OPEN,2026-05-04,13:45:12,24100,PE,BUY PE,45.4,24084.05,121.60,24024.0,24114.0,9.0,,0.00,0.00,,0.0,0.00,0.00,0,BUY PE,BUY PE,BUY PE
EXIT,2026-05-04,13:43:12,24050,PE,BUY PE,45.4,24074.10,97.40,24015.0,24104.0,9.0,13:51:12,24104.05,84.10,SL,8.0,-0.12,-13.66,-865,BUY PE,BUY PE,BUY PE
OPEN,2026-05-04,13:53:12,24050,PE,BUY PE,44.7,24091.40,84.10,24034.0,24120.0,9.0,,0.00,0.00,,0.0,0.00,0.00,0,BUY PE,BUY PE,BUY PE
EXIT,2026-05-04,13:45:12,24100,PE,BUY PE,45.4,24084.05,121.60,24024.0,24114.0,9.0,13:55:12,24088.40,103.60,TIMEOUT,10.0,-0.02,-14.80,-1170,BUY PE,BUY PE,BUY PE
OPEN,2026-05-04,13:58:12,24000,PE,BUY PE,44.5,24053.05,68.95,23995.0,24082.0,9.0,,0.00,0.00,,0.0,0.00,0.00,0,BUY PE,BUY PE,BUY PE
EXIT,2026-05-04,13:53:12,24050,PE,BUY PE,44.7,24091.40,84.10,24034.0,24120.0,9.0,14:03:12,24060.90,87.95,TIMEOUT,10.0,0.13,4.58,250,BUY PE,BUY PE,BUY PE
EXIT,2026-05-04,13:58:12,24000,PE,BUY PE,44.5,24053.05,68.95,23995.0,24082.0,9.0,14:08:12,24066.25,77.20,TIMEOUT,10.0,-0.05,11.97,536,BUY PE,BUY PE,BUY PE
OPEN,2026-05-04,14:09:12,24000,PE,BUY PE,43.2,24061.90,80.40,24005.0,24090.0,9.0,,0.00,0.00,,0.0,0.00,0.00,0,BUY PE,BUY PE,BUY PE
OPEN,2026-05-04,14:10:12,24050,PE,BUY PE,40.9,24080.95,101.50,24024.0,24109.0,9.0,,0.00,0.00,,0.0,0.00,0.00,0,BUY PE,BUY PE,BUY PE
EXIT,2026-05-04,14:09:12,24000,PE,BUY PE,43.2,24061.90,80.40,24005.0,24090.0,9.0,14:12:12,24107.00,74.60,SL,3.0,-0.19,-7.21,-377,BUY PE,BUY PE,BUY PE
EXIT,2026-05-04,14:10:12,24050,PE,BUY PE,40.9,24080.95,101.50,24024.0,24109.0,9.0,14:16:12,24111.25,77.20,SL,6.0,-0.13,-23.94,-1579,BUY PE,BUY PE,BUY PE
OPEN,2026-05-04,14:17:12,24050,PE,BUY PE,39.1,24108.95,75.40,24054.0,24136.0,9.0,,0.00,0.00,,0.0,0.00,0.00,0,BUY PE,BUY CE,BUY CE
OPEN,2026-05-04,14:18:12,24100,PE,BUY PE,39.5,24126.15,94.65,24069.0,24155.0,9.0,,0.00,0.00,,0.0,0.00,0.00,0,BUY PE,BUY PE,BUY CE
EXIT,2026-05-04,14:17:12,24050,PE,BUY PE,39.1,24108.95,75.40,24054.0,24136.0,9.0,14:19:12,24141.10,75.40,SL,2.0,-0.13,0.00,0,BUY PE,BUY CE,BUY CE
EXIT,2026-05-04,14:18:12,24100,PE,BUY PE,39.5,24126.15,94.65,24069.0,24155.0,9.0,14:27:12,24131.80,84.70,FLIP,9.0,-0.02,-10.51,-647,BUY PE,BUY PE,BUY CE
OPEN,2026-05-04,14:27:12,24200,CE,BUY CE,37.9,24126.15,96.70,24182.0,24098.0,18.0,,0.00,0.00,,0.0,0.00,0.00,0,BUY PE,BUY CE,BUY CE
EXIT,2026-05-04,14:27:12,24200,CE,BUY CE,37.9,24126.15,96.70,24182.0,24098.0,18.0,14:28:12,24126.15,96.70,FLIP,1.0,0.00,0.00,0,BUY PE,BUY CE,BUY CE
OPEN,2026-05-04,14:28:12,24050,PE,BUY PE,39.3,24116.15,67.75,24059.0,24145.0,9.0,,0.00,0.00,,0.0,0.00,0.00,0,BUY PE,BUY CE,BUY PE
OPEN,2026-05-04,14:30:12,24100,PE,BUY PE,38.1,24126.85,87.95,24069.0,24156.0,9.0,,0.00,0.00,,0.0,0.00,0.00,0,BUY PE,BUY CE,BUY CE
EXIT,2026-05-04,14:28:12,24050,PE,BUY PE,39.3,24116.15,67.75,24059.0,24145.0,9.0,14:38:12,24105.70,70.40,TIMEOUT,10.0,0.04,3.91,172,BUY PE,BUY CE,BUY PE
OPEN,2026-05-04,14:39:12,24050,PE,BUY PE,38.5,24109.75,74.70,24054.0,24138.0,9.0,,0.00,0.00,,0.0,0.00,0.00,0,BUY CE,BUY PE,BUY PE
EXIT,2026-05-04,14:30:12,24100,PE,BUY PE,38.1,24126.85,87.95,24069.0,24156.0,9.0,14:39:12,24109.75,96.15,TIMEOUT,9.0,0.07,9.32,533,BUY PE,BUY CE,BUY CE
EXIT,2026-05-04,14:39:12,24050,PE,BUY PE,38.5,24109.75,74.70,24054.0,24138.0,9.0,14:40:12,24109.75,74.70,FLIP,1.0,0.00,0.00,0,BUY CE,BUY PE,BUY PE
OPEN,2026-05-04,14:40:12,24150,CE,BUY CE,38.6,24101.70,107.70,24159.0,24073.0,18.0,,0.00,0.00,,0.0,0.00,0.00,0,BUY CE,BUY CE,BUY PE
EXIT,2026-05-04,14:40:12,24150,CE,BUY CE,38.6,24101.70,107.70,24159.0,24073.0,18.0,14:41:12,24101.70,107.70,FLIP,1.0,0.00,0.00,0,BUY CE,BUY CE,BUY PE
OPEN,2026-05-04,14:41:12,24050,PE,BUY PE,38.2,24101.75,74.70,24049.0,24128.0,9.0,,0.00,0.00,,0.0,0.00,0.00,0,BUY CE,BUY PE,NO TRADE
EXIT,2026-05-04,14:41:12,24050,PE,BUY PE,38.2,24101.75,74.70,24049.0,24128.0,9.0,14:50:13,24078.70,89.90,TIMEOUT,9.0,0.10,20.35,988,BUY CE,BUY PE,NO TRADE
OPEN,2026-05-04,14:51:12,24050,PE,BUY PE,44.0,24080.35,89.90,24027.0,24107.0,9.0,,0.00,0.00,,0.0,0.00,0.00,0,BUY PE,BUY PE,BUY PE
OPEN,2026-05-04,14:52:12,24000,PE,BUY PE,43.3,24073.95,70.60,24020.0,24101.0,9.0,,0.00,0.00,,0.0,0.00,0.00,0,BUY PE,BUY PE,BUY PE
EXIT,2026-05-04,14:51:12,24050,PE,BUY PE,44.0,24080.35,89.90,24027.0,24107.0,9.0,14:55:12,24109.10,89.70,SL,4.0,-0.12,-0.22,-13,BUY PE,BUY PE,BUY PE
EXIT,2026-05-04,14:52:12,24000,PE,BUY PE,43.3,24073.95,70.60,24020.0,24101.0,9.0,14:55:12,24109.10,70.10,SL,3.0,-0.15,-0.71,-32,BUY PE,BUY PE,BUY PE
OPEN,2026-05-04,14:56:12,24050,PE,BUY PE,40.4,24104.75,67.90,24051.0,24132.0,9.0,,0.00,0.00,,0.0,0.00,0.00,0,BUY PE,BUY PE,BUY PE
EXIT,2026-05-04,14:56:12,24050,PE,BUY PE,40.4,24104.75,67.90,24051.0,24132.0,9.0,15:00:12,24087.00,67.90,FLIP,4.0,0.07,0.00,0,BUY PE,BUY PE,BUY PE
OPEN,2026-05-04,15:00:12,24100,CE,BUY CE,46.1,24077.95,131.35,24136.0,24049.0,29.0,,0.00,0.00,,0.0,0.00,0.00,0,BUY CE,BUY CE,BUY PE
OPEN,2026-05-04,15:12:12,24150,CE,BUY CE,48.2,24126.25,118.50,24181.0,24099.0,17.0,,0.00,0.00,,0.0,0.00,0.00,0,BUY CE,BUY CE,NO TRADE
EXIT,2026-05-04,15:00:12,24100,CE,BUY CE,46.1,24077.95,131.35,24136.0,24049.0,29.0,15:29:12,24118.80,132.70,TIMEOUT,29.0,0.17,1.03,88,BUY CE,BUY CE,BUY PE
EXIT,2026-05-04,15:12:12,24150,CE,BUY CE,48.2,24126.25,118.50,24181.0,24099.0,17.0,15:29:12,24118.80,107.70,TIMEOUT,17.0,-0.03,-9.11,-702,BUY CE,BUY CE,NO TRADE
OPEN,2026-05-04,15:30:12,24100,CE,BUY CE,50.4,24122.90,132.70,24175.0,24097.0,25.0,,0.00,0.00,,0.0,0.00,0.00,0,BUY CE,BUY CE,BUY CE
EXIT,2026-05-04,15:30:12,24100,CE,BUY CE,50.4,24122.90,132.70,24175.0,24097.0,25.0,15:30:12,24122.90,132.70,EOD,0.0,0.00,0.00,0,BUY CE,BUY CE,BUY CE
OPEN,2026-05-05,09:00:12,24050,PE,BUY PE,38.4,24119.30,60.40,24066.0,24146.0,9.0,,0.00,0.00,,0.0,0.00,0.00,0,BUY PE,BUY PE,BUY PE
OPEN,2026-05-05,09:08:12,24000,PE,BUY PE,38.9,24052.60,44.00,23991.0,24084.0,9.0,,0.00,0.00,,0.0,0.00,0.00,0,BUY CE,BUY PE,BUY PE
EXIT,2026-05-05,09:00:12,24050,PE,BUY PE,38.4,24119.30,60.40,24066.0,24146.0,9.0,09:08:12,24052.60,60.40,TARGET,8.0,0.28,0.00,0,BUY PE,BUY PE,BUY PE
OPEN,2026-05-05,09:17:12,24050,PE,BUY PE,47.9,24041.20,95.40,23967.0,24078.0,9.0,,0.00,0.00,,0.0,0.00,0.00,0,BUY PE,BUY PE,NO TRADE
EXIT,2026-05-05,09:08:12,24000,PE,BUY PE,38.9,24052.60,44.00,23991.0,24084.0,9.0,09:17:12,24041.20,68.95,TIMEOUT,9.0,0.05,56.70,1622,BUY CE,BUY PE,BUY PE
OPEN,2026-05-05,09:25:12,24000,PE,BUY PE,46.2,24019.30,49.20,23946.0,24056.0,9.0,,0.00,0.00,,0.0,0.00,0.00,0,BUY PE,BUY PE,BUY PE
EXIT,2026-05-05,09:17:12,24050,PE,BUY PE,47.9,24041.20,95.40,23967.0,24078.0,9.0,09:27:12,23986.25,66.85,TIMEOUT,10.0,0.23,-29.93,-1856,BUY PE,BUY PE,NO TRADE
OPEN,2026-05-05,09:32:12,24050,PE,BUY PE,48.2,24042.05,100.85,23966.0,24080.0,9.0,,0.00,0.00,,0.0,0.00,0.00,0,BUY PE,BUY PE,BUY PE
EXIT,2026-05-05,09:25:12,24000,PE,BUY PE,46.2,24019.30,49.20,23946.0,24056.0,9.0,09:34:12,24040.10,45.30,TIMEOUT,9.0,-0.09,-7.93,-254,BUY PE,BUY PE,BUY PE
OPEN,2026-05-05,09:36:12,24000,PE,BUY PE,44.6,24057.90,44.90,23984.0,24095.0,9.0,,0.00,0.00,,0.0,0.00,0.00,0,BUY PE,BUY PE,BUY PE
OPEN,2026-05-05,09:40:12,23950,PE,BUY PE,40.8,24013.05,27.20,23935.0,24052.0,9.0,,0.00,0.00,,0.0,0.00,0.00,0,BUY PE,BUY CE,BUY CE
EXIT,2026-05-05,09:32:12,24050,PE,BUY PE,48.2,24042.05,100.85,23966.0,24080.0,9.0,09:42:12,24016.30,80.80,FLIP,10.0,0.11,-19.88,-1303,BUY PE,BUY PE,BUY PE
EXIT,2026-05-05,09:36:12,24000,PE,BUY PE,44.6,24057.90,44.90,23984.0,24095.0,9.0,09:42:12,24016.30,55.70,FLIP,6.0,0.17,24.05,702,BUY PE,BUY PE,BUY PE
EXIT,2026-05-05,09:40:12,23950,PE,BUY PE,40.8,24013.05,27.20,23935.0,24052.0,9.0,09:42:12,24016.30,34.65,FLIP,2.0,-0.01,27.39,484,BUY PE,BUY CE,BUY CE
OPEN,2026-05-05,09:42:12,24050,CE,BUY CE,41.2,24009.10,49.05,24083.0,23972.0,18.0,,0.00,0.00,,0.0,0.00,0.00,0,BUY PE,BUY CE,BUY PE
EXIT,2026-05-05,09:42:12,24050,CE,BUY CE,41.2,24009.10,49.05,24083.0,23972.0,18.0,09:43:12,24009.10,49.05,FLIP,1.0,0.00,0.00,0,BUY PE,BUY CE,BUY PE
OPEN,2026-05-05,09:43:12,23950,PE,BUY PE,42.0,24017.25,34.65,23943.0,24054.0,9.0,,0.00,0.00,,0.0,0.00,0.00,0,BUY PE,BUY PE,BUY PE
OPEN,2026-05-05,09:49:12,24000,PE,BUY PE,43.9,24033.25,56.25,23960.0,24070.0,9.0,,0.00,0.00,,0.0,0.00,0.00,0,BUY PE,BUY PE,BUY PE
EXIT,2026-05-05,09:43:12,23950,PE,BUY PE,42.0,24017.25,34.65,23943.0,24054.0,9.0,09:53:12,24047.70,23.45,TIMEOUT,10.0,-0.13,-32.32,-728,BUY PE,BUY PE,BUY PE
EXIT,2026-05-05,09:49:12,24000,PE,BUY PE,43.9,24033.25,56.25,23960.0,24070.0,9.0,09:59:12,24044.15,36.70,TIMEOUT,10.0,-0.05,-34.76,-1271,BUY PE,BUY PE,BUY PE
OPEN,2026-05-05,10:00:12,24000,PE,BUY PE,39.9,24048.80,36.70,23978.0,24084.0,9.0,,0.00,0.00,,0.0,0.00,0.00,0,BUY PE,BUY PE,BUY PE
OPEN,2026-05-05,10:03:12,23950,PE,BUY PE,39.5,24008.40,19.35,23935.0,24045.0,9.0,,0.00,0.00,,0.0,0.00,0.00,0,BUY PE,BUY PE,BUY PE
EXIT,2026-05-05,10:00:12,24000,PE,BUY PE,39.9,24048.80,36.70,23978.0,24084.0,9.0,10:09:12,24000.55,58.80,TIMEOUT,9.0,0.20,60.22,1436,BUY PE,BUY PE,BUY PE
EXIT,2026-05-05,10:03:12,23950,PE,BUY PE,39.5,24008.40,19.35,23935.0,24045.0,9.0,10:13:12,23984.10,40.25,TIMEOUT,10.0,0.10,108.01,1358,BUY PE,BUY PE,BUY PE
OPEN,2026-05-05,10:14:12,23950,PE,BUY PE,39.5,23988.60,40.25,23920.0,24023.0,9.0,,0.00,0.00,,0.0,0.00,0.00,0,BUY PE,BUY PE,BUY PE
OPEN,2026-05-05,10:16:12,23900,PE,BUY PE,38.4,23973.25,22.60,23906.0,24007.0,9.0,,0.00,0.00,,0.0,0.00,0.00,0,BUY PE,BUY PE,BUY CE
EXIT,2026-05-05,10:14:12,23950,PE,BUY PE,39.5,23988.60,40.25,23920.0,24023.0,9.0,10:23:12,23970.20,33.00,TIMEOUT,9.0,0.08,-18.01,-471,BUY PE,BUY PE,BUY PE
OPEN,2026-05-05,10:24:12,23950,PE,BUY PE,37.3,23987.40,42.20,23921.0,24020.0,9.0,,0.00,0.00,,0.0,0.00,0.00,0,BUY PE,BUY PE,BUY PE
EXIT,2026-05-05,10:16:12,23900,PE,BUY PE,38.4,23973.25,22.60,23906.0,24007.0,9.0,10:25:12,23978.10,24.25,TIMEOUT,9.0,-0.02,7.30,107,BUY PE,BUY PE,BUY CE
EXIT,2026-05-05,10:24:12,23950,PE,BUY PE,37.3,23987.40,42.20,23921.0,24020.0,9.0,10:26:12,23978.10,42.20,FLIP,2.0,0.04,0.00,0,BUY PE,BUY PE,BUY PE
OPEN,2026-05-05,10:26:12,24000,CE,BUY CE,35.3,23957.85,41.90,24022.0,23926.0,18.0,,0.00,0.00,,0.0,0.00,0.00,0,BUY PE,BUY CE,BUY CE
EXIT,2026-05-05,10:26:12,24000,CE,BUY CE,35.3,23957.85,41.90,24022.0,23926.0,18.0,10:27:12,23957.85,39.85,FLIP,1.0,0.00,-4.89,-133,BUY PE,BUY CE,BUY CE
OPEN,2026-05-05,10:27:12,23900,PE,BUY PE,35.6,23959.70,24.45,23895.0,23992.0,9.0,,0.00,0.00,,0.0,0.00,0.00,0,BUY PE,NO TRADE,BUY CE
EXIT,2026-05-05,10:27:12,23900,PE,BUY PE,35.6,23959.70,24.45,23895.0,23992.0,9.0,10:36:12,23945.05,28.10,FLIP,9.0,0.06,14.93,237,BUY PE,NO TRADE,BUY CE
OPEN,2026-05-05,10:36:12,24000,CE,BUY CE,36.0,23930.25,34.90,23992.0,23899.0,18.0,,0.00,0.00,,0.0,0.00,0.00,0,NO TRADE,BUY CE,BUY CE
EXIT,2026-05-05,10:36:12,24000,CE,BUY CE,36.0,23930.25,34.90,23992.0,23899.0,18.0,10:38:12,23939.60,26.50,FLIP,2.0,0.04,-24.07,-546,NO TRADE,BUY CE,BUY CE
OPEN,2026-05-05,10:38:12,23900,PE,BUY PE,35.2,23942.20,37.90,23879.0,23974.0,9.0,,0.00,0.00,,0.0,0.00,0.00,0,BUY PE,NO TRADE,BUY PE
EXIT,2026-05-05,10:38:12,23900,PE,BUY PE,35.2,23942.20,37.90,23879.0,23974.0,9.0,10:47:12,23941.30,33.25,TIMEOUT,9.0,0.00,-12.27,-302,BUY PE,NO TRADE,BUY PE
OPEN,2026-05-05,11:17:12,23900,PE,BUY PE,35.6,23956.25,27.90,23901.0,23984.0,9.0,,0.00,0.00,,0.0,0.00,0.00,0,NO TRADE,BUY PE,BUY PE
EXIT,2026-05-05,11:17:12,23900,PE,BUY PE,35.6,23956.25,27.90,23901.0,23984.0,9.0,11:27:12,23934.60,29.85,TIMEOUT,10.0,0.09,6.99,127,NO TRADE,BUY PE,BUY PE
OPEN,2026-05-05,11:45:12,23850,PE,BUY PE,35.1,23916.80,17.10,23866.0,23942.0,9.0,,0.00,0.00,,0.0,0.00,0.00,0,BUY PE,NO TRADE,BUY PE
EXIT,2026-05-05,11:45:12,23850,PE,BUY PE,35.1,23916.80,17.10,23866.0,23942.0,9.0,11:47:12,23905.30,15.80,FLIP,2.0,0.05,-7.60,-85,BUY PE,NO TRADE,BUY PE
OPEN,2026-05-05,11:47:12,23950,CE,BUY CE,35.2,23906.05,33.30,23956.0,23881.0,18.0,,0.00,0.00,,0.0,0.00,0.00,0,BUY PE,BUY CE,BUY PE
EXIT,2026-05-05,11:47:12,23950,CE,BUY CE,35.2,23906.05,33.30,23956.0,23881.0,18.0,11:48:12,23906.05,33.30,FLIP,1.0,0.00,0.00,0,BUY PE,BUY CE,BUY PE
OPEN,2026-05-05,11:48:12,23850,PE,BUY PE,35.9,23895.55,20.10,23846.0,23921.0,9.0,,0.00,0.00,,0.0,0.00,0.00,0,BUY CE,BUY PE,BUY PE
EXIT,2026-05-05,11:48:12,23850,PE,BUY PE,35.9,23895.55,20.10,23846.0,23921.0,9.0,11:55:12,23905.45,22.05,FLIP,7.0,-0.04,9.70,127,BUY CE,BUY PE,BUY PE
OPEN,2026-05-05,11:55:12,23950,CE,BUY CE,35.0,23886.40,24.85,23937.0,23861.0,18.0,,0.00,0.00,,0.0,0.00,0.00,0,BUY CE,NO TRADE,BUY PE
EXIT,2026-05-05,11:55:12,23950,CE,BUY CE,35.0,23886.40,24.85,23937.0,23861.0,18.0,12:00:12,23887.85,22.45,FLIP,5.0,0.01,-9.66,-156,BUY CE,NO TRADE,BUY PE
OPEN,2026-05-05,12:00:12,23850,PE,BUY PE,35.4,23891.20,23.00,23842.0,23916.0,9.0,,0.00,0.00,,0.0,0.00,0.00,0,BUY CE,BUY PE,BUY PE
EXIT,2026-05-05,12:00:12,23850,PE,BUY PE,35.4,23891.20,23.00,23842.0,23916.0,9.0,12:03:12,23897.15,23.45,FLIP,3.0,-0.02,1.96,29,BUY CE,BUY PE,BUY PE
OPEN,2026-05-05,12:03:12,23950,CE,BUY CE,35.5,23898.50,24.05,23947.0,23875.0,18.0,,0.00,0.00,,0.0,0.00,0.00,0,BUY CE,BUY CE,BUY CE
EXIT,2026-05-05,12:03:12,23950,CE,BUY CE,35.5,23898.50,24.05,23947.0,23875.0,18.0,12:14:12,23947.50,34.20,TARGET,11.0,0.21,42.20,660,BUY CE,BUY CE,BUY CE
OPEN,2026-05-05,12:17:12,24000,CE,BUY CE,35.1,23948.05,25.45,23995.0,23925.0,18.0,,0.00,0.00,,0.0,0.00,0.00,0,NO TRADE,BUY CE,NO TRADE
EXIT,2026-05-05,12:17:12,24000,CE,BUY CE,35.1,23948.05,25.45,23995.0,23925.0,18.0,12:36:12,23961.70,24.70,TIMEOUT,19.0,0.06,-2.95,-49,NO TRADE,BUY CE,NO TRADE
OPEN,2026-05-05,12:42:12,24000,CE,BUY CE,35.9,23966.05,30.55,24012.0,23943.0,18.0,,0.00,0.00,,0.0,0.00,0.00,0,BUY CE,BUY CE,BUY CE
OPEN,2026-05-05,12:53:12,24050,CE,BUY CE,35.1,23991.30,18.30,24039.0,23967.0,18.0,,0.00,0.00,,0.0,0.00,0.00,0,BUY CE,NO TRADE,BUY CE
EXIT,2026-05-05,12:42:12,24000,CE,BUY CE,35.9,23966.05,30.55,24012.0,23943.0,18.0,13:00:12,24020.10,37.65,TARGET,18.0,0.23,23.24,461,BUY CE,BUY CE,BUY CE
OPEN,2026-05-05,13:07:12,24100,CE,BUY CE,35.4,24049.85,13.75,24099.0,24025.0,18.0,,0.00,0.00,,0.0,0.00,0.00,0,BUY CE,BUY PE,BUY CE
EXIT,2026-05-05,12:53:12,24050,CE,BUY CE,35.1,23991.30,18.30,24039.0,23967.0,18.0,13:07:12,24049.85,28.40,TARGET,14.0,0.24,55.19,656,BUY CE,NO TRADE,BUY CE
EXIT,2026-05-05,13:07:12,24100,CE,BUY CE,35.4,24049.85,13.75,24099.0,24025.0,18.0,13:08:12,24049.85,13.75,FLIP,1.0,0.00,0.00,0,BUY CE,BUY PE,BUY CE
OPEN,2026-05-05,13:08:12,24000,PE,BUY PE,35.6,24064.05,25.60,24014.0,24089.0,9.0,,0.00,0.00,,0.0,0.00,0.00,0,BUY CE,BUY PE,BUY CE
EXIT,2026-05-05,13:08:12,24000,PE,BUY PE,35.6,24064.05,25.60,24014.0,24089.0,9.0,13:13:12,24069.70,13.60,FLIP,5.0,-0.02,-46.88,-780,BUY CE,BUY PE,BUY CE
OPEN,2026-05-05,13:13:12,24100,CE,BUY CE,38.5,24054.95,33.00,24107.0,24029.0,18.0,,0.00,0.00,,0.0,0.00,0.00,0,BUY CE,BUY CE,BUY CE
EXIT,2026-05-05,13:13:12,24100,CE,BUY CE,38.5,24054.95,33.00,24107.0,24029.0,18.0,13:15:12,24063.75,33.00,FLIP,2.0,0.04,0.00,0,BUY CE,BUY CE,BUY CE
OPEN,2026-05-05,13:15:12,24050,PE,BUY PE,35.7,24080.15,30.95,24027.0,24107.0,9.0,,0.00,0.00,,0.0,0.00,0.00,0,BUY CE,BUY PE,BUY CE
EXIT,2026-05-05,13:15:12,24050,PE,BUY PE,35.7,24080.15,30.95,24027.0,24107.0,9.0,13:16:12,24080.15,30.95,FLIP,1.0,0.00,0.00,0,BUY CE,BUY PE,BUY CE
OPEN,2026-05-05,13:16:12,24100,CE,BUY CE,40.6,24058.65,28.25,24110.0,24033.0,18.0,,0.00,0.00,,0.0,0.00,0.00,0,BUY CE,BUY CE,BUY CE
EXIT,2026-05-05,13:16:12,24100,CE,BUY CE,40.6,24058.65,28.25,24110.0,24033.0,18.0,13:32:12,24033.90,15.60,FLIP,16.0,-0.10,-44.78,-822,BUY CE,BUY CE,BUY CE
OPEN,2026-05-05,13:32:12,23950,PE,BUY PE,38.2,24024.25,7.95,23972.0,24050.0,9.0,,0.00,0.00,,0.0,0.00,0.00,0,BUY PE,BUY CE,BUY CE
EXIT,2026-05-05,13:32:12,23950,PE,BUY PE,38.2,24024.25,7.95,23972.0,24050.0,9.0,13:33:12,24024.25,7.95,FLIP,1.0,0.00,0.00,0,BUY PE,BUY CE,BUY CE
OPEN,2026-05-05,13:33:12,24050,CE,BUY CE,39.3,24020.00,31.10,24072.0,23994.0,18.0,,0.00,0.00,,0.0,0.00,0.00,0,BUY PE,BUY CE,BUY CE
EXIT,2026-05-05,13:33:12,24050,CE,BUY CE,39.3,24020.00,31.10,24072.0,23994.0,18.0,13:34:12,24020.00,31.10,FLIP,1.0,0.00,0.00,0,BUY PE,BUY CE,BUY CE
OPEN,2026-05-05,13:34:12,23950,PE,BUY PE,38.2,24022.80,7.50,23971.0,24049.0,9.0,,0.00,0.00,,0.0,0.00,0.00,0,BUY PE,BUY CE,BUY CE
OPEN,2026-05-05,13:35:12,24000,PE,BUY PE,38.2,24031.50,19.15,23979.0,24058.0,9.0,,0.00,0.00,,0.0,0.00,0.00,0,BUY PE,BUY PE,BUY PE
EXIT,2026-05-05,13:34:12,23950,PE,BUY PE,38.2,24022.80,7.50,23971.0,24049.0,9.0,13:42:12,24054.05,6.30,SL,8.0,-0.13,-16.00,-78,BUY PE,BUY CE,BUY CE
EXIT,2026-05-05,13:35:12,24000,PE,BUY PE,38.2,24031.50,19.15,23979.0,24058.0,9.0,13:44:12,24048.50,13.00,FLIP,9.0,-0.07,-32.11,-400,BUY PE,BUY PE,BUY PE
OPEN,2026-05-05,13:44:12,24100,CE,BUY CE,37.0,24045.20,16.60,24096.0,24020.0,18.0,,0.00,0.00,,0.0,0.00,0.00,0,BUY PE,BUY CE,BUY CE
OPEN,2026-05-05,13:54:12,24050,CE,BUY CE,38.3,24022.45,29.40,24073.0,23997.0,18.0,,0.00,0.00,,0.0,0.00,0.00,0,BUY CE,BUY CE,BUY PE
EXIT,2026-05-05,13:44:12,24100,CE,BUY CE,37.0,24045.20,16.60,24096.0,24020.0,18.0,14:02:12,24043.05,12.60,TIMEOUT,18.0,-0.01,-24.10,-260,BUY PE,BUY CE,BUY CE
OPEN,2026-05-05,14:03:12,24100,CE,BUY CE,38.0,24031.20,12.60,24080.0,24007.0,18.0,,0.00,0.00,,0.0,0.00,0.00,0,BUY CE,BUY CE,BUY PE
EXIT,2026-05-05,14:03:12,24100,CE,BUY CE,38.0,24031.20,12.60,24080.0,24007.0,18.0,14:04:12,24031.20,12.60,FLIP,1.0,0.00,0.00,0,BUY CE,BUY CE,BUY PE
EXIT,2026-05-05,13:54:12,24050,CE,BUY CE,38.3,24022.45,29.40,24073.0,23997.0,18.0,14:04:12,24031.20,30.25,FLIP,10.0,0.04,2.89,55,BUY CE,BUY CE,BUY PE
OPEN,2026-05-05,14:04:12,23950,PE,BUY PE,38.2,24023.65,4.05,23974.0,24049.0,9.0,,0.00,0.00,,0.0,0.00,0.00,0,BUY PE,BUY PE,BUY PE
OPEN,2026-05-05,14:05:12,24000,PE,BUY PE,38.1,24030.00,13.10,23980.0,24055.0,9.0,,0.00,0.00,,0.0,0.00,0.00,0,BUY CE,BUY PE,BUY PE
EXIT,2026-05-05,14:04:12,23950,PE,BUY PE,38.2,24023.65,4.05,23974.0,24049.0,9.0,14:11:12,24018.40,5.35,FLIP,7.0,0.02,32.10,84,BUY PE,BUY PE,BUY PE
EXIT,2026-05-05,14:05:12,24000,PE,BUY PE,38.1,24030.00,13.10,23980.0,24055.0,9.0,14:11:12,24018.40,17.40,FLIP,6.0,0.05,32.82,279,BUY CE,BUY PE,BUY PE
OPEN,2026-05-05,14:11:12,24050,CE,BUY CE,37.3,24023.45,14.30,24070.0,24000.0,18.0,,0.00,0.00,,0.0,0.00,0.00,0,BUY CE,BUY PE,BUY PE
OPEN,2026-05-05,14:12:12,24100,CE,BUY CE,37.1,24026.10,4.90,24075.0,24002.0,18.0,,0.00,0.00,,0.0,0.00,0.00,0,BUY CE,BUY PE,BUY CE
EXIT,2026-05-05,14:11:12,24050,CE,BUY CE,37.3,24023.45,14.30,24070.0,24000.0,18.0,14:14:12,24022.15,14.30,FLIP,3.0,-0.01,0.00,0,BUY CE,BUY PE,BUY PE
EXIT,2026-05-05,14:12:12,24100,CE,BUY CE,37.1,24026.10,4.90,24075.0,24002.0,18.0,14:14:12,24022.15,4.90,FLIP,2.0,-0.02,0.00,0,BUY CE,BUY PE,BUY CE
OPEN,2026-05-05,14:14:12,23950,PE,BUY PE,39.5,24006.15,4.50,23956.0,24031.0,9.0,,0.00,0.00,,0.0,0.00,0.00,0,BUY PE,BUY PE,BUY CE
OPEN,2026-05-05,14:16:12,24000,PE,BUY PE,39.4,24028.20,16.30,23979.0,24053.0,9.0,,0.00,0.00,,0.0,0.00,0.00,0,BUY PE,BUY PE,BUY PE
EXIT,2026-05-05,14:14:12,23950,PE,BUY PE,39.5,24006.15,4.50,23956.0,24031.0,9.0,14:17:12,24041.25,4.65,SL,3.0,-0.15,3.33,10,BUY PE,BUY PE,BUY CE
EXIT,2026-05-05,14:16:12,24000,PE,BUY PE,39.4,24028.20,16.30,23979.0,24053.0,9.0,14:26:12,24036.55,10.40,TIMEOUT,10.0,-0.03,-36.20,-384,BUY PE,BUY PE,BUY PE
OPEN,2026-05-05,14:27:12,24000,PE,BUY PE,36.6,24045.05,10.40,23997.0,24069.0,9.0,,0.00,0.00,,0.0,0.00,0.00,0,BUY CE,BUY PE,NO TRADE
EXIT,2026-05-05,14:27:12,24000,PE,BUY PE,36.6,24045.05,10.40,23997.0,24069.0,9.0,14:31:12,24057.25,6.50,FLIP,4.0,-0.05,-37.50,-254,BUY CE,BUY PE,NO TRADE
OPEN,2026-05-05,14:31:12,24100,CE,BUY CE,37.1,24046.45,9.60,24097.0,24021.0,18.0,,0.00,0.00,,0.0,0.00,0.00,0,BUY CE,BUY PE,BUY CE
EXIT,2026-05-05,14:31:12,24100,CE,BUY CE,37.1,24046.45,9.60,24097.0,24021.0,18.0,14:33:12,24045.25,9.60,FLIP,2.0,-0.00,0.00,0,BUY CE,BUY PE,BUY CE
OPEN,2026-05-05,14:33:12,24000,PE,BUY PE,37.1,24046.60,4.30,23997.0,24072.0,9.0,,0.00,0.00,,0.0,0.00,0.00,0,BUY CE,BUY PE,BUY CE
EXIT,2026-05-05,14:33:12,24000,PE,BUY PE,37.1,24046.60,4.30,23997.0,24072.0,9.0,14:34:12,24046.60,4.30,FLIP,1.0,0.00,0.00,0,BUY CE,BUY PE,BUY CE
OPEN,2026-05-05,14:34:12,24100,CE,BUY CE,37.8,24034.25,5.30,24084.0,24009.0,18.0,,0.00,0.00,,0.0,0.00,0.00,0,BUY CE,BUY PE,BUY CE
EXIT,2026-05-05,14:34:12,24100,CE,BUY CE,37.8,24034.25,5.30,24084.0,24009.0,18.0,14:36:12,24042.60,5.30,FLIP,2.0,0.03,0.00,0,BUY CE,BUY PE,BUY CE
OPEN,2026-05-05,14:36:12,24000,PE,BUY PE,38.1,24032.30,5.80,23982.0,24057.0,9.0,,0.00,0.00,,0.0,0.00,0.00,0,BUY CE,BUY PE,BUY PE
OPEN,2026-05-05,14:39:12,23950,PE,BUY PE,39.4,24022.90,0.00,23972.0,24048.0,9.0,,0.00,0.00,,0.0,0.00,0.00,0,BUY CE,BUY PE,BUY PE
EXIT,2026-05-05,14:36:12,24000,PE,BUY PE,38.1,24032.30,5.80,23982.0,24057.0,9.0,14:42:12,24034.75,7.00,FLIP,6.0,-0.01,20.69,78,BUY CE,BUY PE,BUY PE
EXIT,2026-05-05,14:39:12,23950,PE,BUY PE,39.4,24022.90,0.00,23972.0,24048.0,9.0,14:42:12,24034.75,0.00,FLIP,3.0,-0.05,0.00,0,BUY CE,BUY PE,BUY PE
OPEN,2026-05-05,14:42:12,24100,CE,BUY CE,38.2,24037.85,2.75,24087.0,24013.0,18.0,,0.00,0.00,,0.0,0.00,0.00,0,BUY CE,BUY CE,BUY PE
EXIT,2026-05-05,14:42:12,24100,CE,BUY CE,38.2,24037.85,2.75,24087.0,24013.0,18.0,14:47:12,24034.70,3.60,FLIP,5.0,-0.01,30.91,55,BUY CE,BUY CE,BUY PE
OPEN,2026-05-05,14:47:12,23950,PE,BUY PE,38.2,24021.90,0.60,23972.0,24047.0,9.0,,0.00,0.00,,0.0,0.00,0.00,0,BUY PE,BUY PE,BUY PE
OPEN,2026-05-05,14:48:12,24000,PE,BUY PE,38.8,24027.15,5.95,23976.0,24053.0,9.0,,0.00,0.00,,0.0,0.00,0.00,0,BUY CE,BUY PE,BUY PE
EXIT,2026-05-05,14:48:12,24000,PE,BUY PE,38.8,24027.15,5.95,23976.0,24053.0,9.0,14:52:12,24026.70,5.30,FLIP,4.0,0.00,-10.92,-42,BUY CE,BUY PE,BUY PE
EXIT,2026-05-05,14:47:12,23950,PE,BUY PE,38.2,24021.90,0.60,23972.0,24047.0,9.0,14:52:12,24026.70,0.60,FLIP,5.0,-0.02,0.00,0,BUY PE,BUY PE,BUY PE
OPEN,2026-05-05,14:52:12,24100,CE,BUY CE,38.4,24030.90,0.85,24080.0,24006.0,18.0,,0.00,0.00,,0.0,0.00,0.00,0,BUY CE,BUY CE,BUY PE
OPEN,2026-05-05,14:53:12,24050,CE,BUY CE,38.3,24017.10,6.30,24068.0,23992.0,18.0,,0.00,0.00,,0.0,0.00,0.00,0,BUY PE,BUY CE,BUY PE
EXIT,2026-05-05,14:52:12,24100,CE,BUY CE,38.4,24030.90,0.85,24080.0,24006.0,18.0,14:54:12,24017.10,0.85,FLIP,2.0,-0.06,0.00,0,BUY CE,BUY CE,BUY PE
EXIT,2026-05-05,14:53:12,24050,CE,BUY CE,38.3,24017.10,6.30,24068.0,23992.0,18.0,14:54:12,24017.10,6.30,FLIP,1.0,0.00,0.00,0,BUY PE,BUY CE,BUY PE
OPEN,2026-05-05,14:54:12,23950,PE,BUY PE,40.7,24012.55,0.60,23961.0,24039.0,9.0,,0.00,0.00,,0.0,0.00,0.00,0,BUY PE,BUY PE,BUY PE
OPEN,2026-05-05,14:56:12,24000,PE,BUY PE,39.2,24025.75,9.40,23977.0,24050.0,9.0,,0.00,0.00,,0.0,0.00,0.00,0,BUY CE,BUY PE,BUY PE
EXIT,2026-05-05,14:54:12,23950,PE,BUY PE,40.7,24012.55,0.60,23961.0,24039.0,9.0,15:00:12,24009.90,0.45,FLIP,6.0,0.01,-25.00,-10,BUY PE,BUY PE,BUY PE
EXIT,2026-05-05,14:56:12,24000,PE,BUY PE,39.2,24025.75,9.40,23977.0,24050.0,9.0,15:00:12,24009.90,5.55,FLIP,4.0,0.07,-40.96,-250,BUY CE,BUY PE,BUY PE
OPEN,2026-05-05,15:00:12,24000,CE,BUY CE,48.5,24002.90,24.60,24054.0,23977.0,29.0,,0.00,0.00,,0.0,0.00,0.00,0,BUY CE,BUY CE,BUY PE
OPEN,2026-05-05,15:10:12,24050,CE,BUY CE,46.4,24029.05,0.20,24081.0,24003.0,19.0,,0.00,0.00,,0.0,0.00,0.00,0,BUY CE,BUY PE,BUY PE
EXIT,2026-05-05,15:00:12,24000,CE,BUY CE,48.5,24002.90,24.60,24054.0,23977.0,29.0,15:29:12,24054.95,31.35,TARGET,29.0,0.22,27.44,439,BUY CE,BUY CE,BUY PE
EXIT,2026-05-05,15:10:12,24050,CE,BUY CE,46.4,24029.05,0.20,24081.0,24003.0,19.0,15:30:12,24051.20,0.05,EOD,20.0,0.09,-75.00,-10,BUY CE,BUY PE,BUY PE
OPEN,2026-05-06,09:00:12,24000,PE,BUY PE,37.8,24032.80,0.05,23983.0,24058.0,9.0,,0.00,0.00,,0.0,0.00,0.00,0,BUY PE,BUY PE,BUY PE
OPEN,2026-05-06,09:07:12,24100,PE,BUY PE,36.2,24171.00,205.25,24107.0,24203.0,9.0,,0.00,0.00,,0.0,0.00,0.00,0,NO TRADE,BUY PE,BUY CE
EXIT,2026-05-06,09:00:12,24000,PE,BUY PE,37.8,24032.80,0.05,23983.0,24058.0,9.0,09:07:12,24171.00,163.55,SL,7.0,-0.58,327000.00,10628,BUY PE,BUY PE,BUY PE
OPEN,2026-05-06,09:16:12,24200,PE,BUY PE,47.3,24206.20,0.00,24137.0,24241.0,9.0,,0.00,0.00,,0.0,0.00,0.00,0,BUY PE,BUY PE,NO TRADE
EXIT,2026-05-06,09:07:12,24100,PE,BUY PE,36.2,24171.00,205.25,24107.0,24203.0,9.0,09:16:12,24206.20,205.25,SL,9.0,-0.15,0.00,0,NO TRADE,BUY PE,BUY CE
OPEN,2026-05-06,09:22:12,24150,PE,BUY PE,46.6,24162.30,154.20,24093.0,24197.0,9.0,,0.00,0.00,,0.0,0.00,0.00,0,BUY PE,BUY PE,BUY PE
EXIT,2026-05-06,09:22:12,24150,PE,BUY PE,46.6,24162.30,154.20,24093.0,24197.0,9.0,09:24:12,24197.90,159.25,SL,2.0,-0.15,3.27,328,BUY PE,BUY PE,BUY PE
EXIT,2026-05-06,09:16:12,24200,PE,BUY PE,47.3,24206.20,0.00,24137.0,24241.0,9.0,09:25:12,24184.80,180.75,TIMEOUT,9.0,0.09,0.00,0,BUY PE,BUY PE,NO TRADE
OPEN,2026-05-06,09:26:12,24200,PE,BUY PE,47.7,24190.15,176.85,24123.0,24224.0,9.0,,0.00,0.00,,0.0,0.00,0.00,0,BUY PE,BUY PE,BUY PE
OPEN,2026-05-06,09:29:12,24150,PE,BUY PE,46.3,24169.15,155.35,24100.0,24204.0,9.0,,0.00,0.00,,0.0,0.00,0.00,0,BUY PE,BUY PE,BUY PE
OPEN,2026-05-06,09:34:12,24100,PE,BUY PE,42.2,24163.05,0.00,24095.0,24197.0,9.0,,0.00,0.00,,0.0,0.00,0.00,0,BUY PE,BUY PE,BUY CE
EXIT,2026-05-06,09:26:12,24200,PE,BUY PE,47.7,24190.15,176.85,24123.0,24224.0,9.0,09:35:12,24162.40,177.00,TIMEOUT,9.0,0.11,0.08,10,BUY PE,BUY PE,BUY PE
EXIT,2026-05-06,09:29:12,24150,PE,BUY PE,46.3,24169.15,155.35,24100.0,24204.0,9.0,09:39:12,24160.95,172.20,TIMEOUT,10.0,0.03,10.85,1095,BUY PE,BUY PE,BUY PE
EXIT,2026-05-06,09:34:12,24100,PE,BUY PE,42.2,24163.05,0.00,24095.0,24197.0,9.0,09:43:12,24149.65,149.55,FLIP,9.0,0.06,0.00,0,BUY PE,BUY PE,BUY CE
OPEN,2026-05-06,09:43:12,24200,CE,BUY CE,36.8,24143.35,0.00,24206.0,24112.0,18.0,,0.00,0.00,,0.0,0.00,0.00,0,BUY PE,BUY CE,BUY CE
EXIT,2026-05-06,09:43:12,24200,CE,BUY CE,36.8,24143.35,0.00,24206.0,24112.0,18.0,09:45:12,24135.10,0.00,FLIP,2.0,-0.03,0.00,0,BUY PE,BUY CE,BUY CE
OPEN,2026-05-06,09:45:12,24100,PE,BUY PE,36.7,24144.70,0.00,24081.0,24177.0,9.0,,0.00,0.00,,0.0,0.00,0.00,0,BUY PE,BUY PE,BUY CE
EXIT,2026-05-06,09:45:12,24100,PE,BUY PE,36.7,24144.70,0.00,24081.0,24177.0,9.0,09:46:12,24144.70,0.00,FLIP,1.0,0.00,0.00,0,BUY PE,BUY PE,BUY CE
OPEN,2026-05-06,09:46:12,24200,CE,BUY CE,36.0,24134.85,191.20,24195.0,24105.0,18.0,,0.00,0.00,,0.0,0.00,0.00,0,BUY PE,BUY CE,BUY CE
EXIT,2026-05-06,09:46:12,24200,CE,BUY CE,36.0,24134.85,191.20,24195.0,24105.0,18.0,09:47:12,24134.85,191.20,FLIP,1.0,0.00,0.00,0,BUY PE,BUY CE,BUY CE
OPEN,2026-05-06,09:47:12,24100,PE,BUY PE,35.6,24138.85,0.00,24079.0,24169.0,9.0,,0.00,0.00,,0.0,0.00,0.00,0,BUY PE,BUY PE,BUY PE
EXIT,2026-05-06,09:47:12,24100,PE,BUY PE,35.6,24138.85,0.00,24079.0,24169.0,9.0,09:50:12,24140.65,159.45,FLIP,3.0,-0.01,0.00,0,BUY PE,BUY PE,BUY PE
OPEN,2026-05-06,09:50:12,24200,CE,BUY CE,35.4,24131.65,192.55,24193.0,24101.0,18.0,,0.00,0.00,,0.0,0.00,0.00,0,BUY PE,BUY CE,BUY PE
EXIT,2026-05-06,09:50:12,24200,CE,BUY CE,35.4,24131.65,192.55,24193.0,24101.0,18.0,09:51:12,24131.65,192.55,FLIP,1.0,0.00,0.00,0,BUY PE,BUY CE,BUY PE
OPEN,2026-05-06,09:51:12,24100,PE,BUY PE,35.4,24125.30,159.45,24067.0,24154.0,9.0,,0.00,0.00,,0.0,0.00,0.00,0,BUY PE,BUY CE,BUY CE
EXIT,2026-05-06,09:51:12,24100,PE,BUY PE,35.4,24125.30,159.45,24067.0,24154.0,9.0,09:56:12,24161.60,160.30,SL,5.0,-0.15,0.53,55,BUY PE,BUY CE,BUY CE
OPEN,2026-05-06,09:57:12,24100,PE,BUY PE,36.5,24155.85,153.70,24098.0,24185.0,9.0,,0.00,0.00,,0.0,0.00,0.00,0,BUY PE,BUY PE,BUY PE
EXIT,2026-05-06,09:57:12,24100,PE,BUY PE,36.5,24155.85,153.70,24098.0,24185.0,9.0,10:03:12,24129.65,162.95,FLIP,6.0,0.11,6.02,601,BUY PE,BUY PE,BUY PE
OPEN,2026-05-06,10:03:12,24150,CE,BUY CE,35.4,24119.60,211.65,24178.0,24091.0,18.0,,0.00,0.00,,0.0,0.00,0.00,0,BUY PE,BUY CE,BUY PE
EXIT,2026-05-06,10:03:12,24150,CE,BUY CE,35.4,24119.60,211.65,24178.0,24091.0,18.0,10:12:12,24112.35,198.60,FLIP,9.0,-0.03,-6.17,-848,BUY PE,BUY CE,BUY PE
OPEN,2026-05-06,10:12:12,24050,PE,BUY PE,35.4,24114.50,149.65,24059.0,24143.0,9.0,,0.00,0.00,,0.0,0.00,0.00,0,BUY PE,BUY PE,BUY PE
OPEN,2026-05-06,10:13:12,24100,PE,BUY PE,37.7,24126.50,170.60,24071.0,24155.0,9.0,,0.00,0.00,,0.0,0.00,0.00,0,BUY PE,BUY PE,BUY PE
EXIT,2026-05-06,10:12:12,24050,PE,BUY PE,35.4,24114.50,149.65,24059.0,24143.0,9.0,10:21:12,24146.65,134.20,SL,9.0,-0.13,-10.32,-1004,BUY PE,BUY PE,BUY PE
EXIT,2026-05-06,10:13:12,24100,PE,BUY PE,37.7,24126.50,170.60,24071.0,24155.0,9.0,10:22:12,24153.25,146.80,TIMEOUT,9.0,-0.11,-13.95,-1547,BUY PE,BUY PE,BUY PE
OPEN,2026-05-06,10:23:12,24100,PE,BUY PE,36.0,24151.60,146.80,24097.0,24179.0,9.0,,0.00,0.00,,0.0,0.00,0.00,0,BUY PE,BUY PE,NO TRADE
EXIT,2026-05-06,10:23:12,24100,PE,BUY PE,36.0,24151.60,146.80,24097.0,24179.0,9.0,10:33:12,24139.55,153.45,TIMEOUT,10.0,0.05,4.53,432,BUY PE,BUY PE,NO TRADE
OPEN,2026-05-06,10:55:12,24050,PE,BUY PE,35.1,24093.35,154.40,24042.0,24119.0,9.0,,0.00,0.00,,0.0,0.00,0.00,0,NO TRADE,BUY PE,BUY PE
EXIT,2026-05-06,10:55:12,24050,PE,BUY PE,35.1,24093.35,154.40,24042.0,24119.0,9.0,11:05:12,24076.30,152.30,TIMEOUT,10.0,0.07,-1.36,-136,NO TRADE,BUY PE,BUY PE
OPEN,2026-05-06,12:23:12,24100,CE,BUY CE,36.0,24043.15,192.50,24084.0,24023.0,18.0,,0.00,0.00,,0.0,0.00,0.00,0,NO TRADE,BUY CE,BUY CE
EXIT,2026-05-06,12:23:12,24100,CE,BUY CE,36.0,24043.15,192.50,24084.0,24023.0,18.0,12:33:12,24053.55,192.75,FLIP,10.0,0.04,0.13,16,NO TRADE,BUY CE,BUY CE
OPEN,2026-05-06,12:33:12,24000,PE,BUY PE,35.2,24049.65,165.55,24009.0,24070.0,9.0,,0.00,0.00,,0.0,0.00,0.00,0,NO TRADE,BUY PE,BUY CE
EXIT,2026-05-06,12:33:12,24000,PE,BUY PE,35.2,24049.65,165.55,24009.0,24070.0,9.0,12:37:12,24045.80,167.25,FLIP,4.0,0.02,1.03,110,NO TRADE,BUY PE,BUY CE
OPEN,2026-05-06,12:37:12,24100,CE,BUY CE,35.0,24042.55,194.20,24083.0,24023.0,18.0,,0.00,0.00,,0.0,0.00,0.00,0,NO TRADE,NO TRADE,BUY CE
OPEN,2026-05-06,12:44:12,24050,CE,BUY CE,36.8,24021.65,214.70,24063.0,24001.0,18.0,,0.00,0.00,,0.0,0.00,0.00,0,NO TRADE,BUY CE,BUY CE
EXIT,2026-05-06,12:37:12,24100,CE,BUY CE,35.0,24042.55,194.20,24083.0,24023.0,18.0,12:44:12,24021.65,189.25,SL,7.0,-0.09,-2.55,-322,NO TRADE,NO TRADE,BUY CE
EXIT,2026-05-06,12:44:12,24050,CE,BUY CE,36.8,24021.65,214.70,24063.0,24001.0,18.0,12:58:12,24014.60,206.30,FLIP,14.0,-0.03,-3.91,-546,NO TRADE,BUY CE,BUY CE
OPEN,2026-05-06,12:58:12,23950,PE,BUY PE,35.1,24021.55,167.05,23982.0,24042.0,9.0,,0.00,0.00,,0.0,0.00,0.00,0,NO TRADE,BUY PE,NO TRADE
EXIT,2026-05-06,12:58:12,23950,PE,BUY PE,35.1,24021.55,167.05,23982.0,24042.0,9.0,13:02:12,24015.80,160.55,FLIP,4.0,0.02,-3.89,-422,NO TRADE,BUY PE,NO TRADE
OPEN,2026-05-06,13:02:12,24050,CE,BUY CE,35.6,24011.10,207.05,24050.0,23992.0,18.0,,0.00,0.00,,0.0,0.00,0.00,0,BUY CE,BUY CE,BUY CE
EXIT,2026-05-06,13:02:12,24050,CE,BUY CE,35.6,24011.10,207.05,24050.0,23992.0,18.0,13:07:12,24009.40,206.75,FLIP,5.0,-0.01,-0.14,-20,BUY CE,BUY CE,BUY CE
OPEN,2026-05-06,13:07:12,23950,PE,BUY PE,35.4,24023.35,170.45,23983.0,24043.0,9.0,,0.00,0.00,,0.0,0.00,0.00,0,BUY CE,BUY PE,NO TRADE
OPEN,2026-05-06,13:08:12,24000,PE,BUY PE,36.6,24026.00,192.10,23985.0,24047.0,9.0,,0.00,0.00,,0.0,0.00,0.00,0,NO TRADE,BUY PE,NO TRADE
EXIT,2026-05-06,13:07:12,23950,PE,BUY PE,35.4,24023.35,170.45,23983.0,24043.0,9.0,13:16:12,24050.25,150.55,SL,9.0,-0.11,-11.67,-1293,BUY CE,BUY PE,NO TRADE
EXIT,2026-05-06,13:08:12,24000,PE,BUY PE,36.6,24026.00,192.10,23985.0,24047.0,9.0,13:16:12,24050.25,171.05,SL,8.0,-0.10,-10.96,-1368,NO TRADE,BUY PE,NO TRADE
OPEN,2026-05-06,13:17:12,24000,PE,BUY PE,35.4,24057.55,161.70,24017.0,24078.0,9.0,,0.00,0.00,,0.0,0.00,0.00,0,NO TRADE,BUY PE,NO TRADE
EXIT,2026-05-06,13:17:12,24000,PE,BUY PE,35.4,24057.55,161.70,24017.0,24078.0,9.0,13:20:12,24067.70,161.70,FLIP,3.0,-0.04,0.00,0,NO TRADE,BUY PE,NO TRADE
OPEN,2026-05-06,13:20:12,24100,CE,BUY CE,35.0,24064.20,204.90,24106.0,24043.0,18.0,,0.00,0.00,,0.0,0.00,0.00,0,NO TRADE,BUY CE,NO TRADE
OPEN,2026-05-06,13:24:12,24150,CE,BUY CE,35.3,24084.50,183.55,24127.0,24064.0,18.0,,0.00,0.00,,0.0,0.00,0.00,0,BUY CE,BUY CE,NO TRADE
EXIT,2026-05-06,13:20:12,24100,CE,BUY CE,35.0,24064.20,204.90,24106.0,24043.0,18.0,13:38:12,24101.30,220.95,TIMEOUT,18.0,0.15,7.83,1043,NO TRADE,BUY CE,NO TRADE
EXIT,2026-05-06,13:24:12,24150,CE,BUY CE,35.3,24084.50,183.55,24127.0,24064.0,18.0,13:43:12,24102.60,201.25,TIMEOUT,19.0,0.08,9.64,1150,BUY CE,BUY CE,NO TRADE
OPEN,2026-05-06,13:44:12,24150,CE,BUY CE,40.0,24097.60,201.25,24138.0,24078.0,18.0,,0.00,0.00,,0.0,0.00,0.00,0,BUY CE,BUY CE,NO TRADE
EXIT,2026-05-06,13:44:12,24150,CE,BUY CE,40.0,24097.60,201.25,24138.0,24078.0,18.0,14:02:12,24113.60,204.80,TIMEOUT,18.0,0.07,1.76,231,BUY CE,BUY CE,NO TRADE
OPEN,2026-05-06,14:03:12,24150,CE,BUY CE,38.8,24109.35,206.35,24147.0,24090.0,18.0,,0.00,0.00,,0.0,0.00,0.00,0,BUY CE,BUY CE,BUY CE
OPEN,2026-05-06,14:14:12,24200,CE,BUY CE,37.7,24129.00,179.10,24167.0,24110.0,18.0,,0.00,0.00,,0.0,0.00,0.00,0,BUY CE,BUY CE,BUY PE
EXIT,2026-05-06,14:03:12,24150,CE,BUY CE,38.8,24109.35,206.35,24147.0,24090.0,18.0,14:20:12,24147.30,220.50,TARGET,17.0,0.16,6.86,920,BUY CE,BUY CE,BUY CE
OPEN,2026-05-06,14:21:12,24250,CE,BUY CE,37.5,24194.45,168.80,24238.0,24172.0,18.0,,0.00,0.00,,0.0,0.00,0.00,0,BUY CE,BUY CE,BUY CE
EXIT,2026-05-06,14:14:12,24200,CE,BUY CE,37.7,24129.00,179.10,24167.0,24110.0,18.0,14:21:12,24194.45,194.00,TARGET,7.0,0.27,8.32,969,BUY CE,BUY CE,BUY PE
OPEN,2026-05-06,14:23:12,24300,CE,BUY CE,37.8,24236.80,188.70,24285.0,24213.0,18.0,,0.00,0.00,,0.0,0.00,0.00,0,BUY CE,BUY PE,BUY CE
EXIT,2026-05-06,14:21:12,24250,CE,BUY CE,37.5,24194.45,168.80,24238.0,24172.0,18.0,14:24:12,24236.80,217.35,FLIP,3.0,0.18,28.76,3156,BUY CE,BUY CE,BUY CE
EXIT,2026-05-06,14:23:12,24300,CE,BUY CE,37.8,24236.80,188.70,24285.0,24213.0,18.0,14:24:12,24236.80,188.70,FLIP,1.0,0.00,0.00,0,BUY CE,BUY PE,BUY CE
OPEN,2026-05-06,14:24:12,24200,PE,BUY PE,38.8,24252.50,140.35,24202.0,24278.0,9.0,,0.00,0.00,,0.0,0.00,0.00,0,BUY CE,BUY PE,BUY PE
OPEN,2026-05-06,14:27:12,24250,PE,BUY PE,43.8,24299.70,145.75,24246.0,24327.0,9.0,,0.00,0.00,,0.0,0.00,0.00,0,BUY CE,BUY PE,BUY CE
EXIT,2026-05-06,14:24:12,24200,PE,BUY PE,38.8,24252.50,140.35,24202.0,24278.0,9.0,14:27:12,24299.70,127.35,SL,3.0,-0.19,-9.26,-845,BUY CE,BUY PE,BUY PE
EXIT,2026-05-06,14:27:12,24250,PE,BUY PE,43.8,24299.70,145.75,24246.0,24327.0,9.0,14:33:12,24321.25,128.50,FLIP,6.0,-0.09,-11.84,-1121,BUY CE,BUY PE,BUY CE
OPEN,2026-05-06,14:33:12,24350,CE,BUY CE,41.7,24296.60,223.00,24355.0,24268.0,18.0,,0.00,0.00,,0.0,0.00,0.00,0,BUY CE,BUY PE,BUY CE
OPEN,2026-05-06,14:36:12,24300,CE,BUY CE,45.8,24293.20,243.40,24351.0,24264.0,31.0,,0.00,0.00,,0.0,0.00,0.00,0,BUY CE,BUY CE,BUY CE
OPEN,2026-05-06,14:42:12,24400,CE,BUY CE,41.6,24326.20,182.85,24385.0,24297.0,18.0,,0.00,0.00,,0.0,0.00,0.00,0,BUY CE,BUY CE,BUY CE
EXIT,2026-05-06,14:36:12,24300,CE,BUY CE,45.8,24293.20,243.40,24351.0,24264.0,31.0,14:50:12,24351.90,258.05,TARGET,14.0,0.24,6.02,952,BUY CE,BUY CE,BUY CE
EXIT,2026-05-06,14:33:12,24350,CE,BUY CE,41.7,24296.60,223.00,24355.0,24268.0,18.0,14:51:12,24348.55,244.00,TIMEOUT,18.0,0.21,9.42,1365,BUY CE,BUY PE,BUY CE
OPEN,2026-05-06,14:52:12,24350,CE,BUY CE,45.4,24342.75,244.00,24402.0,24313.0,31.0,,0.00,0.00,,0.0,0.00,0.00,0,BUY CE,BUY CE,BUY CE
EXIT,2026-05-06,14:42:12,24400,CE,BUY CE,41.6,24326.20,182.85,24385.0,24297.0,18.0,15:00:12,24346.15,208.00,TIMEOUT,18.0,0.08,13.75,1635,BUY CE,BUY CE,BUY CE
OPEN,2026-05-06,15:01:12,24300,CE,BUY CE,55.1,24321.45,266.55,24381.0,24291.0,28.0,,0.00,0.00,,0.0,0.00,0.00,0,BUY CE,BUY CE,BUY CE
EXIT,2026-05-06,14:52:12,24350,CE,BUY CE,45.4,24342.75,244.00,24402.0,24313.0,31.0,15:24:12,24327.50,219.45,TIMEOUT,32.0,-0.06,-10.06,-1596,BUY CE,BUY CE,BUY CE
OPEN,2026-05-06,15:25:12,24350,CE,BUY CE,52.0,24329.50,219.45,24384.0,24303.0,4.0,,0.00,0.00,,0.0,0.00,0.00,0,BUY CE,BUY CE,BUY PE
EXIT,2026-05-06,15:25:12,24350,CE,BUY CE,52.0,24329.50,219.45,24384.0,24303.0,4.0,15:29:12,24340.60,233.00,TIMEOUT,4.0,0.05,6.17,881,BUY CE,BUY CE,BUY PE
EXIT,2026-05-06,15:01:12,24300,CE,BUY CE,55.1,24321.45,266.55,24381.0,24291.0,28.0,15:29:12,24340.60,262.00,TIMEOUT,28.0,0.08,-1.71,-296,BUY CE,BUY CE,BUY CE
OPEN,2026-05-06,15:30:12,24350,CE,BUY CE,53.7,24339.05,233.00,24392.0,24313.0,25.0,,0.00,0.00,,0.0,0.00,0.00,0,BUY CE,BUY CE,BUY CE
EXIT,2026-05-06,15:30:12,24350,CE,BUY CE,53.7,24339.05,233.00,24392.0,24313.0,25.0,15:30:12,24339.05,233.00,EOD,0.0,0.00,0.00,0,BUY CE,BUY CE,BUY CE
OPEN,2026-05-07,09:00:12,24300,PE,BUY PE,36.1,24330.95,131.85,24277.0,24358.0,9.0,,0.00,0.00,,0.0,0.00,0.00,0,BUY PE,BUY PE,BUY PE
OPEN,2026-05-07,09:08:12,24350,PE,BUY PE,38.8,24398.50,152.95,24338.0,24429.0,9.0,,0.00,0.00,,0.0,0.00,0.00,0,BUY PE,BUY PE,BUY PE
EXIT,2026-05-07,09:00:12,24300,PE,BUY PE,36.1,24330.95,131.85,24277.0,24358.0,9.0,09:08:12,24398.50,131.85,SL,8.0,-0.28,0.00,0,BUY PE,BUY PE,BUY PE
OPEN,2026-05-07,09:16:12,24400,PE,BUY PE,47.2,24378.75,162.80,24319.0,24409.0,9.0,,0.00,0.00,,0.0,0.00,0.00,0,BUY PE,BUY PE,NO TRADE
EXIT,2026-05-07,09:08:12,24350,PE,BUY PE,38.8,24398.50,152.95,24338.0,24429.0,9.0,09:18:12,24358.25,141.45,TIMEOUT,10.0,0.16,-7.52,-748,BUY PE,BUY PE,BUY PE
OPEN,2026-05-07,09:19:12,24350,PE,BUY PE,47.5,24327.70,166.60,24267.0,24358.0,9.0,,0.00,0.00,,0.0,0.00,0.00,0,BUY PE,BUY PE,BUY PE
OPEN,2026-05-07,09:20:12,24300,PE,BUY PE,47.8,24316.80,145.60,24255.0,24348.0,9.0,,0.00,0.00,,0.0,0.00,0.00,0,BUY PE,BUY PE,BUY PE
EXIT,2026-05-07,09:16:12,24400,PE,BUY PE,47.2,24378.75,162.80,24319.0,24409.0,9.0,09:20:12,24316.80,191.40,TARGET,4.0,0.25,17.57,1859,BUY PE,BUY PE,NO TRADE
EXIT,2026-05-07,09:19:12,24350,PE,BUY PE,47.5,24327.70,166.60,24267.0,24358.0,9.0,09:28:12,24332.75,178.10,TIMEOUT,9.0,-0.02,6.90,748,BUY PE,BUY PE,BUY PE
OPEN,2026-05-07,09:29:12,24350,PE,BUY PE,48.6,24345.05,189.75,24282.0,24377.0,9.0,,0.00,0.00,,0.0,0.00,0.00,0,BUY PE,BUY PE,BUY PE
EXIT,2026-05-07,09:20:12,24300,PE,BUY PE,47.8,24316.80,145.60,24255.0,24348.0,9.0,09:29:12,24345.05,165.35,TIMEOUT,9.0,-0.12,13.56,1284,BUY PE,BUY PE,BUY PE
OPEN,2026-05-07,09:35:12,24300,PE,BUY PE,44.9,24362.65,144.80,24298.0,24395.0,9.0,,0.00,0.00,,0.0,0.00,0.00,0,BUY PE,BUY PE,BUY PE
EXIT,2026-05-07,09:29:12,24350,PE,BUY PE,48.6,24345.05,189.75,24282.0,24377.0,9.0,09:39:12,24351.70,163.15,TIMEOUT,10.0,-0.03,-14.02,-1729,BUY PE,BUY PE,BUY PE
OPEN,2026-05-07,09:42:12,24350,PE,BUY PE,43.7,24390.85,164.25,24327.0,24423.0,9.0,,0.00,0.00,,0.0,0.00,0.00,0,BUY PE,BUY PE,BUY PE
EXIT,2026-05-07,09:35:12,24300,PE,BUY PE,44.9,24362.65,144.80,24298.0,24395.0,9.0,09:43:12,24396.80,142.10,SL,8.0,-0.14,-1.86,-176,BUY PE,BUY PE,BUY PE
OPEN,2026-05-07,09:48:12,24300,PE,BUY PE,40.1,24373.30,128.00,24308.0,24406.0,9.0,,0.00,0.00,,0.0,0.00,0.00,0,BUY PE,BUY PE,BUY PE
EXIT,2026-05-07,09:42:12,24350,PE,BUY PE,43.7,24390.85,164.25,24327.0,24423.0,9.0,09:52:12,24356.40,165.85,TIMEOUT,10.0,0.14,0.97,104,BUY PE,BUY PE,BUY PE
EXIT,2026-05-07,09:48:12,24300,PE,BUY PE,40.1,24373.30,128.00,24308.0,24406.0,9.0,09:58:12,24336.40,158.10,TIMEOUT,10.0,0.15,23.52,1956,BUY PE,BUY PE,BUY PE
OPEN,2026-05-07,09:59:12,24300,PE,BUY PE,41.8,24349.95,158.10,24284.0,24383.0,9.0,,0.00,0.00,,0.0,0.00,0.00,0,BUY PE,BUY PE,BUY PE
OPEN,2026-05-07,10:02:12,24350,PE,BUY PE,40.9,24377.25,176.30,24311.0,24410.0,9.0,,0.00,0.00,,0.0,0.00,0.00,0,BUY PE,BUY PE,BUY PE
EXIT,2026-05-07,09:59:12,24300,PE,BUY PE,41.8,24349.95,158.10,24284.0,24383.0,9.0,10:08:12,24327.95,143.80,TIMEOUT,9.0,0.09,-9.04,-929,BUY PE,BUY PE,BUY PE
OPEN,2026-05-07,10:09:12,24300,PE,BUY PE,39.4,24326.60,143.80,24258.0,24361.0,9.0,,0.00,0.00,,0.0,0.00,0.00,0,BUY PE,BUY PE,BUY PE
EXIT,2026-05-07,10:02:12,24350,PE,BUY PE,40.9,24377.25,176.30,24311.0,24410.0,9.0,10:11:12,24336.75,187.45,TIMEOUT,9.0,0.17,6.32,725,BUY PE,BUY PE,BUY PE
OPEN,2026-05-07,10:12:12,24250,PE,BUY PE,39.9,24312.65,135.70,24245.0,24347.0,9.0,,0.00,0.00,,0.0,0.00,0.00,0,BUY PE,BUY PE,BUY PE
EXIT,2026-05-07,10:09:12,24300,PE,BUY PE,39.4,24326.60,143.80,24258.0,24361.0,9.0,10:18:12,24345.95,160.30,TIMEOUT,9.0,-0.08,11.47,1072,BUY PE,BUY PE,BUY PE
OPEN,2026-05-07,10:19:12,24300,PE,BUY PE,39.4,24338.75,160.30,24272.0,24372.0,9.0,,0.00,0.00,,0.0,0.00,0.00,0,BUY PE,BUY PE,BUY PE
EXIT,2026-05-07,10:12:12,24250,PE,BUY PE,39.9,24312.65,135.70,24245.0,24347.0,9.0,10:20:12,24351.05,130.05,SL,8.0,-0.16,-4.16,-367,BUY PE,BUY PE,BUY PE
EXIT,2026-05-07,10:19:12,24300,PE,BUY PE,39.4,24338.75,160.30,24272.0,24372.0,9.0,10:29:12,24353.90,144.30,TIMEOUT,10.0,-0.06,-9.98,-1040,BUY PE,BUY PE,BUY PE
OPEN,2026-05-07,10:30:12,24300,PE,BUY PE,36.1,24360.75,145.35,24299.0,24392.0,9.0,,0.00,0.00,,0.0,0.00,0.00,0,BUY PE,NO TRADE,NO TRADE
EXIT,2026-05-07,10:30:12,24300,PE,BUY PE,36.1,24360.75,145.35,24299.0,24392.0,9.0,10:39:12,24360.65,144.65,TIMEOUT,9.0,0.00,-0.48,-45,BUY PE,NO TRADE,NO TRADE
OPEN,2026-05-07,11:33:12,24300,PE,BUY PE,36.5,24339.45,159.55,24290.0,24364.0,9.0,,0.00,0.00,,0.0,0.00,0.00,0,NO TRADE,BUY PE,NO TRADE
OPEN,2026-05-07,11:35:12,24250,PE,BUY PE,36.5,24322.95,138.95,24274.0,24347.0,9.0,,0.00,0.00,,0.0,0.00,0.00,0,NO TRADE,BUY PE,BUY CE
EXIT,2026-05-07,11:33:12,24300,PE,BUY PE,36.5,24339.45,159.55,24290.0,24364.0,9.0,11:42:12,24311.50,166.60,TIMEOUT,9.0,0.11,4.42,458,NO TRADE,BUY PE,NO TRADE
EXIT,2026-05-07,11:35:12,24250,PE,BUY PE,36.5,24322.95,138.95,24274.0,24347.0,9.0,11:45:12,24287.25,148.05,TIMEOUT,10.0,0.15,6.55,592,NO TRADE,BUY PE,BUY CE
OPEN,2026-05-07,11:46:12,24250,PE,BUY PE,35.6,24291.00,154.95,24246.0,24314.0,9.0,,0.00,0.00,,0.0,0.00,0.00,0,BUY PE,BUY PE,BUY PE
EXIT,2026-05-07,11:46:12,24250,PE,BUY PE,35.6,24291.00,154.95,24246.0,24314.0,9.0,11:51:12,24315.50,150.70,SL,5.0,-0.10,-2.74,-276,BUY PE,BUY PE,BUY PE
OPEN,2026-05-07,11:52:12,24250,PE,BUY PE,35.7,24321.85,150.70,24276.0,24345.0,9.0,,0.00,0.00,,0.0,0.00,0.00,0,BUY CE,NO TRADE,NO TRADE
OPEN,2026-05-07,11:53:12,24300,PE,BUY PE,35.8,24329.90,168.80,24283.0,24353.0,9.0,,0.00,0.00,,0.0,0.00,0.00,0,NO TRADE,BUY PE,NO TRADE
EXIT,2026-05-07,11:52:12,24250,PE,BUY PE,35.7,24321.85,150.70,24276.0,24345.0,9.0,11:59:12,24345.20,139.15,SL,7.0,-0.10,-7.66,-751,BUY CE,NO TRADE,NO TRADE
EXIT,2026-05-07,11:53:12,24300,PE,BUY PE,35.8,24329.90,168.80,24283.0,24353.0,9.0,12:02:12,24361.30,153.90,SL,9.0,-0.13,-8.83,-969,NO TRADE,BUY PE,NO TRADE
OPEN,2026-05-07,12:13:12,24400,CE,BUY CE,35.5,24352.80,163.20,24397.0,24331.0,18.0,,0.00,0.00,,0.0,0.00,0.00,0,BUY CE,BUY CE,NO TRADE
EXIT,2026-05-07,12:13:12,24400,CE,BUY CE,35.5,24352.80,163.20,24397.0,24331.0,18.0,12:31:12,24349.30,165.75,TIMEOUT,18.0,-0.01,1.56,166,BUY CE,BUY CE,NO TRADE
OPEN,2026-05-07,12:33:12,24300,PE,BUY PE,35.6,24344.30,142.75,24301.0,24366.0,9.0,,0.00,0.00,,0.0,0.00,0.00,0,BUY PE,BUY PE,BUY CE
OPEN,2026-05-07,12:38:12,24350,PE,BUY PE,35.8,24398.45,174.40,24349.0,24423.0,9.0,,0.00,0.00,,0.0,0.00,0.00,0,BUY CE,BUY PE,BUY PE
EXIT,2026-05-07,12:33:12,24300,PE,BUY PE,35.6,24344.30,142.75,24301.0,24366.0,9.0,12:38:12,24398.45,150.50,SL,5.0,-0.22,5.43,504,BUY PE,BUY PE,BUY CE
OPEN,2026-05-07,12:40:12,24400,PE,BUY PE,36.7,24444.90,190.75,24390.0,24472.0,9.0,,0.00,0.00,,0.0,0.00,0.00,0,BUY PE,BUY PE,BUY CE
EXIT,2026-05-07,12:38:12,24350,PE,BUY PE,35.8,24398.45,174.40,24349.0,24423.0,9.0,12:40:12,24444.90,164.50,SL,2.0,-0.19,-5.68,-644,BUY CE,BUY PE,BUY PE
EXIT,2026-05-07,12:40:12,24400,PE,BUY PE,36.7,24444.90,190.75,24390.0,24472.0,9.0,12:43:12,24458.15,150.00,FLIP,3.0,-0.05,-21.36,-2649,BUY PE,BUY PE,BUY CE
OPEN,2026-05-07,12:43:12,24500,CE,BUY CE,37.1,24465.40,167.45,24520.0,24438.0,18.0,,0.00,0.00,,0.0,0.00,0.00,0,BUY CE,BUY PE,BUY CE
EXIT,2026-05-07,12:43:12,24500,CE,BUY CE,37.1,24465.40,167.45,24520.0,24438.0,18.0,12:44:12,24465.40,167.45,FLIP,1.0,0.00,0.00,0,BUY CE,BUY PE,BUY CE
OPEN,2026-05-07,12:44:12,24400,PE,BUY PE,38.0,24474.00,141.10,24418.0,24502.0,9.0,,0.00,0.00,,0.0,0.00,0.00,0,BUY CE,BUY PE,BUY CE
EXIT,2026-05-07,12:44:12,24400,PE,BUY PE,38.0,24474.00,141.10,24418.0,24502.0,9.0,12:45:12,24474.00,141.10,FLIP,1.0,0.00,0.00,0,BUY CE,BUY PE,BUY CE
OPEN,2026-05-07,12:45:12,24500,CE,BUY CE,38.4,24461.75,176.85,24518.0,24434.0,18.0,,0.00,0.00,,0.0,0.00,0.00,0,BUY CE,BUY CE,BUY CE
EXIT,2026-05-07,12:45:12,24500,CE,BUY CE,38.4,24461.75,176.85,24518.0,24434.0,18.0,12:51:12,24430.15,165.20,SL,6.0,-0.13,-6.59,-757,BUY CE,BUY CE,BUY CE
OPEN,2026-05-07,12:52:12,24350,PE,BUY PE,40.8,24405.15,125.10,24347.0,24434.0,9.0,,0.00,0.00,,0.0,0.00,0.00,0,BUY PE,BUY PE,BUY CE
EXIT,2026-05-07,12:52:12,24350,PE,BUY PE,40.8,24405.15,125.10,24347.0,24434.0,9.0,13:02:12,24393.30,150.00,TIMEOUT,10.0,0.05,19.90,1619,BUY PE,BUY PE,BUY CE
OPEN,2026-05-07,13:03:12,24350,PE,BUY PE,42.4,24399.95,150.00,24341.0,24429.0,9.0,,0.00,0.00,,0.0,0.00,0.00,0,BUY PE,BUY PE,BUY PE
EXIT,2026-05-07,13:03:12,24350,PE,BUY PE,42.4,24399.95,150.00,24341.0,24429.0,9.0,13:13:12,24386.25,154.05,TIMEOUT,10.0,0.06,2.70,263,BUY PE,BUY PE,BUY PE
OPEN,2026-05-07,13:14:12,24350,PE,BUY PE,40.9,24389.60,154.60,24332.0,24419.0,9.0,,0.00,0.00,,0.0,0.00,0.00,0,BUY PE,BUY PE,BUY PE
OPEN,2026-05-07,13:18:12,24300,PE,BUY PE,39.4,24369.90,134.95,24313.0,24398.0,9.0,,0.00,0.00,,0.0,0.00,0.00,0,BUY PE,BUY CE,BUY CE
EXIT,2026-05-07,13:14:12,24350,PE,BUY PE,40.9,24389.60,154.60,24332.0,24419.0,9.0,13:23:12,24357.20,169.30,TIMEOUT,9.0,0.13,9.51,956,BUY PE,BUY PE,BUY PE
EXIT,2026-05-07,13:18:12,24300,PE,BUY PE,39.4,24369.90,134.95,24313.0,24398.0,9.0,13:27:12,24352.10,146.50,TIMEOUT,9.0,0.07,8.56,751,BUY PE,BUY CE,BUY CE
OPEN,2026-05-07,13:28:12,24300,PE,BUY PE,44.8,24355.90,146.50,24294.0,24387.0,9.0,,0.00,0.00,,0.0,0.00,0.00,0,BUY PE,BUY PE,BUY PE
OPEN,2026-05-07,13:30:12,24350,PE,BUY PE,45.2,24353.75,170.45,24293.0,24384.0,9.0,,0.00,0.00,,0.0,0.00,0.00,0,BUY PE,BUY PE,BUY PE
EXIT,2026-05-07,13:28:12,24300,PE,BUY PE,44.8,24355.90,146.50,24294.0,24387.0,9.0,13:37:12,24364.00,146.90,TIMEOUT,9.0,-0.03,0.27,26,BUY PE,BUY PE,BUY PE
OPEN,2026-05-07,13:38:12,24300,PE,BUY PE,42.3,24356.40,146.90,24299.0,24385.0,9.0,,0.00,0.00,,0.0,0.00,0.00,0,BUY PE,BUY PE,BUY PE
EXIT,2026-05-07,13:30:12,24350,PE,BUY PE,45.2,24353.75,170.45,24293.0,24384.0,9.0,13:40:12,24336.95,176.70,TIMEOUT,10.0,0.07,3.67,406,BUY PE,BUY PE,BUY PE
EXIT,2026-05-07,13:38:12,24300,PE,BUY PE,42.3,24356.40,146.90,24299.0,24385.0,9.0,13:48:12,24358.55,152.10,TIMEOUT,10.0,-0.01,3.54,338,BUY PE,BUY PE,BUY PE
OPEN,2026-05-07,13:49:12,24300,PE,BUY PE,42.9,24348.55,152.10,24291.0,24378.0,9.0,,0.00,0.00,,0.0,0.00,0.00,0,BUY PE,BUY PE,BUY PE
EXIT,2026-05-07,13:49:12,24300,PE,BUY PE,42.9,24348.55,152.10,24291.0,24378.0,9.0,13:59:12,24367.55,140.15,TIMEOUT,10.0,-0.08,-7.86,-777,BUY PE,BUY PE,BUY PE
OPEN,2026-05-07,14:00:12,24300,PE,BUY PE,39.4,24365.80,142.50,24311.0,24393.0,9.0,,0.00,0.00,,0.0,0.00,0.00,0,BUY PE,BUY PE,BUY CE
EXIT,2026-05-07,14:00:12,24300,PE,BUY PE,39.4,24365.80,142.50,24311.0,24393.0,9.0,14:09:12,24366.70,145.75,TIMEOUT,9.0,-0.00,2.28,211,BUY PE,BUY PE,BUY CE
OPEN,2026-05-07,14:10:12,24300,PE,BUY PE,39.5,24373.70,137.85,24318.0,24402.0,9.0,,0.00,0.00,,0.0,0.00,0.00,0,BUY PE,BUY PE,BUY CE
EXIT,2026-05-07,14:10:12,24300,PE,BUY PE,39.5,24373.70,137.85,24318.0,24402.0,9.0,14:19:12,24346.40,145.90,TIMEOUT,9.0,0.11,5.84,523,BUY PE,BUY PE,BUY CE
OPEN,2026-05-07,14:20:12,24300,PE,BUY PE,42.4,24346.55,146.65,24293.0,24374.0,9.0,,0.00,0.00,,0.0,0.00,0.00,0,BUY PE,BUY PE,BUY PE
OPEN,2026-05-07,14:26:12,24350,PE,BUY PE,39.2,24376.20,161.70,24324.0,24402.0,9.0,,0.00,0.00,,0.0,0.00,0.00,0,BUY PE,BUY PE,BUY CE
EXIT,2026-05-07,14:20:12,24300,PE,BUY PE,42.4,24346.55,146.65,24293.0,24374.0,9.0,14:26:12,24376.20,138.80,SL,6.0,-0.12,-5.35,-510,BUY PE,BUY PE,BUY PE
OPEN,2026-05-07,14:27:12,24300,PE,BUY PE,38.9,24363.90,138.80,24311.0,24390.0,9.0,,0.00,0.00,,0.0,0.00,0.00,0,BUY PE,BUY PE,BUY CE
EXIT,2026-05-07,14:26:12,24350,PE,BUY PE,39.2,24376.20,161.70,24324.0,24402.0,9.0,14:35:12,24366.35,161.60,TIMEOUT,9.0,0.04,-0.06,-6,BUY PE,BUY PE,BUY CE
EXIT,2026-05-07,14:27:12,24300,PE,BUY PE,38.9,24363.90,138.80,24311.0,24390.0,9.0,14:36:12,24366.25,131.85,TIMEOUT,9.0,-0.01,-5.01,-452,BUY PE,BUY PE,BUY CE
OPEN,2026-05-07,14:37:12,24300,PE,BUY PE,38.9,24361.35,131.85,24310.0,24387.0,9.0,,0.00,0.00,,0.0,0.00,0.00,0,BUY CE,BUY PE,BUY CE
EXIT,2026-05-07,14:37:12,24300,PE,BUY PE,38.9,24361.35,131.85,24310.0,24387.0,9.0,14:47:12,24332.95,150.60,TIMEOUT,10.0,0.12,14.22,1219,BUY CE,BUY PE,BUY CE
OPEN,2026-05-07,14:48:12,24300,PE,BUY PE,40.1,24334.70,149.90,24283.0,24361.0,9.0,,0.00,0.00,,0.0,0.00,0.00,0,BUY PE,BUY PE,BUY CE
EXIT,2026-05-07,14:48:12,24300,PE,BUY PE,40.1,24334.70,149.90,24283.0,24361.0,9.0,14:57:12,24360.85,142.50,TIMEOUT,9.0,-0.11,-4.94,-481,BUY PE,BUY PE,BUY CE
OPEN,2026-05-07,14:58:12,24300,PE,BUY PE,38.6,24345.60,142.50,24295.0,24371.0,9.0,,0.00,0.00,,0.0,0.00,0.00,0,BUY PE,BUY PE,BUY PE
EXIT,2026-05-07,14:58:12,24300,PE,BUY PE,38.6,24345.60,142.50,24295.0,24371.0,9.0,15:00:12,24354.80,137.05,FLIP,2.0,-0.04,-3.82,-354,BUY PE,BUY PE,BUY PE
OPEN,2026-05-07,15:00:12,24350,CE,BUY CE,47.8,24353.10,185.35,24404.0,24328.0,29.0,,0.00,0.00,,0.0,0.00,0.00,0,BUY CE,BUY CE,BUY CE
EXIT,2026-05-07,15:00:12,24350,CE,BUY CE,47.8,24353.10,185.35,24404.0,24328.0,29.0,15:03:12,24327.95,177.05,SL,3.0,-0.10,-4.48,-539,BUY CE,BUY CE,BUY CE
OPEN,2026-05-07,15:04:12,24350,CE,BUY CE,47.7,24327.65,176.20,24381.0,24301.0,25.0,,0.00,0.00,,0.0,0.00,0.00,0,BUY CE,BUY CE,BUY PE
OPEN,2026-05-07,15:05:12,24400,CE,BUY CE,45.0,24338.85,152.30,24391.0,24313.0,18.0,,0.00,0.00,,0.0,0.00,0.00,0,BUY CE,BUY PE,BUY PE
EXIT,2026-05-07,15:05:12,24400,CE,BUY CE,45.0,24338.85,152.30,24391.0,24313.0,18.0,15:08:12,24309.80,150.65,SL,3.0,-0.12,-1.08,-107,BUY CE,BUY PE,BUY PE
OPEN,2026-05-07,15:11:12,24300,CE,BUY CE,45.1,24303.80,192.45,24356.0,24278.0,18.0,,0.00,0.00,,0.0,0.00,0.00,0,BUY CE,BUY CE,BUY PE
EXIT,2026-05-07,15:04:12,24350,CE,BUY CE,47.7,24327.65,176.20,24381.0,24301.0,25.0,15:12:12,24303.80,167.75,FLIP,8.0,-0.10,-4.80,-549,BUY CE,BUY CE,BUY PE
EXIT,2026-05-07,15:11:12,24300,CE,BUY CE,45.1,24303.80,192.45,24356.0,24278.0,18.0,15:12:12,24303.80,192.45,FLIP,1.0,0.00,0.00,0,BUY CE,BUY CE,BUY PE
OPEN,2026-05-07,15:12:12,24250,PE,BUY PE,44.4,24297.00,131.35,24244.0,24324.0,9.0,,0.00,0.00,,0.0,0.00,0.00,0,BUY CE,BUY PE,BUY PE
EXIT,2026-05-07,15:12:12,24250,PE,BUY PE,44.4,24297.00,131.35,24244.0,24324.0,9.0,15:15:12,24308.05,135.25,FLIP,3.0,-0.05,2.97,254,BUY CE,BUY PE,BUY PE
OPEN,2026-05-07,15:15:12,24350,CE,BUY CE,44.5,24301.50,159.85,24355.0,24275.0,14.0,,0.00,0.00,,0.0,0.00,0.00,0,BUY CE,BUY PE,BUY CE
EXIT,2026-05-07,15:15:12,24350,CE,BUY CE,44.5,24301.50,159.85,24355.0,24275.0,14.0,15:16:12,24301.50,159.85,FLIP,1.0,0.00,0.00,0,BUY CE,BUY PE,BUY CE
OPEN,2026-05-07,15:16:12,24250,PE,BUY PE,44.8,24314.95,125.80,24264.0,24340.0,9.0,,0.00,0.00,,0.0,0.00,0.00,0,BUY CE,BUY PE,BUY PE
OPEN,2026-05-07,15:17:12,24300,PE,BUY PE,45.6,24315.95,147.30,24264.0,24342.0,9.0,,0.00,0.00,,0.0,0.00,0.00,0,BUY CE,BUY PE,BUY CE
OPEN,2026-05-07,15:19:12,24350,PE,BUY PE,47.2,24327.70,154.75,24275.0,24354.0,9.0,,0.00,0.00,,0.0,0.00,0.00,0,BUY CE,BUY PE,BUY PE
EXIT,2026-05-07,15:19:12,24350,PE,BUY PE,47.2,24327.70,154.75,24275.0,24354.0,9.0,15:21:12,24326.40,154.75,FLIP,2.0,0.01,0.00,0,BUY CE,BUY PE,BUY PE
EXIT,2026-05-07,15:16:12,24250,PE,BUY PE,44.8,24314.95,125.80,24264.0,24340.0,9.0,15:21:12,24326.40,111.00,FLIP,5.0,-0.05,-11.76,-962,BUY CE,BUY PE,BUY PE
EXIT,2026-05-07,15:17:12,24300,PE,BUY PE,45.6,24315.95,147.30,24264.0,24342.0,9.0,15:21:12,24326.40,132.05,FLIP,4.0,-0.04,-10.35,-991,BUY CE,BUY PE,BUY CE
OPEN,2026-05-07,15:21:12,24350,CE,BUY CE,44.4,24318.75,187.55,24370.0,24293.0,8.0,,0.00,0.00,,0.0,0.00,0.00,0,BUY CE,BUY PE,BUY PE
OPEN,2026-05-07,15:24:12,24300,CE,BUY CE,45.7,24318.40,206.60,24369.0,24293.0,5.0,,0.00,0.00,,0.0,0.00,0.00,0,BUY CE,BUY CE,BUY PE
EXIT,2026-05-07,15:21:12,24350,CE,BUY CE,44.4,24318.75,187.55,24370.0,24293.0,8.0,15:29:12,24332.00,182.40,TIMEOUT,8.0,0.05,-2.75,-335,BUY CE,BUY PE,BUY PE
OPEN,2026-05-07,15:30:12,24350,CE,BUY CE,46.3,24335.10,178.75,24386.0,24310.0,25.0,,0.00,0.00,,0.0,0.00,0.00,0,BUY CE,BUY CE,BUY CE
EXIT,2026-05-07,15:24:12,24300,CE,BUY CE,45.7,24318.40,206.60,24369.0,24293.0,5.0,15:30:12,24335.10,205.00,EOD,6.0,0.07,-0.77,-104,BUY CE,BUY CE,BUY PE
EXIT,2026-05-07,15:30:12,24350,CE,BUY CE,46.3,24335.10,178.75,24386.0,24310.0,25.0,15:30:12,24335.10,178.75,EOD,0.0,0.00,0.00,0,BUY CE,BUY CE,BUY CE
OPEN,2026-05-08,09:00:12,24300,PE,BUY PE,40.6,24326.65,128.30,24275.0,24353.0,9.0,,0.00,0.00,,0.0,0.00,0.00,0,BUY PE,BUY PE,BUY PE
OPEN,2026-05-08,09:08:12,24200,PE,BUY PE,38.8,24233.65,90.85,24169.0,24266.0,9.0,,0.00,0.00,,0.0,0.00,0.00,0,BUY PE,BUY PE,BUY PE
EXIT,2026-05-08,09:00:12,24300,PE,BUY PE,40.6,24326.65,128.30,24275.0,24353.0,9.0,09:08:12,24233.65,128.30,TARGET,8.0,0.38,0.00,0,BUY PE,BUY PE,BUY PE
OPEN,2026-05-08,09:16:12,24150,PE,BUY PE,47.1,24162.85,0.00,24089.0,24200.0,9.0,,0.00,0.00,,0.0,0.00,0.00,0,BUY PE,BUY PE,NO TRADE
EXIT,2026-05-08,09:08:12,24200,PE,BUY PE,38.8,24233.65,90.85,24169.0,24266.0,9.0,09:16:12,24162.85,90.85,TARGET,8.0,0.29,0.00,0,BUY PE,BUY PE,BUY PE
OPEN,2026-05-08,09:17:12,24200,PE,BUY PE,47.3,24198.70,0.00,24127.0,24235.0,9.0,,0.00,0.00,,0.0,0.00,0.00,0,BUY PE,BUY PE,NO TRADE
EXIT,2026-05-08,09:16:12,24150,PE,BUY PE,47.1,24162.85,0.00,24089.0,24200.0,9.0,09:18:12,24212.60,138.15,SL,2.0,-0.21,0.00,0,BUY PE,BUY PE,NO TRADE
OPEN,2026-05-08,09:22:12,24250,PE,BUY PE,49.0,24230.00,180.70,24160.0,24265.0,9.0,,0.00,0.00,,0.0,0.00,0.00,0,BUY PE,BUY PE,BUY PE
EXIT,2026-05-08,09:17:12,24200,PE,BUY PE,47.3,24198.70,0.00,24127.0,24235.0,9.0,09:23:12,24246.90,148.70,SL,6.0,-0.20,0.00,0,BUY PE,BUY PE,NO TRADE
OPEN,2026-05-08,09:24:12,24200,PE,BUY PE,47.4,24220.25,148.70,24148.0,24256.0,9.0,,0.00,0.00,,0.0,0.00,0.00,0,BUY PE,BUY PE,BUY PE
EXIT,2026-05-08,09:22:12,24250,PE,BUY PE,49.0,24230.00,180.70,24160.0,24265.0,9.0,09:31:12,24234.70,167.35,TIMEOUT,9.0,-0.02,-7.39,-868,BUY PE,BUY PE,BUY PE
EXIT,2026-05-08,09:24:12,24200,PE,BUY PE,47.4,24220.25,148.70,24148.0,24256.0,9.0,09:33:12,24212.40,149.90,TIMEOUT,9.0,0.03,0.81,78,BUY PE,BUY PE,BUY PE
OPEN,2026-05-08,09:34:12,24150,PE,BUY PE,43.8,24188.70,128.05,24116.0,24225.0,9.0,,0.00,0.00,,0.0,0.00,0.00,0,BUY PE,BUY PE,BUY PE
OPEN,2026-05-08,09:43:12,24100,PE,BUY PE,40.9,24174.80,118.80,24106.0,24209.0,9.0,,0.00,0.00,,0.0,0.00,0.00,0,BUY PE,BUY PE,BUY PE
EXIT,2026-05-08,09:34:12,24150,PE,BUY PE,43.8,24188.70,128.05,24116.0,24225.0,9.0,09:44:12,24170.00,140.55,TIMEOUT,10.0,0.08,9.76,812,BUY PE,BUY PE,BUY PE
EXIT,2026-05-08,09:43:12,24100,PE,BUY PE,40.9,24174.80,118.80,24106.0,24209.0,9.0,09:52:12,24164.85,131.15,TIMEOUT,9.0,0.04,10.40,803,BUY PE,BUY PE,BUY PE
OPEN,2026-05-08,09:53:12,24100,PE,BUY PE,43.4,24174.15,127.25,24107.0,24208.0,9.0,,0.00,0.00,,0.0,0.00,0.00,0,BUY PE,BUY PE,BUY PE
OPEN,2026-05-08,09:54:12,24150,PE,BUY PE,44.0,24177.60,150.15,24111.0,24211.0,9.0,,0.00,0.00,,0.0,0.00,0.00,0,BUY PE,BUY PE,BUY PE
EXIT,2026-05-08,09:53:12,24100,PE,BUY PE,43.4,24174.15,127.25,24107.0,24208.0,9.0,10:02:12,24197.45,113.75,TIMEOUT,9.0,-0.10,-10.61,-878,BUY PE,BUY PE,BUY PE
EXIT,2026-05-08,09:54:12,24150,PE,BUY PE,44.0,24177.60,150.15,24111.0,24211.0,9.0,10:04:12,24194.75,136.25,TIMEOUT,10.0,-0.07,-9.26,-904,BUY PE,BUY PE,BUY PE
OPEN,2026-05-08,10:05:12,24150,PE,BUY PE,35.3,24195.00,136.25,24133.0,24226.0,9.0,,0.00,0.00,,0.0,0.00,0.00,0,BUY PE,NO TRADE,BUY PE
EXIT,2026-05-08,10:05:12,24150,PE,BUY PE,35.3,24195.00,136.25,24133.0,24226.0,9.0,10:14:12,24193.75,145.30,TIMEOUT,9.0,0.01,6.64,588,BUY PE,NO TRADE,BUY PE
OPEN,2026-05-08,10:19:12,24150,PE,BUY PE,35.1,24198.25,139.75,24138.0,24228.0,9.0,,0.00,0.00,,0.0,0.00,0.00,0,BUY PE,NO TRADE,BUY PE
OPEN,2026-05-08,10:25:12,24200,PE,BUY PE,37.1,24232.80,144.50,24174.0,24262.0,9.0,,0.00,0.00,,0.0,0.00,0.00,0,BUY PE,NO TRADE,NO TRADE
EXIT,2026-05-08,10:19:12,24150,PE,BUY PE,35.1,24198.25,139.75,24138.0,24228.0,9.0,10:25:12,24232.80,123.20,SL,6.0,-0.14,-11.84,-1076,BUY PE,NO TRADE,BUY PE
EXIT,2026-05-08,10:25:12,24200,PE,BUY PE,37.1,24232.80,144.50,24174.0,24262.0,9.0,10:35:12,24232.75,136.55,TIMEOUT,10.0,0.00,-5.50,-517,BUY PE,NO TRADE,NO TRADE
OPEN,2026-05-08,13:30:12,24250,CE,BUY CE,35.3,24202.65,131.45,24239.0,24185.0,18.0,,0.00,0.00,,0.0,0.00,0.00,0,NO TRADE,NO TRADE,NO TRADE
EXIT,2026-05-08,13:30:12,24250,CE,BUY CE,35.3,24202.65,131.45,24239.0,24185.0,18.0,13:37:12,24175.50,135.05,SL,7.0,-0.11,2.74,234,NO TRADE,NO TRADE,NO TRADE
OPEN,2026-05-08,13:38:12,24250,CE,BUY CE,36.8,24177.80,135.05,24212.0,24161.0,18.0,,0.00,0.00,,0.0,0.00,0.00,0,NO TRADE,BUY CE,NO TRADE
OPEN,2026-05-08,13:39:12,24200,CE,BUY CE,37.2,24171.25,153.65,24207.0,24153.0,18.0,,0.00,0.00,,0.0,0.00,0.00,0,NO TRADE,BUY CE,NO TRADE
EXIT,2026-05-08,13:38:12,24250,CE,BUY CE,36.8,24177.80,135.05,24212.0,24161.0,18.0,13:53:12,24152.80,125.50,SL,15.0,-0.10,-7.07,-621,NO TRADE,BUY CE,NO TRADE
EXIT,2026-05-08,13:39:12,24200,CE,BUY CE,37.2,24171.25,153.65,24207.0,24153.0,18.0,13:53:12,24152.80,148.65,SL,14.0,-0.08,-3.25,-325,NO TRADE,BUY CE,NO TRADE
OPEN,2026-05-08,13:54:12,24200,CE,BUY CE,35.0,24167.70,148.65,24203.0,24150.0,18.0,,0.00,0.00,,0.0,0.00,0.00,0,BUY CE,NO TRADE,NO TRADE
EXIT,2026-05-08,13:54:12,24200,CE,BUY CE,35.0,24167.70,148.65,24203.0,24150.0,18.0,13:58:12,24169.35,150.40,FLIP,4.0,0.01,1.18,114,BUY CE,NO TRADE,NO TRADE
OPEN,2026-05-08,13:58:12,24100,PE,BUY PE,35.5,24157.95,112.60,24122.0,24176.0,9.0,,0.00,0.00,,0.0,0.00,0.00,0,NO TRADE,BUY PE,BUY PE
EXIT,2026-05-08,13:58:12,24100,PE,BUY PE,35.5,24157.95,112.60,24122.0,24176.0,9.0,14:07:12,24159.80,124.75,TIMEOUT,9.0,-0.01,10.79,790,NO TRADE,BUY PE,BUY PE
OPEN,2026-05-08,14:08:12,24100,PE,BUY PE,39.6,24170.50,124.75,24130.0,24191.0,9.0,,0.00,0.00,,0.0,0.00,0.00,0,BUY CE,BUY PE,BUY PE
OPEN,2026-05-08,14:10:12,24150,PE,BUY PE,39.2,24176.65,139.10,24136.0,24197.0,9.0,,0.00,0.00,,0.0,0.00,0.00,0,BUY CE,BUY PE,BUY CE
EXIT,2026-05-08,14:08:12,24100,PE,BUY PE,39.6,24170.50,124.75,24130.0,24191.0,9.0,14:17:12,24161.45,125.25,TIMEOUT,9.0,0.04,0.40,32,BUY CE,BUY PE,BUY PE
OPEN,2026-05-08,14:18:12,24100,PE,BUY PE,40.1,24157.45,125.25,24114.0,24179.0,9.0,,0.00,0.00,,0.0,0.00,0.00,0,BUY PE,BUY PE,BUY PE
EXIT,2026-05-08,14:10:12,24150,PE,BUY PE,39.2,24176.65,139.10,24136.0,24197.0,9.0,14:20:12,24149.20,143.25,TIMEOUT,10.0,0.11,2.98,270,BUY CE,BUY PE,BUY CE
EXIT,2026-05-08,14:18:12,24100,PE,BUY PE,40.1,24157.45,125.25,24114.0,24179.0,9.0,14:27:12,24158.00,122.40,TIMEOUT,9.0,-0.00,-2.28,-185,BUY PE,BUY PE,BUY PE
OPEN,2026-05-08,14:28:12,24100,PE,BUY PE,38.4,24158.95,122.40,24117.0,24180.0,9.0,,0.00,0.00,,0.0,0.00,0.00,0,BUY PE,BUY PE,BUY PE
OPEN,2026-05-08,14:31:12,24150,PE,BUY PE,36.9,24183.85,138.20,24142.0,24205.0,9.0,,0.00,0.00,,0.0,0.00,0.00,0,BUY CE,BUY PE,BUY CE
EXIT,2026-05-08,14:28:12,24100,PE,BUY PE,38.4,24158.95,122.40,24117.0,24180.0,9.0,14:31:12,24183.85,115.90,SL,3.0,-0.10,-5.31,-422,BUY PE,BUY PE,BUY PE
EXIT,2026-05-08,14:31:12,24150,PE,BUY PE,36.9,24183.85,138.20,24142.0,24205.0,9.0,14:37:12,24201.50,122.60,FLIP,6.0,-0.07,-11.29,-1014,BUY CE,BUY PE,BUY CE
OPEN,2026-05-08,14:37:12,24250,CE,BUY CE,38.3,24207.50,137.60,24253.0,24185.0,18.0,,0.00,0.00,,0.0,0.00,0.00,0,BUY CE,BUY PE,BUY CE
OPEN,2026-05-08,14:41:12,24300,CE,BUY CE,38.7,24232.65,125.90,24278.0,24210.0,18.0,,0.00,0.00,,0.0,0.00,0.00,0,BUY CE,BUY PE,BUY CE
EXIT,2026-05-08,14:37:12,24250,CE,BUY CE,38.3,24207.50,137.60,24253.0,24185.0,18.0,14:56:12,24226.40,155.45,TIMEOUT,19.0,0.08,12.97,1160,BUY CE,BUY PE,BUY CE
OPEN,2026-05-08,14:59:12,24250,CE,BUY CE,39.5,24222.95,152.80,24265.0,24202.0,18.0,,0.00,0.00,,0.0,0.00,0.00,0,BUY CE,BUY CE,BUY CE
OPEN,2026-05-08,15:00:12,24200,CE,BUY CE,51.4,24196.00,176.65,24241.0,24174.0,29.0,,0.00,0.00,,0.0,0.00,0.00,0,BUY CE,BUY CE,BUY CE
EXIT,2026-05-08,14:59:12,24250,CE,BUY CE,39.5,24222.95,152.80,24265.0,24202.0,18.0,15:00:12,24196.00,151.20,SL,1.0,-0.11,-1.05,-104,BUY CE,BUY CE,BUY CE
EXIT,2026-05-08,14:41:12,24300,CE,BUY CE,38.7,24232.65,125.90,24278.0,24210.0,18.0,15:00:12,24196.00,127.50,SL,19.0,-0.15,1.27,104,BUY CE,BUY PE,BUY CE
OPEN,2026-05-08,15:04:12,24150,CE,BUY CE,49.4,24168.45,182.40,24214.0,24145.0,25.0,,0.00,0.00,,0.0,0.00,0.00,0,BUY CE,BUY CE,BUY PE
EXIT,2026-05-08,15:00:12,24200,CE,BUY CE,51.4,24196.00,176.65,24241.0,24174.0,29.0,15:04:12,24168.45,154.60,SL,4.0,-0.11,-12.48,-1433,BUY CE,BUY CE,BUY CE
OPEN,2026-05-08,15:05:12,24200,CE,BUY CE,47.9,24177.80,150.30,24225.0,24154.0,24.0,,0.00,0.00,,0.0,0.00,0.00,0,BUY CE,BUY CE,BUY CE
EXIT,2026-05-08,15:04:12,24150,CE,BUY CE,49.4,24168.45,182.40,24214.0,24145.0,25.0,15:30:12,24180.50,176.70,EOD,26.0,0.05,-3.13,-371,BUY CE,BUY CE,BUY PE
EXIT,2026-05-08,15:05:12,24200,CE,BUY CE,47.9,24177.80,150.30,24225.0,24154.0,24.0,15:30:12,24180.50,149.75,EOD,25.0,0.01,-0.37,-36,BUY CE,BUY CE,BUY CE
OPEN,2026-05-09,09:00:12,24150,PE,BUY PE,38.6,24176.15,112.75,24134.0,24197.0,9.0,,0.00,0.00,,0.0,0.00,0.00,0,BUY PE,BUY PE,NO TRADE
EXIT,2026-05-09,09:00:12,24150,PE,BUY PE,38.6,24176.15,112.75,24134.0,24197.0,9.0,09:10:12,24176.15,112.75,TIMEOUT,10.0,0.00,0.00,0,BUY PE,BUY PE,NO TRADE
OPEN,2026-05-09,09:11:12,24150,PE,BUY PE,38.6,24176.15,112.75,24134.0,24197.0,9.0,,0.00,0.00,,0.0,0.00,0.00,0,BUY PE,BUY PE,NO TRADE
EXIT,2026-05-09,09:11:12,24150,PE,BUY PE,38.6,24176.15,112.75,24134.0,24197.0,9.0,09:20:12,24176.15,112.75,TIMEOUT,9.0,0.00,0.00,0,BUY PE,BUY PE,NO TRADE
OPEN,2026-05-09,09:21:12,24150,PE,BUY PE,38.4,24176.15,112.75,24134.0,24197.0,9.0,,0.00,0.00,,0.0,0.00,0.00,0,BUY PE,BUY PE,NO TRADE
EXIT,2026-05-09,09:21:12,24150,PE,BUY PE,38.4,24176.15,112.75,24134.0,24197.0,9.0,09:31:12,24176.15,112.75,TIMEOUT,10.0,0.00,0.00,0,BUY PE,BUY PE,NO TRADE
OPEN,2026-05-09,09:32:12,24150,PE,BUY PE,36.6,24176.15,112.75,24134.0,24197.0,9.0,,0.00,0.00,,0.0,0.00,0.00,0,NO TRADE,BUY PE,NO TRADE
EXIT,2026-05-09,09:32:12,24150,PE,BUY PE,36.6,24176.15,112.75,24134.0,24197.0,9.0,09:42:12,24176.15,112.75,TIMEOUT,10.0,0.00,0.00,0,NO TRADE,BUY PE,NO TRADE
OPEN,2026-05-09,13:15:12,24250,CE,BUY CE,35.1,24176.15,122.55,24218.0,24155.0,18.0,,0.00,0.00,,0.0,0.00,0.00,0,NO TRADE,BUY PE,NO TRADE
EXIT,2026-05-09,13:15:12,24250,CE,BUY CE,35.1,24176.15,122.55,24218.0,24155.0,18.0,13:33:12,24176.15,122.55,TIMEOUT,18.0,0.00,0.00,0,NO TRADE,BUY PE,NO TRADE
OPEN,2026-05-09,13:34:12,24250,CE,BUY CE,36.0,24176.15,122.55,24218.0,24155.0,18.0,,0.00,0.00,,0.0,0.00,0.00,0,BUY CE,BUY PE,NO TRADE
EXIT,2026-05-09,13:34:12,24250,CE,BUY CE,36.0,24176.15,122.55,24218.0,24155.0,18.0,13:45:12,24176.15,122.55,FLIP,11.0,0.00,0.00,0,BUY CE,BUY PE,NO TRADE
OPEN,2026-05-09,13:45:12,24150,PE,BUY PE,36.1,24176.15,112.75,24134.0,24197.0,9.0,,0.00,0.00,,0.0,0.00,0.00,0,BUY CE,BUY PE,NO TRADE
EXIT,2026-05-09,13:45:12,24150,PE,BUY PE,36.1,24176.15,112.75,24134.0,24197.0,9.0,13:54:12,24176.15,112.75,TIMEOUT,9.0,0.00,0.00,0,BUY CE,BUY PE,NO TRADE
OPEN,2026-05-09,13:55:12,24150,PE,BUY PE,36.5,24176.15,112.75,24134.0,24197.0,9.0,,0.00,0.00,,0.0,0.00,0.00,0,BUY CE,BUY PE,BUY PE
EXIT,2026-05-09,13:55:12,24150,PE,BUY PE,36.5,24176.15,112.75,24134.0,24197.0,9.0,14:05:12,24176.15,112.75,TIMEOUT,10.0,0.00,0.00,0,BUY CE,BUY PE,BUY PE
OPEN,2026-05-09,14:06:12,24150,PE,BUY PE,36.9,24176.15,112.75,24134.0,24197.0,9.0,,0.00,0.00,,0.0,0.00,0.00,0,BUY CE,BUY PE,BUY PE
EXIT,2026-05-09,14:06:12,24150,PE,BUY PE,36.9,24176.15,112.75,24134.0,24197.0,9.0,14:15:12,24176.15,112.75,TIMEOUT,9.0,0.00,0.00,0,BUY CE,BUY PE,BUY PE
OPEN,2026-05-09,14:16:12,24150,PE,BUY PE,37.3,24176.15,112.75,24134.0,24197.0,9.0,,0.00,0.00,,0.0,0.00,0.00,0,NO TRADE,BUY PE,BUY PE
EXIT,2026-05-09,14:16:12,24150,PE,BUY PE,37.3,24176.15,112.75,24134.0,24197.0,9.0,14:26:12,24176.15,112.75,TIMEOUT,10.0,0.00,0.00,0,NO TRADE,BUY PE,BUY PE
OPEN,2026-05-09,14:27:12,24150,PE,BUY PE,37.3,24176.15,112.75,24134.0,24197.0,9.0,,0.00,0.00,,0.0,0.00,0.00,0,NO TRADE,BUY PE,BUY PE
EXIT,2026-05-09,14:27:12,24150,PE,BUY PE,37.3,24176.15,112.75,24134.0,24197.0,9.0,14:36:12,24176.15,112.75,TIMEOUT,9.0,0.00,0.00,0,NO TRADE,BUY PE,BUY PE
OPEN,2026-05-09,14:37:12,24150,PE,BUY PE,37.7,24176.15,112.75,24134.0,24197.0,9.0,,0.00,0.00,,0.0,0.00,0.00,0,BUY CE,BUY PE,NO TRADE
EXIT,2026-05-09,14:37:12,24150,PE,BUY PE,37.7,24176.15,112.75,24134.0,24197.0,9.0,14:47:12,24176.15,112.75,TIMEOUT,10.0,0.00,0.00,0,BUY CE,BUY PE,NO TRADE
OPEN,2026-05-09,14:48:12,24150,PE,BUY PE,37.7,24176.15,112.75,24134.0,24197.0,9.0,,0.00,0.00,,0.0,0.00,0.00,0,BUY CE,BUY PE,BUY PE
EXIT,2026-05-09,14:48:12,24150,PE,BUY PE,37.7,24176.15,112.75,24134.0,24197.0,9.0,14:57:12,24176.15,112.75,TIMEOUT,9.0,0.00,0.00,0,BUY CE,BUY PE,BUY PE
OPEN,2026-05-09,14:58:12,24150,PE,BUY PE,37.8,24176.15,112.75,24134.0,24197.0,9.0,,0.00,0.00,,0.0,0.00,0.00,0,BUY CE,BUY PE,BUY PE
EXIT,2026-05-09,14:58:12,24150,PE,BUY PE,37.8,24176.15,112.75,24134.0,24197.0,9.0,15:00:12,24176.15,112.75,FLIP,2.0,0.00,0.00,0,BUY CE,BUY PE,BUY PE
OPEN,2026-05-09,15:00:12,24200,CE,BUY CE,48.3,24176.15,146.60,24218.0,24155.0,29.0,,0.00,0.00,,0.0,0.00,0.00,0,BUY CE,BUY CE,BUY PE
EXIT,2026-05-09,15:00:12,24200,CE,BUY CE,48.3,24176.15,146.60,24218.0,24155.0,29.0,15:30:12,24176.15,146.60,EOD,30.0,0.00,0.00,0,BUY CE,BUY CE,BUY PE
OPEN,2026-05-10,09:00:12,24150,PE,BUY PE,38.6,24176.15,112.75,24134.0,24197.0,9.0,,0.00,0.00,,0.0,0.00,0.00,0,BUY PE,BUY PE,NO TRADE
EXIT,2026-05-10,09:00:12,24150,PE,BUY PE,38.6,24176.15,112.75,24134.0,24197.0,9.0,09:10:12,24176.15,112.75,TIMEOUT,10.0,0.00,0.00,0,BUY PE,BUY PE,NO TRADE
OPEN,2026-05-10,09:11:12,24150,PE,BUY PE,38.6,24176.15,112.75,24134.0,24197.0,9.0,,0.00,0.00,,0.0,0.00,0.00,0,BUY PE,BUY PE,NO TRADE
EXIT,2026-05-10,09:11:12,24150,PE,BUY PE,38.6,24176.15,112.75,24134.0,24197.0,9.0,09:21:12,24176.15,112.75,TIMEOUT,10.0,0.00,0.00,0,BUY PE,BUY PE,NO TRADE
OPEN,2026-05-10,09:22:12,24150,PE,BUY PE,38.4,24176.15,112.75,24134.0,24197.0,9.0,,0.00,0.00,,0.0,0.00,0.00,0,BUY PE,BUY PE,NO TRADE
EXIT,2026-05-10,09:22:12,24150,PE,BUY PE,38.4,24176.15,112.75,24134.0,24197.0,9.0,09:31:12,24176.15,112.75,TIMEOUT,9.0,0.00,0.00,0,BUY PE,BUY PE,NO TRADE
OPEN,2026-05-10,09:32:12,24150,PE,BUY PE,36.6,24176.15,112.75,24134.0,24197.0,9.0,,0.00,0.00,,0.0,0.00,0.00,0,NO TRADE,BUY PE,NO TRADE
EXIT,2026-05-10,09:32:12,24150,PE,BUY PE,36.6,24176.15,112.75,24134.0,24197.0,9.0,09:41:12,24176.15,112.75,TIMEOUT,9.0,0.00,0.00,0,NO TRADE,BUY PE,NO TRADE
OPEN,2026-05-10,13:15:12,24250,CE,BUY CE,35.1,24176.15,122.55,24218.0,24155.0,18.0,,0.00,0.00,,0.0,0.00,0.00,0,NO TRADE,BUY PE,NO TRADE
EXIT,2026-05-10,13:15:12,24250,CE,BUY CE,35.1,24176.15,122.55,24218.0,24155.0,18.0,13:34:12,24176.15,122.55,TIMEOUT,19.0,0.00,0.00,0,NO TRADE,BUY PE,NO TRADE
OPEN,2026-05-10,13:35:12,24250,CE,BUY CE,36.2,24176.15,122.55,24218.0,24155.0,18.0,,0.00,0.00,,0.0,0.00,0.00,0,BUY CE,BUY PE,NO TRADE
EXIT,2026-05-10,13:35:12,24250,CE,BUY CE,36.2,24176.15,122.55,24218.0,24155.0,18.0,13:45:12,24176.15,122.55,FLIP,10.0,0.00,0.00,0,BUY CE,BUY PE,NO TRADE
OPEN,2026-05-10,13:45:12,24150,PE,BUY PE,36.1,24176.15,112.75,24134.0,24197.0,9.0,,0.00,0.00,,0.0,0.00,0.00,0,BUY CE,BUY PE,NO TRADE
EXIT,2026-05-10,13:45:12,24150,PE,BUY PE,36.1,24176.15,112.75,24134.0,24197.0,9.0,13:54:12,24176.15,112.75,TIMEOUT,9.0,0.00,0.00,0,BUY CE,BUY PE,NO TRADE
OPEN,2026-05-10,13:55:12,24150,PE,BUY PE,36.5,24176.15,112.75,24134.0,24197.0,9.0,,0.00,0.00,,0.0,0.00,0.00,0,BUY CE,BUY PE,BUY PE
EXIT,2026-05-10,13:55:12,24150,PE,BUY PE,36.5,24176.15,112.75,24134.0,24197.0,9.0,14:05:12,24176.15,112.75,TIMEOUT,10.0,0.00,0.00,0,BUY CE,BUY PE,BUY PE
OPEN,2026-05-10,14:06:12,24150,PE,BUY PE,36.9,24176.15,112.75,24134.0,24197.0,9.0,,0.00,0.00,,0.0,0.00,0.00,0,BUY CE,BUY PE,BUY PE
EXIT,2026-05-10,14:06:12,24150,PE,BUY PE,36.9,24176.15,112.75,24134.0,24197.0,9.0,14:15:12,24176.15,112.75,TIMEOUT,9.0,0.00,0.00,0,BUY CE,BUY PE,BUY PE
OPEN,2026-05-10,14:16:12,24150,PE,BUY PE,37.3,24176.15,112.75,24134.0,24197.0,9.0,,0.00,0.00,,0.0,0.00,0.00,0,NO TRADE,BUY PE,BUY PE
EXIT,2026-05-10,14:16:12,24150,PE,BUY PE,37.3,24176.15,112.75,24134.0,24197.0,9.0,14:26:12,24176.15,112.75,TIMEOUT,10.0,0.00,0.00,0,NO TRADE,BUY PE,BUY PE
OPEN,2026-05-10,14:27:12,24150,PE,BUY PE,37.3,24176.15,112.75,24134.0,24197.0,9.0,,0.00,0.00,,0.0,0.00,0.00,0,NO TRADE,BUY PE,BUY PE
EXIT,2026-05-10,14:27:12,24150,PE,BUY PE,37.3,24176.15,112.75,24134.0,24197.0,9.0,14:37:12,24176.15,112.75,TIMEOUT,10.0,0.00,0.00,0,NO TRADE,BUY PE,BUY PE
OPEN,2026-05-10,14:38:12,24150,PE,BUY PE,37.7,24176.15,112.75,24134.0,24197.0,9.0,,0.00,0.00,,0.0,0.00,0.00,0,BUY CE,BUY PE,BUY PE
EXIT,2026-05-10,14:38:12,24150,PE,BUY PE,37.7,24176.15,112.75,24134.0,24197.0,9.0,14:47:12,24176.15,112.75,TIMEOUT,9.0,0.00,0.00,0,BUY CE,BUY PE,BUY PE
OPEN,2026-05-10,14:48:12,24150,PE,BUY PE,37.7,24176.15,112.75,24134.0,24197.0,9.0,,0.00,0.00,,0.0,0.00,0.00,0,BUY CE,BUY PE,BUY PE
EXIT,2026-05-10,14:48:12,24150,PE,BUY PE,37.7,24176.15,112.75,24134.0,24197.0,9.0,14:58:12,24176.15,112.75,TIMEOUT,10.0,0.00,0.00,0,BUY CE,BUY PE,BUY PE
OPEN,2026-05-10,14:59:12,24150,PE,BUY PE,37.8,24176.15,112.75,24134.0,24197.0,9.0,,0.00,0.00,,0.0,0.00,0.00,0,BUY CE,BUY PE,BUY PE
EXIT,2026-05-10,14:59:12,24150,PE,BUY PE,37.8,24176.15,112.75,24134.0,24197.0,9.0,15:00:12,24176.15,112.75,FLIP,1.0,0.00,0.00,0,BUY CE,BUY PE,BUY PE
OPEN,2026-05-10,15:00:12,24200,CE,BUY CE,48.2,24176.15,146.60,24218.0,24155.0,29.0,,0.00,0.00,,0.0,0.00,0.00,0,BUY CE,BUY CE,BUY PE
EXIT,2026-05-10,15:00:12,24200,CE,BUY CE,48.2,24176.15,146.60,24218.0,24155.0,29.0,15:30:12,24176.15,146.60,EOD,30.0,0.00,0.00,0,BUY CE,BUY CE,BUY PE
OPEN,2026-05-11,09:00:12,24150,PE,BUY PE,39.0,24176.15,112.75,24134.0,24197.0,9.0,,0.00,0.00,,0.0,0.00,0.00,0,BUY PE,BUY PE,BUY PE
OPEN,2026-05-11,09:07:12,23900,PE,BUY PE,39.1,23970.10,37.75,23899.0,24006.0,9.0,,0.00,0.00,,0.0,0.00,0.00,0,BUY PE,BUY CE,BUY PE
EXIT,2026-05-11,09:00:12,24150,PE,BUY PE,39.0,24176.15,112.75,24134.0,24197.0,9.0,09:07:12,23970.10,112.75,TARGET,7.0,0.85,0.00,0,BUY PE,BUY PE,BUY PE
OPEN,2026-05-11,09:17:12,23950,PE,BUY PE,48.0,23942.30,0.00,23867.0,23980.0,9.0,,0.00,0.00,,0.0,0.00,0.00,0,BUY PE,BUY PE,NO TRADE
EXIT,2026-05-11,09:07:12,23900,PE,BUY PE,39.1,23970.10,37.75,23899.0,24006.0,9.0,09:17:12,23942.30,37.75,TIMEOUT,10.0,0.12,0.00,0,BUY PE,BUY CE,BUY PE
OPEN,2026-05-11,09:18:12,23900,PE,BUY PE,48.2,23923.25,103.95,23847.0,23961.0,9.0,,0.00,0.00,,0.0,0.00,0.00,0,BUY PE,BUY PE,NO TRADE
EXIT,2026-05-11,09:17:12,23950,PE,BUY PE,48.0,23942.30,0.00,23867.0,23980.0,9.0,09:27:12,23923.55,129.30,TIMEOUT,10.0,0.08,0.00,0,BUY PE,BUY PE,NO TRADE
OPEN,2026-05-11,09:28:12,23950,PE,BUY PE,47.7,23937.40,134.90,23862.0,23975.0,9.0,,0.00,0.00,,0.0,0.00,0.00,0,BUY PE,BUY PE,BUY PE
EXIT,2026-05-11,09:18:12,23900,PE,BUY PE,48.2,23923.25,103.95,23847.0,23961.0,9.0,09:28:12,23937.40,109.55,TIMEOUT,10.0,-0.06,5.39,364,BUY PE,BUY PE,NO TRADE
OPEN,2026-05-11,09:35:12,23900,PE,BUY PE,44.1,23925.30,97.10,23849.0,23963.0,9.0,,0.00,0.00,,0.0,0.00,0.00,0,BUY PE,BUY PE,BUY PE
OPEN,2026-05-11,09:36:12,23850,PE,BUY PE,43.1,23914.35,84.25,23841.0,23951.0,9.0,,0.00,0.00,,0.0,0.00,0.00,0,BUY PE,BUY PE,BUY PE
EXIT,2026-05-11,09:28:12,23950,PE,BUY PE,47.7,23937.40,134.90,23862.0,23975.0,9.0,09:38:12,23896.05,140.20,TIMEOUT,10.0,0.17,3.93,344,BUY PE,BUY PE,BUY PE
OPEN,2026-05-11,09:44:12,23800,PE,BUY PE,41.4,23869.80,77.50,23794.0,23908.0,9.0,,0.00,0.00,,0.0,0.00,0.00,0,BUY PE,BUY PE,BUY PE
EXIT,2026-05-11,09:35:12,23900,PE,BUY PE,44.1,23925.30,97.10,23849.0,23963.0,9.0,09:45:12,23868.45,119.65,TIMEOUT,10.0,0.24,23.22,1466,BUY PE,BUY PE,BUY PE
EXIT,2026-05-11,09:36:12,23850,PE,BUY PE,43.1,23914.35,84.25,23841.0,23951.0,9.0,09:46:12,23866.80,107.40,TIMEOUT,10.0,0.20,27.48,1505,BUY PE,BUY PE,BUY PE
OPEN,2026-05-11,09:47:12,23850,PE,BUY PE,42.7,23879.45,107.40,23805.0,23916.0,9.0,,0.00,0.00,,0.0,0.00,0.00,0,BUY PE,BUY PE,BUY PE
EXIT,2026-05-11,09:44:12,23800,PE,BUY PE,41.4,23869.80,77.50,23794.0,23908.0,9.0,09:53:12,23875.60,79.65,TIMEOUT,9.0,-0.02,2.77,140,BUY PE,BUY PE,BUY PE
OPEN,2026-05-11,09:57:12,23800,PE,BUY PE,40.0,23872.75,85.70,23802.0,23908.0,9.0,,0.00,0.00,,0.0,0.00,0.00,0,BUY PE,BUY PE,BUY PE
EXIT,2026-05-11,09:47:12,23850,PE,BUY PE,42.7,23879.45,107.40,23805.0,23916.0,9.0,09:57:12,23872.75,107.00,TIMEOUT,10.0,0.03,-0.37,-26,BUY PE,BUY PE,BUY PE
OPEN,2026-05-11,09:58:12,23850,PE,BUY PE,41.1,23881.50,105.40,23811.0,23917.0,9.0,,0.00,0.00,,0.0,0.00,0.00,0,BUY PE,BUY PE,BUY PE
EXIT,2026-05-11,09:57:12,23800,PE,BUY PE,40.0,23872.75,85.70,23802.0,23908.0,9.0,10:06:12,23894.60,75.65,TIMEOUT,9.0,-0.09,-11.73,-653,BUY PE,BUY PE,BUY PE
EXIT,2026-05-11,09:58:12,23850,PE,BUY PE,41.1,23881.50,105.40,23811.0,23917.0,9.0,10:07:12,23895.75,95.65,TIMEOUT,9.0,-0.06,-9.25,-634,BUY PE,BUY PE,BUY PE
OPEN,2026-05-11,10:08:12,23850,PE,BUY PE,35.8,23893.50,95.65,23828.0,23927.0,9.0,,0.00,0.00,,0.0,0.00,0.00,0,BUY PE,BUY PE,BUY CE
EXIT,2026-05-11,10:08:12,23850,PE,BUY PE,35.8,23893.50,95.65,23828.0,23927.0,9.0,10:18:12,23875.20,97.75,TIMEOUT,10.0,0.08,2.20,136,BUY PE,BUY PE,BUY CE
OPEN,2026-05-11,10:19:12,23800,PE,BUY PE,35.0,23859.05,77.50,23794.0,23892.0,9.0,,0.00,0.00,,0.0,0.00,0.00,0,NO TRADE,BUY PE,BUY PE
EXIT,2026-05-11,10:19:12,23800,PE,BUY PE,35.0,23859.05,77.50,23794.0,23892.0,9.0,10:29:12,23870.25,77.55,TIMEOUT,10.0,-0.05,0.06,3,NO TRADE,BUY PE,BUY PE
OPEN,2026-05-11,12:46:12,24000,CE,BUY CE,35.2,23949.00,86.70,23992.0,23928.0,18.0,,0.00,0.00,,0.0,0.00,0.00,0,BUY CE,NO TRADE,BUY CE
EXIT,2026-05-11,12:46:12,24000,CE,BUY CE,35.2,23949.00,86.70,23992.0,23928.0,18.0,13:04:12,23932.50,84.85,FLIP,18.0,-0.07,-2.13,-120,BUY CE,NO TRADE,BUY CE
OPEN,2026-05-11,13:04:12,23850,PE,BUY PE,35.7,23922.20,62.20,23880.0,23943.0,9.0,,0.00,0.00,,0.0,0.00,0.00,0,BUY PE,BUY PE,BUY PE
OPEN,2026-05-11,13:08:12,23900,PE,BUY PE,36.0,23926.00,89.95,23882.0,23948.0,9.0,,0.00,0.00,,0.0,0.00,0.00,0,BUY CE,BUY PE,BUY PE
EXIT,2026-05-11,13:04:12,23850,PE,BUY PE,35.7,23922.20,62.20,23880.0,23943.0,9.0,13:10:12,23922.30,70.00,FLIP,6.0,-0.00,12.54,507,BUY PE,BUY PE,BUY PE
EXIT,2026-05-11,13:08:12,23900,PE,BUY PE,36.0,23926.00,89.95,23882.0,23948.0,9.0,13:10:12,23922.30,90.80,FLIP,2.0,0.02,0.94,55,BUY CE,BUY PE,BUY PE
OPEN,2026-05-11,13:10:12,24000,CE,BUY CE,36.0,23935.60,77.85,23979.0,23914.0,18.0,,0.00,0.00,,0.0,0.00,0.00,0,BUY CE,BUY CE,BUY PE
EXIT,2026-05-11,13:10:12,24000,CE,BUY CE,36.0,23935.60,77.85,23979.0,23914.0,18.0,13:12:12,23942.00,77.85,FLIP,2.0,0.03,0.00,0,BUY CE,BUY CE,BUY PE
OPEN,2026-05-11,13:12:12,23900,PE,BUY PE,35.9,23934.50,78.10,23893.0,23956.0,9.0,,0.00,0.00,,0.0,0.00,0.00,0,BUY CE,BUY PE,BUY CE
EXIT,2026-05-11,13:12:12,23900,PE,BUY PE,35.9,23934.50,78.10,23893.0,23956.0,9.0,13:13:12,23934.50,78.10,FLIP,1.0,0.00,0.00,0,BUY CE,BUY PE,BUY CE
OPEN,2026-05-11,13:13:12,24000,CE,BUY CE,36.3,23933.95,86.25,23976.0,23913.0,18.0,,0.00,0.00,,0.0,0.00,0.00,0,BUY CE,BUY CE,BUY CE
EXIT,2026-05-11,13:13:12,24000,CE,BUY CE,36.3,23933.95,86.25,23976.0,23913.0,18.0,13:32:12,23949.35,89.95,TIMEOUT,19.0,0.06,4.29,241,BUY CE,BUY CE,BUY CE
OPEN,2026-05-11,13:33:12,24000,CE,BUY CE,37.0,23950.15,91.55,23988.0,23931.0,18.0,,0.00,0.00,,0.0,0.00,0.00,0,BUY CE,BUY CE,NO TRADE
OPEN,2026-05-11,13:37:12,24050,CE,BUY CE,37.5,23977.25,70.00,24016.0,23958.0,18.0,,0.00,0.00,,0.0,0.00,0.00,0,BUY CE,BUY CE,NO TRADE
EXIT,2026-05-11,13:37:12,24050,CE,BUY CE,37.5,23977.25,70.00,24016.0,23958.0,18.0,13:40:12,23956.05,82.20,SL,3.0,-0.09,17.43,793,BUY CE,BUY CE,NO TRADE
OPEN,2026-05-11,13:46:12,24050,CE,BUY CE,37.3,23978.85,78.25,24022.0,23957.0,18.0,,0.00,0.00,,0.0,0.00,0.00,0,BUY CE,BUY CE,NO TRADE
EXIT,2026-05-11,13:33:12,24000,CE,BUY CE,37.0,23950.15,91.55,23988.0,23931.0,18.0,13:51:12,23979.95,105.95,TIMEOUT,18.0,0.12,15.73,936,BUY CE,BUY CE,NO TRADE
OPEN,2026-05-11,13:59:12,24000,CE,BUY CE,38.0,23970.95,105.50,24013.0,23950.0,18.0,,0.00,0.00,,0.0,0.00,0.00,0,BUY CE,BUY CE,BUY CE
EXIT,2026-05-11,13:46:12,24050,CE,BUY CE,37.3,23978.85,78.25,24022.0,23957.0,18.0,14:04:12,23969.00,75.35,TIMEOUT,18.0,-0.04,-3.71,-189,BUY CE,BUY CE,NO TRADE
EXIT,2026-05-11,13:59:12,24000,CE,BUY CE,38.0,23970.95,105.50,24013.0,23950.0,18.0,14:15:12,23954.10,91.20,FLIP,16.0,-0.07,-13.55,-929,BUY CE,BUY CE,BUY CE
OPEN,2026-05-11,14:15:12,23900,PE,BUY PE,36.4,23943.75,67.25,23903.0,23964.0,9.0,,0.00,0.00,,0.0,0.00,0.00,0,BUY CE,BUY PE,BUY CE
EXIT,2026-05-11,14:15:12,23900,PE,BUY PE,36.4,23943.75,67.25,23903.0,23964.0,9.0,14:25:12,23941.70,76.35,TIMEOUT,10.0,0.01,13.53,591,BUY CE,BUY PE,BUY CE
OPEN,2026-05-11,14:26:12,23900,PE,BUY PE,35.6,23939.10,74.70,23900.0,23959.0,9.0,,0.00,0.00,,0.0,0.00,0.00,0,BUY CE,BUY PE,NO TRADE
EXIT,2026-05-11,14:26:12,23900,PE,BUY PE,35.6,23939.10,74.70,23900.0,23959.0,9.0,14:27:12,23939.10,74.70,FLIP,1.0,0.00,0.00,0,BUY CE,BUY PE,NO TRADE
OPEN,2026-05-11,14:27:12,24000,CE,BUY CE,35.7,23940.25,83.45,23977.0,23922.0,18.0,,0.00,0.00,,0.0,0.00,0.00,0,BUY CE,BUY PE,NO TRADE
EXIT,2026-05-11,14:27:12,24000,CE,BUY CE,35.7,23940.25,83.45,23977.0,23922.0,18.0,14:29:12,23930.00,83.45,FLIP,2.0,-0.04,0.00,0,BUY CE,BUY PE,NO TRADE
OPEN,2026-05-11,14:29:12,23900,PE,BUY PE,36.9,23936.20,77.75,23897.0,23956.0,9.0,,0.00,0.00,,0.0,0.00,0.00,0,BUY CE,BUY PE,BUY CE
EXIT,2026-05-11,14:29:12,23900,PE,BUY PE,36.9,23936.20,77.75,23897.0,23956.0,9.0,14:30:12,23936.20,77.75,FLIP,1.0,0.00,0.00,0,BUY CE,BUY PE,BUY CE
OPEN,2026-05-11,14:30:12,24000,CE,BUY CE,37.2,23932.10,79.35,23971.0,23913.0,18.0,,0.00,0.00,,0.0,0.00,0.00,0,BUY CE,BUY CE,NO TRADE
EXIT,2026-05-11,14:30:12,24000,CE,BUY CE,37.2,23932.10,79.35,23971.0,23913.0,18.0,14:36:12,23953.50,77.30,FLIP,6.0,0.09,-2.58,-133,BUY CE,BUY CE,NO TRADE
OPEN,2026-05-11,14:36:12,23900,PE,BUY PE,38.3,23947.55,76.50,23907.0,23968.0,9.0,,0.00,0.00,,0.0,0.00,0.00,0,BUY CE,BUY PE,NO TRADE
OPEN,2026-05-11,14:41:12,23850,PE,BUY PE,40.5,23924.20,61.80,23882.0,23945.0,9.0,,0.00,0.00,,0.0,0.00,0.00,0,BUY PE,BUY PE,BUY PE
EXIT,2026-05-11,14:36:12,23900,PE,BUY PE,38.3,23947.55,76.50,23907.0,23968.0,9.0,14:45:12,23916.70,82.10,TIMEOUT,9.0,0.13,7.32,364,BUY CE,BUY PE,NO TRADE
EXIT,2026-05-11,14:41:12,23850,PE,BUY PE,40.5,23924.20,61.80,23882.0,23945.0,9.0,14:50:12,23890.85,73.90,TIMEOUT,9.0,0.14,19.58,787,BUY PE,BUY PE,BUY PE
OPEN,2026-05-11,14:51:12,23850,PE,BUY PE,42.9,23912.50,73.90,23865.0,23937.0,9.0,,0.00,0.00,,0.0,0.00,0.00,0,BUY PE,BUY PE,BUY PE
EXIT,2026-05-11,14:51:12,23850,PE,BUY PE,42.9,23912.50,73.90,23865.0,23937.0,9.0,15:00:12,23881.05,73.25,FLIP,9.0,0.13,-0.88,-42,BUY PE,BUY PE,BUY PE
OPEN,2026-05-11,15:00:12,23900,CE,BUY CE,48.1,23878.00,101.95,23923.0,23856.0,29.0,,0.00,0.00,,0.0,0.00,0.00,0,BUY CE,BUY CE,BUY PE
OPEN,2026-05-11,15:01:12,23850,CE,BUY CE,48.4,23857.15,114.50,23904.0,23834.0,28.0,,0.00,0.00,,0.0,0.00,0.00,0,BUY CE,BUY CE,BUY PE
EXIT,2026-05-11,15:00:12,23900,CE,BUY CE,48.1,23878.00,101.95,23923.0,23856.0,29.0,15:02:12,23850.40,89.25,SL,2.0,-0.12,-12.46,-826,BUY CE,BUY CE,BUY PE
EXIT,2026-05-11,15:01:12,23850,CE,BUY CE,48.4,23857.15,114.50,23904.0,23834.0,28.0,15:04:12,23831.70,111.75,SL,3.0,-0.11,-2.40,-179,BUY CE,BUY CE,BUY PE
OPEN,2026-05-11,15:05:12,23850,CE,BUY CE,45.7,23830.75,111.75,23879.0,23807.0,24.0,,0.00,0.00,,0.0,0.00,0.00,0,BUY CE,BUY CE,BUY PE
OPEN,2026-05-11,15:06:12,23800,CE,BUY CE,45.3,23821.70,135.90,23872.0,23797.0,23.0,,0.00,0.00,,0.0,0.00,0.00,0,BUY CE,BUY CE,BUY PE
EXIT,2026-05-11,15:05:12,23850,CE,BUY CE,45.7,23830.75,111.75,23879.0,23807.0,24.0,15:10:12,23816.40,103.45,FLIP,5.0,-0.06,-7.43,-539,BUY CE,BUY CE,BUY PE
EXIT,2026-05-11,15:06:12,23800,CE,BUY CE,45.3,23821.70,135.90,23872.0,23797.0,23.0,15:10:12,23816.40,132.75,FLIP,4.0,-0.02,-2.32,-205,BUY CE,BUY CE,BUY PE
OPEN,2026-05-11,15:10:12,23750,PE,BUY PE,43.8,23818.65,58.50,23770.0,23843.0,9.0,,0.00,0.00,,0.0,0.00,0.00,0,BUY CE,BUY PE,BUY PE
EXIT,2026-05-11,15:10:12,23750,PE,BUY PE,43.8,23818.65,58.50,23770.0,23843.0,9.0,15:11:12,23818.65,58.50,FLIP,1.0,0.00,0.00,0,BUY CE,BUY PE,BUY PE
OPEN,2026-05-11,15:11:12,23800,CE,BUY CE,45.2,23812.05,132.75,23861.0,23788.0,18.0,,0.00,0.00,,0.0,0.00,0.00,0,BUY CE,BUY CE,BUY PE
OPEN,2026-05-11,15:12:12,23850,CE,BUY CE,44.6,23807.65,107.20,23855.0,23784.0,17.0,,0.00,0.00,,0.0,0.00,0.00,0,BUY CE,BUY PE,BUY CE
EXIT,2026-05-11,15:11:12,23800,CE,BUY CE,45.2,23812.05,132.75,23861.0,23788.0,18.0,15:15:12,23808.85,129.70,FLIP,4.0,-0.01,-2.30,-198,BUY CE,BUY CE,BUY PE
EXIT,2026-05-11,15:12:12,23850,CE,BUY CE,44.6,23807.65,107.20,23855.0,23784.0,17.0,15:15:12,23808.85,101.25,FLIP,3.0,0.01,-5.55,-387,BUY CE,BUY PE,BUY CE
OPEN,2026-05-11,15:15:12,23750,PE,BUY PE,44.0,23806.20,59.00,23758.0,23830.0,9.0,,0.00,0.00,,0.0,0.00,0.00,0,BUY CE,BUY PE,BUY CE
EXIT,2026-05-11,15:15:12,23750,PE,BUY PE,44.0,23806.20,59.00,23758.0,23830.0,9.0,15:16:12,23806.20,59.00,FLIP,1.0,0.00,0.00,0,BUY CE,BUY PE,BUY CE
OPEN,2026-05-11,15:16:12,23850,CE,BUY CE,43.6,23818.80,101.25,23869.0,23794.0,13.0,,0.00,0.00,,0.0,0.00,0.00,0,BUY CE,BUY PE,BUY CE
EXIT,2026-05-11,15:16:12,23850,CE,BUY CE,43.6,23818.80,101.25,23869.0,23794.0,13.0,15:17:12,23818.80,101.25,FLIP,1.0,0.00,0.00,0,BUY CE,BUY PE,BUY CE
OPEN,2026-05-11,15:17:12,23750,PE,BUY PE,44.2,23814.40,58.90,23767.0,23838.0,9.0,,0.00,0.00,,0.0,0.00,0.00,0,BUY CE,BUY PE,BUY CE
EXIT,2026-05-11,15:17:12,23750,PE,BUY PE,44.2,23814.40,58.90,23767.0,23838.0,9.0,15:20:12,23811.65,55.00,FLIP,3.0,0.01,-6.62,-253,BUY CE,BUY PE,BUY CE
OPEN,2026-05-11,15:20:12,23850,CE,BUY CE,44.7,23804.15,105.50,23851.0,23781.0,9.0,,0.00,0.00,,0.0,0.00,0.00,0,BUY CE,BUY PE,BUY CE
OPEN,2026-05-11,15:22:12,23800,CE,BUY CE,45.3,23806.95,132.75,23852.0,23784.0,7.0,,0.00,0.00,,0.0,0.00,0.00,0,BUY CE,BUY PE,BUY CE
EXIT,2026-05-11,15:20:12,23850,CE,BUY CE,44.7,23804.15,105.50,23851.0,23781.0,9.0,15:25:12,23804.60,103.55,FLIP,5.0,0.00,-1.85,-127,BUY CE,BUY PE,BUY CE
EXIT,2026-05-11,15:22:12,23800,CE,BUY CE,45.3,23806.95,132.75,23852.0,23784.0,7.0,15:25:12,23804.60,131.60,FLIP,3.0,-0.01,-0.87,-75,BUY CE,BUY PE,BUY CE
OPEN,2026-05-11,15:25:12,23750,PE,BUY PE,43.7,23810.40,57.50,23765.0,23833.0,4.0,,0.00,0.00,,0.0,0.00,0.00,0,BUY CE,BUY PE,BUY CE
EXIT,2026-05-11,15:25:12,23750,PE,BUY PE,43.7,23810.40,57.50,23765.0,23833.0,4.0,15:28:12,23813.35,54.80,FLIP,3.0,-0.01,-4.70,-176,BUY CE,BUY PE,BUY CE
OPEN,2026-05-11,15:28:12,23850,CE,BUY CE,43.7,23808.85,101.70,23853.0,23787.0,1.0,,0.00,0.00,,0.0,0.00,0.00,0,BUY CE,BUY PE,BUY CE
EXIT,2026-05-11,15:28:12,23850,CE,BUY CE,43.7,23808.85,101.70,23853.0,23787.0,1.0,15:30:12,23807.25,94.00,FLIP,2.0,-0.01,-7.57,-501,BUY CE,BUY PE,BUY CE
OPEN,2026-05-11,15:30:12,23750,PE,BUY PE,44.5,23815.90,55.15,23771.0,23838.0,25.0,,0.00,0.00,,0.0,0.00,0.00,0,BUY CE,BUY PE,BUY PE
EXIT,2026-05-11,15:30:12,23750,PE,BUY PE,44.5,23815.90,55.15,23771.0,23838.0,25.0,15:30:12,23815.90,55.15,EOD,0.0,0.00,0.00,0,BUY CE,BUY PE,BUY PE
OPEN,2026-05-12,09:00:12,23750,PE,BUY PE,40.6,23815.85,53.55,23771.0,23838.0,9.0,,0.00,0.00,,0.0,0.00,0.00,0,BUY PE,BUY PE,BUY PE
OPEN,2026-05-12,09:07:12,23650,PE,BUY PE,38.6,23722.60,27.10,23665.0,23752.0,9.0,,0.00,0.00,,0.0,0.00,0.00,0,BUY PE,BUY CE,BUY PE
EXIT,2026-05-12,09:00:12,23750,PE,BUY PE,40.6,23815.85,53.55,23771.0,23838.0,9.0,09:07:12,23722.60,53.55,TARGET,7.0,0.39,0.00,0,BUY PE,BUY PE,BUY PE
OPEN,2026-05-12,09:16:12,23750,PE,BUY PE,47.4,23735.65,0.00,23681.0,23763.0,9.0,,0.00,0.00,,0.0,0.00,0.00,0,BUY PE,BUY PE,NO TRADE
OPEN,2026-05-12,09:17:12,23700,PE,BUY PE,47.7,23700.85,0.00,23642.0,23730.0,9.0,,0.00,0.00,,0.0,0.00,0.00,0,BUY PE,BUY PE,NO TRADE
EXIT,2026-05-12,09:07:12,23650,PE,BUY PE,38.6,23722.60,27.10,23665.0,23752.0,9.0,09:17:12,23700.85,27.10,TIMEOUT,10.0,0.09,0.00,0,BUY PE,BUY CE,BUY PE
OPEN,2026-05-12,09:25:12,23650,PE,BUY PE,46.5,23673.40,40.60,23610.0,23705.0,9.0,,0.00,0.00,,0.0,0.00,0.00,0,BUY PE,BUY PE,BUY PE
EXIT,2026-05-12,09:16:12,23750,PE,BUY PE,47.4,23735.65,0.00,23681.0,23763.0,9.0,09:25:12,23673.40,92.35,TARGET,9.0,0.26,0.00,0,BUY PE,BUY PE,NO TRADE
EXIT,2026-05-12,09:17:12,23700,PE,BUY PE,47.7,23700.85,0.00,23642.0,23730.0,9.0,09:27:12,23647.45,63.40,TIMEOUT,10.0,0.23,0.00,0,BUY PE,BUY PE,NO TRADE
OPEN,2026-05-12,09:33:12,23600,PE,BUY PE,45.4,23620.20,45.25,23557.0,23652.0,9.0,,0.00,0.00,,0.0,0.00,0.00,0,BUY PE,BUY PE,BUY PE
OPEN,2026-05-12,09:34:12,23550,PE,BUY PE,43.9,23621.60,28.45,23559.0,23653.0,9.0,,0.00,0.00,,0.0,0.00,0.00,0,BUY PE,BUY PE,BUY PE
EXIT,2026-05-12,09:25:12,23650,PE,BUY PE,46.5,23673.40,40.60,23610.0,23705.0,9.0,09:34:12,23621.60,67.90,TIMEOUT,9.0,0.22,67.24,1775,BUY PE,BUY PE,BUY PE
EXIT,2026-05-12,09:33:12,23600,PE,BUY PE,45.4,23620.20,45.25,23557.0,23652.0,9.0,09:43:12,23646.20,44.60,TIMEOUT,10.0,-0.11,-1.44,-42,BUY PE,BUY PE,BUY PE
OPEN,2026-05-12,09:44:12,23600,PE,BUY PE,41.1,23644.70,44.60,23582.0,23676.0,9.0,,0.00,0.00,,0.0,0.00,0.00,0,BUY PE,BUY PE,BUY PE
EXIT,2026-05-12,09:34:12,23550,PE,BUY PE,43.9,23621.60,28.45,23559.0,23653.0,9.0,09:44:12,23644.70,27.25,TIMEOUT,10.0,-0.10,-4.22,-78,BUY PE,BUY PE,BUY PE
EXIT,2026-05-12,09:44:12,23600,PE,BUY PE,41.1,23644.70,44.60,23582.0,23676.0,9.0,09:54:12,23644.00,41.45,TIMEOUT,10.0,0.00,-7.06,-205,BUY PE,BUY PE,BUY PE
OPEN,2026-05-12,09:55:12,23600,PE,BUY PE,39.5,23643.75,41.45,23585.0,23673.0,9.0,,0.00,0.00,,0.0,0.00,0.00,0,BUY PE,BUY PE,BUY PE
EXIT,2026-05-12,09:55:12,23600,PE,BUY PE,39.5,23643.75,41.45,23585.0,23673.0,9.0,09:59:12,23627.85,39.65,FLIP,4.0,0.07,-4.34,-117,BUY PE,BUY PE,BUY PE
OPEN,2026-05-12,09:59:12,23700,CE,BUY CE,35.7,23625.70,38.65,23684.0,23597.0,18.0,,0.00,0.00,,0.0,0.00,0.00,0,BUY PE,BUY CE,BUY PE
EXIT,2026-05-12,09:59:12,23700,CE,BUY CE,35.7,23625.70,38.65,23684.0,23597.0,18.0,10:07:12,23628.05,34.90,FLIP,8.0,0.01,-9.70,-244,BUY PE,BUY CE,BUY PE
OPEN,2026-05-12,10:07:12,23600,PE,BUY PE,36.7,23641.25,41.95,23586.0,23669.0,9.0,,0.00,0.00,,0.0,0.00,0.00,0,BUY PE,BUY PE,BUY PE
EXIT,2026-05-12,10:07:12,23600,PE,BUY PE,36.7,23641.25,41.95,23586.0,23669.0,9.0,10:17:12,23656.40,33.75,TIMEOUT,10.0,-0.06,-19.55,-533,BUY PE,BUY PE,BUY PE
OPEN,2026-05-12,10:25:12,23600,PE,BUY PE,35.5,23632.15,31.80,23576.0,23660.0,9.0,,0.00,0.00,,0.0,0.00,0.00,0,BUY PE,BUY PE,BUY PE
OPEN,2026-05-12,10:26:12,23550,PE,BUY PE,35.3,23623.15,17.40,23569.0,23650.0,9.0,,0.00,0.00,,0.0,0.00,0.00,0,BUY PE,BUY PE,BUY PE
EXIT,2026-05-12,10:25:12,23600,PE,BUY PE,35.5,23632.15,31.80,23576.0,23660.0,9.0,10:35:12,23607.00,44.60,TIMEOUT,10.0,0.11,40.25,832,BUY PE,BUY PE,BUY PE
EXIT,2026-05-12,10:26:12,23550,PE,BUY PE,35.3,23623.15,17.40,23569.0,23650.0,9.0,10:35:12,23607.00,25.70,TIMEOUT,9.0,0.07,47.70,540,BUY PE,BUY PE,BUY PE
OPEN,2026-05-12,12:31:12,23500,PE,BUY PE,35.5,23527.80,19.90,23486.0,23549.0,9.0,,0.00,0.00,,0.0,0.00,0.00,0,BUY PE,BUY PE,BUY PE
EXIT,2026-05-12,12:31:12,23500,PE,BUY PE,35.5,23527.80,19.90,23486.0,23549.0,9.0,12:34:12,23529.90,32.55,FLIP,3.0,-0.01,63.57,822,BUY PE,BUY PE,BUY PE
OPEN,2026-05-12,12:34:12,23600,CE,BUY CE,35.9,23528.15,26.25,23571.0,23507.0,18.0,,0.00,0.00,,0.0,0.00,0.00,0,BUY PE,BUY CE,BUY PE
OPEN,2026-05-12,12:35:12,23550,CE,BUY CE,37.6,23522.00,42.05,23565.0,23501.0,18.0,,0.00,0.00,,0.0,0.00,0.00,0,BUY CE,BUY CE,BUY PE
EXIT,2026-05-12,12:34:12,23600,CE,BUY CE,35.9,23528.15,26.25,23571.0,23507.0,18.0,12:39:12,23520.65,24.55,FLIP,5.0,-0.03,-6.48,-110,BUY PE,BUY CE,BUY PE
EXIT,2026-05-12,12:35:12,23550,CE,BUY CE,37.6,23522.00,42.05,23565.0,23501.0,18.0,12:39:12,23520.65,40.90,FLIP,4.0,-0.01,-2.73,-75,BUY CE,BUY CE,BUY PE
OPEN,2026-05-12,12:39:12,23500,PE,BUY PE,36.7,23525.50,36.00,23484.0,23547.0,9.0,,0.00,0.00,,0.0,0.00,0.00,0,BUY PE,BUY PE,BUY PE
OPEN,2026-05-12,12:40:12,23450,PE,BUY PE,35.4,23519.30,18.90,23476.0,23541.0,9.0,,0.00,0.00,,0.0,0.00,0.00,0,BUY CE,BUY PE,BUY PE
EXIT,2026-05-12,12:39:12,23500,PE,BUY PE,36.7,23525.50,36.00,23484.0,23547.0,9.0,12:49:12,23527.25,32.15,TIMEOUT,10.0,-0.01,-10.69,-250,BUY PE,BUY PE,BUY PE
OPEN,2026-05-12,12:50:12,23500,PE,BUY PE,35.8,23528.20,32.15,23486.0,23549.0,9.0,,0.00,0.00,,0.0,0.00,0.00,0,NO TRADE,BUY PE,BUY PE
EXIT,2026-05-12,12:40:12,23450,PE,BUY PE,35.4,23519.30,18.90,23476.0,23541.0,9.0,12:50:12,23528.20,16.25,TIMEOUT,10.0,-0.04,-14.02,-172,BUY CE,BUY PE,BUY PE
EXIT,2026-05-12,12:50:12,23500,PE,BUY PE,35.8,23528.20,32.15,23486.0,23549.0,9.0,12:59:12,23518.50,29.70,TIMEOUT,9.0,0.04,-7.62,-159,NO TRADE,BUY PE,BUY PE
OPEN,2026-05-12,13:12:12,23550,CE,BUY CE,35.3,23509.55,30.00,23550.0,23490.0,18.0,,0.00,0.00,,0.0,0.00,0.00,0,BUY CE,BUY CE,BUY PE
EXIT,2026-05-12,13:12:12,23550,CE,BUY CE,35.3,23509.55,30.00,23550.0,23490.0,18.0,13:14:12,23524.95,30.00,FLIP,2.0,0.07,0.00,0,BUY CE,BUY CE,BUY PE
OPEN,2026-05-12,13:14:12,23500,PE,BUY PE,35.0,23530.85,28.20,23490.0,23551.0,9.0,,0.00,0.00,,0.0,0.00,0.00,0,NO TRADE,BUY PE,NO TRADE
EXIT,2026-05-12,13:14:12,23500,PE,BUY PE,35.0,23530.85,28.20,23490.0,23551.0,9.0,13:18:12,23547.05,20.50,FLIP,4.0,-0.07,-27.30,-500,NO TRADE,BUY PE,NO TRADE
OPEN,2026-05-12,13:18:12,23600,CE,BUY CE,35.9,23544.05,23.00,23585.0,23524.0,18.0,,0.00,0.00,,0.0,0.00,0.00,0,BUY CE,BUY CE,NO TRADE
EXIT,2026-05-12,13:18:12,23600,CE,BUY CE,35.9,23544.05,23.00,23585.0,23524.0,18.0,13:20:12,23550.85,23.00,FLIP,2.0,0.03,0.00,0,BUY CE,BUY CE,NO TRADE
OPEN,2026-05-12,13:20:12,23500,PE,BUY PE,36.4,23540.15,17.50,23497.0,23562.0,9.0,,0.00,0.00,,0.0,0.00,0.00,0,BUY PE,BUY CE,NO TRADE
EXIT,2026-05-12,13:20:12,23500,PE,BUY PE,36.4,23540.15,17.50,23497.0,23562.0,9.0,13:29:12,23528.25,22.05,TIMEOUT,9.0,0.05,26.00,296,BUY PE,BUY CE,NO TRADE
OPEN,2026-05-12,13:30:12,23500,PE,BUY PE,36.7,23532.55,22.05,23492.0,23553.0,9.0,,0.00,0.00,,0.0,0.00,0.00,0,BUY PE,BUY PE,BUY PE
OPEN,2026-05-12,13:37:12,23450,PE,BUY PE,39.4,23518.95,9.60,23478.0,23539.0,9.0,,0.00,0.00,,0.0,0.00,0.00,0,BUY PE,BUY PE,BUY PE
EXIT,2026-05-12,13:30:12,23500,PE,BUY PE,36.7,23532.55,22.05,23492.0,23553.0,9.0,13:39:12,23516.00,24.05,TIMEOUT,9.0,0.07,9.07,130,BUY PE,BUY PE,BUY PE
EXIT,2026-05-12,13:37:12,23450,PE,BUY PE,39.4,23518.95,9.60,23478.0,23539.0,9.0,13:47:12,23498.75,12.40,TIMEOUT,10.0,0.09,29.17,182,BUY PE,BUY PE,BUY PE
OPEN,2026-05-12,13:48:12,23450,PE,BUY PE,38.6,23507.25,12.40,23467.0,23527.0,9.0,,0.00,0.00,,0.0,0.00,0.00,0,BUY PE,BUY PE,BUY PE
OPEN,2026-05-12,13:52:12,23500,PE,BUY PE,38.0,23529.20,21.80,23488.0,23550.0,9.0,,0.00,0.00,,0.0,0.00,0.00,0,BUY PE,BUY PE,BUY CE
EXIT,2026-05-12,13:48:12,23450,PE,BUY PE,38.6,23507.25,12.40,23467.0,23527.0,9.0,13:52:12,23529.20,7.95,SL,4.0,-0.09,-35.89,-289,BUY PE,BUY PE,BUY PE
OPEN,2026-05-12,13:53:12,23450,PE,BUY PE,38.7,23517.65,8.00,23477.0,23538.0,9.0,,0.00,0.00,,0.0,0.00,0.00,0,BUY PE,BUY PE,BUY CE
EXIT,2026-05-12,13:52:12,23500,PE,BUY PE,38.0,23529.20,21.80,23488.0,23550.0,9.0,14:00:12,23486.45,27.55,TARGET,8.0,0.18,26.38,374,BUY PE,BUY PE,BUY CE
EXIT,2026-05-12,13:53:12,23450,PE,BUY PE,38.7,23517.65,8.00,23477.0,23538.0,9.0,14:02:12,23478.30,10.60,TIMEOUT,9.0,0.17,32.50,169,BUY PE,BUY PE,BUY CE
OPEN,2026-05-12,14:03:12,23450,PE,BUY PE,42.1,23493.30,15.00,23452.0,23514.0,9.0,,0.00,0.00,,0.0,0.00,0.00,0,BUY PE,BUY PE,BUY PE
OPEN,2026-05-12,14:08:12,23400,PE,BUY PE,40.3,23469.25,4.10,23427.0,23490.0,9.0,,0.00,0.00,,0.0,0.00,0.00,0,BUY PE,BUY PE,BUY PE
EXIT,2026-05-12,14:03:12,23450,PE,BUY PE,42.1,23493.30,15.00,23452.0,23514.0,9.0,14:13:12,23456.00,20.35,TIMEOUT,10.0,0.16,35.67,348,BUY PE,BUY PE,BUY PE
EXIT,2026-05-12,14:08:12,23400,PE,BUY PE,40.3,23469.25,4.10,23427.0,23490.0,9.0,14:18:12,23469.05,4.75,TIMEOUT,10.0,0.00,15.85,42,BUY PE,BUY PE,BUY PE
OPEN,2026-05-12,14:19:12,23400,PE,BUY PE,40.7,23463.70,4.75,23422.0,23485.0,9.0,,0.00,0.00,,0.0,0.00,0.00,0,BUY PE,BUY PE,BUY PE
OPEN,2026-05-12,14:25:12,23450,PE,BUY PE,43.1,23483.10,17.05,23439.0,23505.0,9.0,,0.00,0.00,,0.0,0.00,0.00,0,BUY PE,BUY PE,BUY PE
EXIT,2026-05-12,14:19:12,23400,PE,BUY PE,40.7,23463.70,4.75,23422.0,23485.0,9.0,14:29:12,23466.90,3.35,TIMEOUT,10.0,-0.01,-29.47,-91,BUY PE,BUY PE,BUY PE
OPEN,2026-05-12,14:30:12,23400,PE,BUY PE,42.1,23469.80,3.35,23425.0,23492.0,9.0,,0.00,0.00,,0.0,0.00,0.00,0,BUY PE,BUY PE,BUY PE
EXIT,2026-05-12,14:25:12,23450,PE,BUY PE,43.1,23483.10,17.05,23439.0,23505.0,9.0,14:35:12,23436.80,14.70,TARGET,10.0,0.20,-13.78,-153,BUY PE,BUY PE,BUY PE
EXIT,2026-05-12,14:30:12,23400,PE,BUY PE,42.1,23469.80,3.35,23425.0,23492.0,9.0,14:40:12,23466.60,3.55,TIMEOUT,10.0,0.01,5.97,13,BUY PE,BUY PE,BUY PE
OPEN,2026-05-12,14:41:12,23400,PE,BUY PE,41.7,23459.65,2.60,23414.0,23483.0,9.0,,0.00,0.00,,0.0,0.00,0.00,0,BUY PE,BUY PE,BUY PE
EXIT,2026-05-12,14:41:12,23400,PE,BUY PE,41.7,23459.65,2.60,23414.0,23483.0,9.0,14:50:12,23459.80,2.35,TIMEOUT,9.0,-0.00,-9.62,-16,BUY PE,BUY PE,BUY PE
OPEN,2026-05-12,14:51:12,23400,PE,BUY PE,38.8,23458.35,2.35,23414.0,23480.0,9.0,,0.00,0.00,,0.0,0.00,0.00,0,BUY PE,BUY PE,BUY PE
OPEN,2026-05-12,14:56:12,23350,PE,BUY PE,42.6,23422.80,0.65,23377.0,23446.0,9.0,,0.00,0.00,,0.0,0.00,0.00,0,BUY PE,BUY PE,BUY PE
EXIT,2026-05-12,14:51:12,23400,PE,BUY PE,38.8,23458.35,2.35,23414.0,23480.0,9.0,15:00:12,23421.75,5.25,FLIP,9.0,0.16,123.40,188,BUY PE,BUY PE,BUY PE
EXIT,2026-05-12,14:56:12,23350,PE,BUY PE,42.6,23422.80,0.65,23377.0,23446.0,9.0,15:00:12,23421.75,0.65,FLIP,4.0,0.00,0.00,0,BUY PE,BUY PE,BUY PE
OPEN,2026-05-12,15:00:12,23400,CE,BUY CE,48.7,23410.15,31.95,23458.0,23386.0,29.0,,0.00,0.00,,0.0,0.00,0.00,0,BUY CE,BUY CE,BUY PE
EXIT,2026-05-12,15:00:12,23400,CE,BUY CE,48.7,23410.15,31.95,23458.0,23386.0,29.0,15:02:12,23384.10,26.35,SL,2.0,-0.11,-17.53,-364,BUY CE,BUY CE,BUY PE
OPEN,2026-05-12,15:03:12,23350,CE,BUY CE,51.5,23370.95,70.55,23421.0,23346.0,26.0,,0.00,0.00,,0.0,0.00,0.00,0,BUY CE,BUY CE,BUY PE
OPEN,2026-05-12,15:04:12,23400,CE,BUY CE,50.9,23378.10,5.00,23429.0,23353.0,25.0,,0.00,0.00,,0.0,0.00,0.00,0,BUY CE,BUY CE,BUY PE
OPEN,2026-05-12,15:17:12,23450,CE,BUY CE,44.8,23379.00,0.15,23430.0,23354.0,12.0,,0.00,0.00,,0.0,0.00,0.00,0,BUY CE,BUY PE,BUY PE
EXIT,2026-05-12,15:03:12,23350,CE,BUY CE,51.5,23370.95,70.55,23421.0,23346.0,26.0,15:19:12,23371.15,20.55,FLIP,16.0,0.00,-70.87,-3250,BUY CE,BUY CE,BUY PE
EXIT,2026-05-12,15:04:12,23400,CE,BUY CE,50.9,23378.10,5.00,23429.0,23353.0,25.0,15:19:12,23371.15,0.20,FLIP,15.0,-0.03,-96.00,-312,BUY CE,BUY CE,BUY PE
EXIT,2026-05-12,15:17:12,23450,CE,BUY CE,44.8,23379.00,0.15,23430.0,23354.0,12.0,15:19:12,23371.15,0.15,FLIP,2.0,-0.03,0.00,0,BUY CE,BUY PE,BUY PE
OPEN,2026-05-12,15:19:12,23400,PE,BUY PE,45.7,23379.15,28.55,23328.0,23405.0,9.0,,0.00,0.00,,0.0,0.00,0.00,0,BUY CE,BUY PE,BUY PE
EXIT,2026-05-12,15:19:12,23400,PE,BUY PE,45.7,23379.15,28.55,23328.0,23405.0,9.0,15:23:12,23380.55,22.85,FLIP,4.0,-0.01,-19.96,-370,BUY CE,BUY PE,BUY PE
OPEN,2026-05-12,15:23:12,23450,CE,BUY CE,44.5,23385.15,0.15,23435.0,23360.0,6.0,,0.00,0.00,,0.0,0.00,0.00,0,BUY CE,BUY PE,BUY PE
EXIT,2026-05-12,15:23:12,23450,CE,BUY CE,44.5,23385.15,0.15,23435.0,23360.0,6.0,15:26:12,23391.25,0.15,FLIP,3.0,0.03,0.00,0,BUY CE,BUY PE,BUY PE
OPEN,2026-05-12,15:26:12,23350,PE,BUY PE,45.0,23389.65,0.05,23342.0,23414.0,3.0,,0.00,0.00,,0.0,0.00,0.00,0,BUY CE,BUY PE,BUY PE
OPEN,2026-05-12,15:27:12,23400,PE,BUY PE,45.1,23404.15,22.70,23355.0,23429.0,2.0,,0.00,0.00,,0.0,0.00,0.00,0,BUY CE,BUY PE,BUY PE
EXIT,2026-05-12,15:26:12,23350,PE,BUY PE,45.0,23389.65,0.05,23342.0,23414.0,3.0,15:28:12,23404.15,0.05,FLIP,2.0,-0.06,0.00,0,BUY CE,BUY PE,BUY PE
EXIT,2026-05-12,15:27:12,23400,PE,BUY PE,45.1,23404.15,22.70,23355.0,23429.0,2.0,15:28:12,23404.15,22.70,FLIP,1.0,0.00,0.00,0,BUY CE,BUY PE,BUY PE
OPEN,2026-05-12,15:28:12,23400,CE,BUY CE,45.4,23422.25,0.10,23474.0,23396.0,1.0,,0.00,0.00,,0.0,0.00,0.00,0,BUY CE,BUY PE,BUY PE
EXIT,2026-05-12,15:28:12,23400,CE,BUY CE,45.4,23422.25,0.10,23474.0,23396.0,1.0,15:29:12,23422.25,0.10,FLIP,1.0,0.00,0.00,0,BUY CE,BUY PE,BUY PE
OPEN,2026-05-12,15:29:12,23350,PE,BUY PE,44.8,23420.35,0.05,23367.0,23447.0,0.0,,0.00,0.00,,0.0,0.00,0.00,0,BUY CE,BUY PE,BUY PE
EXIT,2026-05-12,15:29:12,23350,PE,BUY PE,44.8,23420.35,0.05,23367.0,23447.0,0.0,15:29:12,23420.35,0.05,TIMEOUT,0.0,0.00,0.00,0,BUY CE,BUY PE,BUY PE
OPEN,2026-05-12,15:30:12,23450,PE,BUY PE,50.1,23429.55,70.95,23377.0,23456.0,25.0,,0.00,0.00,,0.0,0.00,0.00,0,BUY PE,BUY PE,BUY PE
EXIT,2026-05-12,15:30:12,23450,PE,BUY PE,50.1,23429.55,70.95,23377.0,23456.0,25.0,15:30:12,23429.55,70.95,EOD,0.0,0.00,0.00,0,BUY PE,BUY PE,BUY PE
OPEN,2026-05-13,09:00:12,23400,PE,BUY PE,45.7,23379.55,20.30,23319.0,23410.0,9.0,,0.00,0.00,,0.0,0.00,0.00,0,BUY PE,BUY PE,BUY PE
OPEN,2026-05-13,09:08:12,23350,PE,BUY PE,45.3,23362.45,185.85,23299.0,23394.0,9.0,,0.00,0.00,,0.0,0.00,0.00,0,BUY PE,BUY PE,BUY CE
EXIT,2026-05-13,09:00:12,23400,PE,BUY PE,45.7,23379.55,20.30,23319.0,23410.0,9.0,09:09:12,23362.45,210.95,TIMEOUT,9.0,0.07,939.16,12392,BUY PE,BUY PE,BUY PE
OPEN,2026-05-13,09:16:12,23500,PE,BUY PE,46.6,23476.20,0.00,23404.0,23512.0,9.0,,0.00,0.00,,0.0,0.00,0.00,0,BUY PE,BUY PE,NO TRADE
EXIT,2026-05-13,09:08:12,23350,PE,BUY PE,45.3,23362.45,185.85,23299.0,23394.0,9.0,09:16:12,23476.20,185.85,SL,8.0,-0.49,0.00,0,BUY PE,BUY PE,BUY CE
OPEN,2026-05-13,09:17:12,23450,PE,BUY PE,46.8,23447.60,0.00,23377.0,23483.0,9.0,,0.00,0.00,,0.0,0.00,0.00,0,BUY PE,BUY PE,NO TRADE
OPEN,2026-05-13,09:18:12,23400,PE,BUY PE,46.9,23413.75,0.00,23345.0,23448.0,9.0,,0.00,0.00,,0.0,0.00,0.00,0,BUY PE,BUY PE,NO TRADE
EXIT,2026-05-13,09:16:12,23500,PE,BUY PE,46.6,23476.20,0.00,23404.0,23512.0,9.0,09:21:12,23403.45,250.10,TARGET,5.0,0.31,0.00,0,BUY PE,BUY PE,NO TRADE
EXIT,2026-05-13,09:17:12,23450,PE,BUY PE,46.8,23447.60,0.00,23377.0,23483.0,9.0,09:27:12,23402.85,221.65,TIMEOUT,10.0,0.19,0.00,0,BUY PE,BUY PE,NO TRADE
EXIT,2026-05-13,09:18:12,23400,PE,BUY PE,46.9,23413.75,0.00,23345.0,23448.0,9.0,09:28:12,23413.05,198.65,TIMEOUT,10.0,0.00,0.00,0,BUY PE,BUY PE,NO TRADE
OPEN,2026-05-13,09:29:12,23400,PE,BUY PE,46.2,23392.25,203.70,23319.0,23429.0,9.0,,0.00,0.00,,0.0,0.00,0.00,0,BUY PE,BUY PE,BUY PE
OPEN,2026-05-13,09:30:12,23350,PE,BUY PE,45.7,23373.25,182.55,23296.0,23412.0,9.0,,0.00,0.00,,0.0,0.00,0.00,0,BUY PE,BUY PE,BUY PE
OPEN,2026-05-13,09:35:12,23300,PE,BUY PE,43.5,23337.15,188.85,23260.0,23376.0,9.0,,0.00,0.00,,0.0,0.00,0.00,0,BUY PE,BUY PE,BUY CE
OPEN,2026-05-13,09:36:12,23250,PE,BUY PE,43.3,23313.35,169.05,23238.0,23351.0,9.0,,0.00,0.00,,0.0,0.00,0.00,0,BUY PE,BUY CE,BUY CE
EXIT,2026-05-13,09:29:12,23400,PE,BUY PE,46.2,23392.25,203.70,23319.0,23429.0,9.0,09:36:12,23313.35,233.00,TARGET,7.0,0.34,14.38,1905,BUY PE,BUY PE,BUY PE
EXIT,2026-05-13,09:30:12,23350,PE,BUY PE,45.7,23373.25,182.55,23296.0,23412.0,9.0,09:38:12,23290.60,236.50,TARGET,8.0,0.35,29.55,3507,BUY PE,BUY PE,BUY PE
OPEN,2026-05-13,09:40:12,23200,PE,BUY PE,43.1,23270.55,180.45,23188.0,23312.0,9.0,,0.00,0.00,,0.0,0.00,0.00,0,BUY PE,BUY CE,BUY CE
EXIT,2026-05-13,09:35:12,23300,PE,BUY PE,43.5,23337.15,188.85,23260.0,23376.0,9.0,09:42:12,23271.70,222.60,FLIP,7.0,0.28,17.87,2194,BUY PE,BUY PE,BUY CE
EXIT,2026-05-13,09:36:12,23250,PE,BUY PE,43.3,23313.35,169.05,23238.0,23351.0,9.0,09:42:12,23271.70,201.00,FLIP,6.0,0.18,18.90,2077,BUY PE,BUY CE,BUY CE
EXIT,2026-05-13,09:40:12,23200,PE,BUY PE,43.1,23270.55,180.45,23188.0,23312.0,9.0,09:42:12,23271.70,180.45,FLIP,2.0,-0.00,0.00,0,BUY PE,BUY CE,BUY CE
OPEN,2026-05-13,09:42:12,23350,CE,BUY CE,42.1,23284.90,228.85,23364.0,23245.0,18.0,,0.00,0.00,,0.0,0.00,0.00,0,BUY CE,BUY CE,BUY CE
EXIT,2026-05-13,09:42:12,23350,CE,BUY CE,42.1,23284.90,228.85,23364.0,23245.0,18.0,09:43:12,23284.90,228.85,FLIP,1.0,0.00,0.00,0,BUY CE,BUY CE,BUY CE
OPEN,2026-05-13,09:43:12,23250,PE,BUY PE,43.7,23300.85,202.45,23219.0,23342.0,9.0,,0.00,0.00,,0.0,0.00,0.00,0,BUY PE,BUY PE,BUY CE
OPEN,2026-05-13,09:52:12,23300,PE,BUY PE,44.7,23336.95,219.40,23256.0,23377.0,9.0,,0.00,0.00,,0.0,0.00,0.00,0,BUY PE,BUY PE,BUY PE
OPEN,2026-05-13,09:53:12,23350,PE,BUY PE,45.5,23359.30,242.35,23275.0,23401.0,9.0,,0.00,0.00,,0.0,0.00,0.00,0,BUY PE,BUY PE,BUY PE
EXIT,2026-05-13,09:43:12,23250,PE,BUY PE,43.7,23300.85,202.45,23219.0,23342.0,9.0,09:53:12,23359.30,197.70,SL,10.0,-0.25,-2.35,-309,BUY PE,BUY PE,BUY CE
EXIT,2026-05-13,09:52:12,23300,PE,BUY PE,44.7,23336.95,219.40,23256.0,23377.0,9.0,09:55:12,23377.85,195.50,SL,3.0,-0.18,-10.89,-1554,BUY PE,BUY PE,BUY PE
OPEN,2026-05-13,09:56:12,23300,PE,BUY PE,43.0,23370.15,195.50,23287.0,23412.0,9.0,,0.00,0.00,,0.0,0.00,0.00,0,BUY PE,BUY PE,BUY PE
EXIT,2026-05-13,09:53:12,23350,PE,BUY PE,45.5,23359.30,242.35,23275.0,23401.0,9.0,10:03:12,23373.50,221.20,TIMEOUT,10.0,-0.06,-8.73,-1375,BUY PE,BUY PE,BUY PE
OPEN,2026-05-13,10:05:12,23350,PE,BUY PE,43.5,23397.75,212.10,23313.0,23440.0,9.0,,0.00,0.00,,0.0,0.00,0.00,0,BUY PE,BUY PE,BUY PE
EXIT,2026-05-13,09:56:12,23300,PE,BUY PE,43.0,23370.15,195.50,23287.0,23412.0,9.0,10:06:12,23401.90,191.05,TIMEOUT,10.0,-0.14,-2.28,-289,BUY PE,BUY PE,BUY PE
EXIT,2026-05-13,10:05:12,23350,PE,BUY PE,43.5,23397.75,212.10,23313.0,23440.0,9.0,10:14:12,23403.55,206.00,TIMEOUT,9.0,-0.02,-2.88,-396,BUY PE,BUY PE,BUY PE
OPEN,2026-05-13,10:15:12,23350,PE,BUY PE,42.1,23401.60,204.15,23321.0,23442.0,9.0,,0.00,0.00,,0.0,0.00,0.00,0,BUY PE,BUY PE,BUY PE
OPEN,2026-05-13,10:17:12,23400,PE,BUY PE,42.9,23425.55,215.00,23347.0,23465.0,9.0,,0.00,0.00,,0.0,0.00,0.00,0,BUY PE,BUY PE,BUY PE
EXIT,2026-05-13,10:15:12,23350,PE,BUY PE,42.1,23401.60,204.15,23321.0,23442.0,9.0,10:21:12,23459.60,187.00,SL,6.0,-0.25,-8.40,-1115,BUY PE,BUY PE,BUY PE
EXIT,2026-05-13,10:17:12,23400,PE,BUY PE,42.9,23425.55,215.00,23347.0,23465.0,9.0,10:25:12,23465.30,194.25,SL,8.0,-0.17,-9.65,-1349,BUY PE,BUY PE,BUY PE
OPEN,2026-05-13,10:26:12,23400,PE,BUY PE,39.7,23464.45,194.25,23389.0,23502.0,9.0,,0.00,0.00,,0.0,0.00,0.00,0,BUY PE,BUY PE,BUY PE
OPEN,2026-05-13,10:28:12,23450,PE,BUY PE,37.7,23476.65,210.25,23401.0,23515.0,9.0,,0.00,0.00,,0.0,0.00,0.00,0,BUY PE,BUY PE,BUY CE
EXIT,2026-05-13,10:26:12,23400,PE,BUY PE,39.7,23464.45,194.25,23389.0,23502.0,9.0,10:36:12,23459.40,192.95,TIMEOUT,10.0,0.02,-0.67,-85,BUY PE,BUY PE,BUY PE
OPEN,2026-05-13,10:37:12,23400,PE,BUY PE,38.1,23453.25,186.20,23379.0,23490.0,9.0,,0.00,0.00,,0.0,0.00,0.00,0,BUY PE,BUY CE,BUY PE
EXIT,2026-05-13,10:28:12,23450,PE,BUY PE,37.7,23476.65,210.25,23401.0,23515.0,9.0,10:38:12,23462.60,206.15,TIMEOUT,10.0,0.06,-1.95,-266,BUY PE,BUY PE,BUY CE
EXIT,2026-05-13,10:37:12,23400,PE,BUY PE,38.1,23453.25,186.20,23379.0,23490.0,9.0,10:46:12,23467.30,186.20,TIMEOUT,9.0,-0.06,0.00,0,BUY PE,BUY CE,BUY PE
OPEN,2026-05-13,10:47:12,23400,PE,BUY PE,37.5,23461.55,186.20,23389.0,23498.0,9.0,,0.00,0.00,,0.0,0.00,0.00,0,BUY PE,BUY PE,BUY PE
OPEN,2026-05-13,10:56:12,23350,PE,BUY PE,36.5,23420.55,178.25,23351.0,23456.0,9.0,,0.00,0.00,,0.0,0.00,0.00,0,BUY PE,BUY PE,BUY PE
EXIT,2026-05-13,10:47:12,23400,PE,BUY PE,37.5,23461.55,186.20,23389.0,23498.0,9.0,10:57:12,23420.55,197.60,FLIP,10.0,0.17,6.12,741,BUY PE,BUY PE,BUY PE
EXIT,2026-05-13,10:56:12,23350,PE,BUY PE,36.5,23420.55,178.25,23351.0,23456.0,9.0,10:57:12,23420.55,178.25,FLIP,1.0,0.00,0.00,0,BUY PE,BUY PE,BUY PE
OPEN,2026-05-13,10:57:12,23450,CE,BUY CE,36.6,23412.65,252.60,23485.0,23377.0,18.0,,0.00,0.00,,0.0,0.00,0.00,0,BUY PE,BUY CE,BUY CE
EXIT,2026-05-13,10:57:12,23450,CE,BUY CE,36.6,23412.65,252.60,23485.0,23377.0,18.0,10:58:12,23412.65,252.60,FLIP,1.0,0.00,0.00,0,BUY PE,BUY CE,BUY CE
OPEN,2026-05-13,10:58:12,23350,PE,BUY PE,37.3,23400.55,184.60,23328.0,23437.0,9.0,,0.00,0.00,,0.0,0.00,0.00,0,BUY PE,BUY PE,BUY CE
OPEN,2026-05-13,11:00:12,23300,PE,BUY PE,38.9,23373.30,175.75,23296.0,23412.0,9.0,,0.00,0.00,,0.0,0.00,0.00,0,BUY CE,BUY PE,BUY PE
EXIT,2026-05-13,10:58:12,23350,PE,BUY PE,37.3,23400.55,184.60,23328.0,23437.0,9.0,11:07:12,23388.25,192.50,TIMEOUT,9.0,0.05,4.28,514,BUY PE,BUY PE,BUY CE
OPEN,2026-05-13,11:08:12,23350,PE,BUY PE,38.9,23396.25,199.00,23322.0,23433.0,9.0,,0.00,0.00,,0.0,0.00,0.00,0,BUY PE,BUY PE,BUY PE
EXIT,2026-05-13,11:00:12,23300,PE,BUY PE,38.9,23373.30,175.75,23296.0,23412.0,9.0,11:09:12,23399.45,179.35,TIMEOUT,9.0,-0.11,2.05,234,BUY CE,BUY PE,BUY PE
EXIT,2026-05-13,11:08:12,23350,PE,BUY PE,38.9,23396.25,199.00,23322.0,23433.0,9.0,11:18:12,23397.10,198.05,TIMEOUT,10.0,-0.00,-0.48,-62,BUY PE,BUY PE,BUY PE
OPEN,2026-05-13,11:19:12,23350,PE,BUY PE,38.2,23410.95,198.05,23341.0,23446.0,9.0,,0.00,0.00,,0.0,0.00,0.00,0,BUY PE,BUY PE,BUY PE
EXIT,2026-05-13,11:19:12,23350,PE,BUY PE,38.2,23410.95,198.05,23341.0,23446.0,9.0,11:28:12,23397.65,186.95,TIMEOUT,9.0,0.06,-5.60,-722,BUY PE,BUY PE,BUY PE
OPEN,2026-05-13,11:39:12,23400,PE,BUY PE,35.5,23455.95,193.60,23390.0,23489.0,9.0,,0.00,0.00,,0.0,0.00,0.00,0,BUY PE,NO TRADE,BUY PE
OPEN,2026-05-13,11:41:12,23450,PE,BUY PE,39.0,23476.55,208.05,23414.0,23508.0,9.0,,0.00,0.00,,0.0,0.00,0.00,0,BUY PE,BUY PE,BUY CE
EXIT,2026-05-13,11:39:12,23400,PE,BUY PE,35.5,23455.95,193.60,23390.0,23489.0,9.0,11:43:12,23491.15,171.15,SL,4.0,-0.15,-11.60,-1459,BUY PE,NO TRADE,BUY PE
EXIT,2026-05-13,11:41:12,23450,PE,BUY PE,39.0,23476.55,208.05,23414.0,23508.0,9.0,11:50:12,23488.80,192.60,FLIP,9.0,-0.05,-7.43,-1004,BUY PE,BUY PE,BUY CE
OPEN,2026-05-13,11:50:12,23550,CE,BUY CE,35.9,23480.20,224.80,23545.0,23448.0,18.0,,0.00,0.00,,0.0,0.00,0.00,0,BUY PE,BUY CE,BUY CE
EXIT,2026-05-13,11:50:12,23550,CE,BUY CE,35.9,23480.20,224.80,23545.0,23448.0,18.0,11:51:12,23480.20,224.80,FLIP,1.0,0.00,0.00,0,BUY PE,BUY CE,BUY CE
OPEN,2026-05-13,11:51:12,23450,PE,BUY PE,35.7,23489.70,196.80,23427.0,23521.0,9.0,,0.00,0.00,,0.0,0.00,0.00,0,BUY PE,BUY CE,BUY CE
EXIT,2026-05-13,11:51:12,23450,PE,BUY PE,35.7,23489.70,196.80,23427.0,23521.0,9.0,11:54:12,23496.80,196.80,FLIP,3.0,-0.03,0.00,0,BUY PE,BUY CE,BUY CE
OPEN,2026-05-13,11:54:12,23550,CE,BUY CE,36.2,23479.35,220.85,23543.0,23447.0,18.0,,0.00,0.00,,0.0,0.00,0.00,0,BUY PE,BUY CE,BUY PE
OPEN,2026-05-13,11:55:12,23500,CE,BUY CE,36.6,23472.95,247.25,23537.0,23441.0,18.0,,0.00,0.00,,0.0,0.00,0.00,0,BUY PE,BUY CE,BUY PE
EXIT,2026-05-13,11:54:12,23550,CE,BUY CE,36.2,23479.35,220.85,23543.0,23447.0,18.0,12:13:12,23501.40,214.05,TIMEOUT,19.0,0.09,-3.08,-442,BUY PE,BUY CE,BUY PE
EXIT,2026-05-13,11:55:12,23500,CE,BUY CE,36.6,23472.95,247.25,23537.0,23441.0,18.0,12:14:12,23507.90,242.35,TIMEOUT,19.0,0.15,-1.98,-319,BUY PE,BUY CE,BUY PE
OPEN,2026-05-13,12:16:12,23550,CE,BUY CE,36.2,23505.90,224.95,23562.0,23478.0,18.0,,0.00,0.00,,0.0,0.00,0.00,0,BUY CE,BUY CE,BUY PE
EXIT,2026-05-13,12:16:12,23550,CE,BUY CE,36.2,23505.90,224.95,23562.0,23478.0,18.0,12:35:12,23483.35,211.15,TIMEOUT,19.0,-0.10,-6.13,-897,BUY CE,BUY CE,BUY PE
OPEN,2026-05-13,12:36:12,23500,CE,BUY CE,35.9,23463.30,236.65,23516.0,23437.0,18.0,,0.00,0.00,,0.0,0.00,0.00,0,BUY CE,BUY CE,BUY PE
EXIT,2026-05-13,12:36:12,23500,CE,BUY CE,35.9,23463.30,236.65,23516.0,23437.0,18.0,12:38:12,23451.10,227.25,FLIP,2.0,-0.05,-3.97,-611,BUY CE,BUY CE,BUY PE
OPEN,2026-05-13,12:38:12,23400,PE,BUY PE,35.9,23462.55,188.45,23409.0,23490.0,9.0,,0.00,0.00,,0.0,0.00,0.00,0,BUY CE,BUY PE,BUY PE
EXIT,2026-05-13,12:38:12,23400,PE,BUY PE,35.9,23462.55,188.45,23409.0,23490.0,9.0,12:40:12,23469.55,189.80,FLIP,2.0,-0.03,0.72,88,BUY CE,BUY PE,BUY PE
OPEN,2026-05-13,12:40:12,23500,CE,BUY CE,36.5,23460.60,225.00,23516.0,23433.0,18.0,,0.00,0.00,,0.0,0.00,0.00,0,BUY CE,BUY CE,BUY PE
OPEN,2026-05-13,12:41:12,23450,CE,BUY CE,38.5,23423.60,251.65,23480.0,23396.0,18.0,,0.00,0.00,,0.0,0.00,0.00,0,BUY CE,BUY CE,BUY PE
EXIT,2026-05-13,12:40:12,23500,CE,BUY CE,36.5,23460.60,225.00,23516.0,23433.0,18.0,12:41:12,23423.60,225.00,SL,1.0,-0.16,0.00,0,BUY CE,BUY CE,BUY PE
EXIT,2026-05-13,12:41:12,23450,CE,BUY CE,38.5,23423.60,251.65,23480.0,23396.0,18.0,12:42:12,23423.60,251.65,FLIP,1.0,0.00,0.00,0,BUY CE,BUY CE,BUY PE
OPEN,2026-05-13,12:42:12,23400,PE,BUY PE,38.7,23427.50,196.90,23372.0,23456.0,9.0,,0.00,0.00,,0.0,0.00,0.00,0,BUY CE,BUY PE,BUY PE
EXIT,2026-05-13,12:42:12,23400,PE,BUY PE,38.7,23427.50,196.90,23372.0,23456.0,9.0,12:45:12,23454.45,197.10,FLIP,3.0,-0.12,0.10,13,BUY CE,BUY PE,BUY PE
OPEN,2026-05-13,12:45:12,23500,CE,BUY CE,37.2,23452.65,214.20,23509.0,23425.0,18.0,,0.00,0.00,,0.0,0.00,0.00,0,BUY PE,BUY CE,BUY PE
EXIT,2026-05-13,12:45:12,23500,CE,BUY CE,37.2,23452.65,214.20,23509.0,23425.0,18.0,12:46:12,23452.65,214.20,FLIP,1.0,0.00,0.00,0,BUY PE,BUY CE,BUY PE
OPEN,2026-05-13,12:46:12,23400,PE,BUY PE,37.7,23456.45,197.10,23402.0,23483.0,9.0,,0.00,0.00,,0.0,0.00,0.00,0,BUY PE,BUY PE,BUY PE
OPEN,2026-05-13,12:51:12,23450,PE,BUY PE,39.0,23475.55,207.25,23424.0,23502.0,9.0,,0.00,0.00,,0.0,0.00,0.00,0,BUY PE,BUY PE,BUY PE
EXIT,2026-05-13,12:46:12,23400,PE,BUY PE,37.7,23456.45,197.10,23402.0,23483.0,9.0,12:53:12,23493.45,181.25,SL,7.0,-0.16,-8.04,-1030,BUY PE,BUY PE,BUY PE
EXIT,2026-05-13,12:51:12,23450,PE,BUY PE,39.0,23475.55,207.25,23424.0,23502.0,9.0,12:54:12,23517.05,192.75,SL,3.0,-0.18,-7.00,-942,BUY PE,BUY PE,BUY PE
OPEN,2026-05-13,12:55:12,23500,PE,BUY PE,39.7,23529.00,214.15,23470.0,23559.0,9.0,,0.00,0.00,,0.0,0.00,0.00,0,BUY PE,BUY PE,BUY CE
EXIT,2026-05-13,12:55:12,23500,PE,BUY PE,39.7,23529.00,214.15,23470.0,23559.0,9.0,12:57:12,23561.25,187.30,SL,2.0,-0.14,-12.54,-1745,BUY PE,BUY PE,BUY CE
OPEN,2026-05-13,12:58:12,23600,CE,BUY CE,39.0,23569.10,215.75,23630.0,23539.0,18.0,,0.00,0.00,,0.0,0.00,0.00,0,BUY CE,BUY CE,BUY CE
OPEN,2026-05-13,13:00:12,23650,CE,BUY CE,38.4,23582.30,205.80,23644.0,23551.0,18.0,,0.00,0.00,,0.0,0.00,0.00,0,BUY CE,BUY PE,BUY CE
EXIT,2026-05-13,12:58:12,23600,CE,BUY CE,39.0,23569.10,215.75,23630.0,23539.0,18.0,13:06:12,23558.20,222.35,FLIP,8.0,-0.05,3.06,429,BUY CE,BUY CE,BUY CE
EXIT,2026-05-13,13:00:12,23650,CE,BUY CE,38.4,23582.30,205.80,23644.0,23551.0,18.0,13:06:12,23558.20,197.50,FLIP,6.0,-0.10,-4.03,-540,BUY CE,BUY PE,BUY CE
OPEN,2026-05-13,13:06:12,23500,PE,BUY PE,38.8,23554.25,180.70,23495.0,23584.0,9.0,,0.00,0.00,,0.0,0.00,0.00,0,BUY PE,BUY CE,BUY CE
EXIT,2026-05-13,13:06:12,23500,PE,BUY PE,38.8,23554.25,180.70,23495.0,23584.0,9.0,13:07:12,23554.25,180.70,FLIP,1.0,0.00,0.00,0,BUY PE,BUY CE,BUY CE
OPEN,2026-05-13,13:07:12,23600,CE,BUY CE,39.5,23550.65,219.85,23610.0,23521.0,18.0,,0.00,0.00,,0.0,0.00,0.00,0,BUY PE,BUY CE,BUY CE
EXIT,2026-05-13,13:07:12,23600,CE,BUY CE,39.5,23550.65,219.85,23610.0,23521.0,18.0,13:08:12,23550.65,219.85,FLIP,1.0,0.00,0.00,0,BUY PE,BUY CE,BUY CE
OPEN,2026-05-13,13:08:12,23500,PE,BUY PE,40.1,23534.25,180.70,23473.0,23565.0,9.0,,0.00,0.00,,0.0,0.00,0.00,0,BUY PE,BUY CE,BUY CE
OPEN,2026-05-13,13:16:12,23450,PE,BUY PE,40.6,23516.30,171.70,23457.0,23546.0,9.0,,0.00,0.00,,0.0,0.00,0.00,0,BUY PE,BUY CE,BUY CE
EXIT,2026-05-13,13:08:12,23500,PE,BUY PE,40.1,23534.25,180.70,23473.0,23565.0,9.0,13:18:12,23507.15,201.65,TIMEOUT,10.0,0.12,11.59,1362,BUY PE,BUY CE,BUY CE
EXIT,2026-05-13,13:16:12,23450,PE,BUY PE,40.6,23516.30,171.70,23457.0,23546.0,9.0,13:26:12,23499.15,187.50,TIMEOUT,10.0,0.07,9.20,1027,BUY PE,BUY CE,BUY CE
OPEN,2026-05-13,13:27:12,23450,PE,BUY PE,40.9,23509.15,187.00,23451.0,23538.0,9.0,,0.00,0.00,,0.0,0.00,0.00,0,BUY PE,BUY PE,BUY PE
OPEN,2026-05-13,13:33:12,23500,PE,BUY PE,39.9,23534.45,209.90,23473.0,23565.0,9.0,,0.00,0.00,,0.0,0.00,0.00,0,BUY PE,BUY PE,BUY CE
EXIT,2026-05-13,13:27:12,23450,PE,BUY PE,40.9,23509.15,187.00,23451.0,23538.0,9.0,13:36:12,23538.10,174.00,SL,9.0,-0.12,-6.95,-845,BUY PE,BUY PE,BUY PE
OPEN,2026-05-13,13:38:12,23450,PE,BUY PE,40.6,23520.45,173.85,23460.0,23550.0,9.0,,0.00,0.00,,0.0,0.00,0.00,0,BUY PE,BUY PE,BUY PE
EXIT,2026-05-13,13:33:12,23500,PE,BUY PE,39.9,23534.45,209.90,23473.0,23565.0,9.0,13:43:12,23529.85,191.05,TIMEOUT,10.0,0.02,-8.98,-1225,BUY PE,BUY PE,BUY CE
OPEN,2026-05-13,13:46:12,23500,PE,BUY PE,38.7,23526.65,194.40,23471.0,23555.0,9.0,,0.00,0.00,,0.0,0.00,0.00,0,BUY PE,BUY PE,BUY PE
EXIT,2026-05-13,13:38:12,23450,PE,BUY PE,40.6,23520.45,173.85,23460.0,23550.0,9.0,13:48:12,23534.75,179.35,TIMEOUT,10.0,-0.06,3.16,358,BUY PE,BUY PE,BUY PE
OPEN,2026-05-13,13:49:12,23450,PE,BUY PE,39.2,23508.75,179.35,23452.0,23537.0,9.0,,0.00,0.00,,0.0,0.00,0.00,0,BUY PE,BUY PE,BUY PE
EXIT,2026-05-13,13:46:12,23500,PE,BUY PE,38.7,23526.65,194.40,23471.0,23555.0,9.0,13:56:12,23482.50,204.50,TIMEOUT,10.0,0.19,5.20,656,BUY PE,BUY PE,BUY PE
EXIT,2026-05-13,13:49:12,23450,PE,BUY PE,39.2,23508.75,179.35,23452.0,23537.0,9.0,13:59:12,23496.30,197.60,TIMEOUT,10.0,0.05,10.18,1186,BUY PE,BUY PE,BUY PE
OPEN,2026-05-13,14:00:12,23450,PE,BUY PE,41.6,23498.60,192.15,23443.0,23527.0,9.0,,0.00,0.00,,0.0,0.00,0.00,0,BUY PE,BUY PE,BUY PE
EXIT,2026-05-13,14:00:12,23450,PE,BUY PE,41.6,23498.60,192.15,23443.0,23527.0,9.0,14:10:12,23516.25,186.65,TIMEOUT,10.0,-0.08,-2.86,-358,BUY PE,BUY PE,BUY PE
OPEN,2026-05-13,14:11:12,23450,PE,BUY PE,39.9,23514.50,186.65,23463.0,23541.0,9.0,,0.00,0.00,,0.0,0.00,0.00,0,BUY PE,BUY PE,BUY PE
EXIT,2026-05-13,14:11:12,23450,PE,BUY PE,39.9,23514.50,186.65,23463.0,23541.0,9.0,14:20:12,23484.20,186.35,TIMEOUT,9.0,0.13,-0.16,-20,BUY PE,BUY PE,BUY PE
OPEN,2026-05-13,14:21:12,23400,PE,BUY PE,43.4,23473.35,177.35,23421.0,23499.0,9.0,,0.00,0.00,,0.0,0.00,0.00,0,BUY PE,BUY PE,BUY PE
OPEN,2026-05-13,14:22:12,23450,PE,BUY PE,43.3,23479.45,197.70,23426.0,23506.0,9.0,,0.00,0.00,,0.0,0.00,0.00,0,BUY PE,BUY PE,BUY PE
EXIT,2026-05-13,14:21:12,23400,PE,BUY PE,43.4,23473.35,177.35,23421.0,23499.0,9.0,14:24:12,23500.30,180.80,SL,3.0,-0.11,1.95,224,BUY PE,BUY PE,BUY PE
EXIT,2026-05-13,14:22:12,23450,PE,BUY PE,43.3,23479.45,197.70,23426.0,23506.0,9.0,14:25:12,23509.20,201.35,SL,3.0,-0.13,1.85,237,BUY PE,BUY PE,BUY PE
OPEN,2026-05-13,14:26:12,23450,PE,BUY PE,41.7,23497.30,188.15,23442.0,23525.0,9.0,,0.00,0.00,,0.0,0.00,0.00,0,BUY PE,BUY PE,BUY PE
EXIT,2026-05-13,14:26:12,23450,PE,BUY PE,41.7,23497.30,188.15,23442.0,23525.0,9.0,14:35:12,23501.05,191.90,TIMEOUT,9.0,-0.02,1.99,244,BUY PE,BUY PE,BUY PE
OPEN,2026-05-13,14:36:12,23450,PE,BUY PE,39.9,23497.50,191.35,23445.0,23524.0,9.0,,0.00,0.00,,0.0,0.00,0.00,0,BUY PE,BUY PE,BUY PE
OPEN,2026-05-13,14:45:12,23400,PE,BUY PE,43.1,23461.75,179.55,23407.0,23489.0,9.0,,0.00,0.00,,0.0,0.00,0.00,0,BUY PE,BUY PE,BUY PE
EXIT,2026-05-13,14:36:12,23450,PE,BUY PE,39.9,23497.50,191.35,23445.0,23524.0,9.0,14:45:12,23461.75,200.15,TIMEOUT,9.0,0.15,4.60,572,BUY PE,BUY PE,BUY PE
OPEN,2026-05-13,14:46:12,23450,PE,BUY PE,45.1,23450.85,205.30,23398.0,23477.0,9.0,,0.00,0.00,,0.0,0.00,0.00,0,BUY PE,BUY PE,BUY PE
EXIT,2026-05-13,14:46:12,23450,PE,BUY PE,45.1,23450.85,205.30,23398.0,23477.0,9.0,14:47:12,23478.30,205.30,SL,1.0,-0.12,0.00,0,BUY PE,BUY PE,BUY PE
OPEN,2026-05-13,14:48:12,23450,PE,BUY PE,42.4,23479.50,205.30,23425.0,23507.0,9.0,,0.00,0.00,,0.0,0.00,0.00,0,BUY PE,BUY PE,BUY PE
EXIT,2026-05-13,14:45:12,23400,PE,BUY PE,43.1,23461.75,179.55,23407.0,23489.0,9.0,14:55:12,23486.20,178.70,TIMEOUT,10.0,-0.10,-0.47,-55,BUY PE,BUY PE,BUY PE
EXIT,2026-05-13,14:48:12,23450,PE,BUY PE,42.4,23479.50,205.30,23425.0,23507.0,9.0,14:58:12,23479.10,195.45,TIMEOUT,10.0,0.00,-4.80,-640,BUY PE,BUY PE,BUY PE
OPEN,2026-05-13,14:59:12,23450,PE,BUY PE,40.6,23478.10,194.00,23425.0,23505.0,9.0,,0.00,0.00,,0.0,0.00,0.00,0,BUY PE,BUY PE,BUY PE
EXIT,2026-05-13,14:59:12,23450,PE,BUY PE,40.6,23478.10,194.00,23425.0,23505.0,9.0,15:00:12,23478.10,194.00,FLIP,1.0,0.00,0.00,0,BUY PE,BUY PE,BUY PE
OPEN,2026-05-13,15:00:12,23450,CE,BUY CE,47.4,23454.45,254.55,23509.0,23427.0,29.0,,0.00,0.00,,0.0,0.00,0.00,0,BUY CE,BUY CE,BUY PE
EXIT,2026-05-13,15:00:12,23450,CE,BUY CE,47.4,23454.45,254.55,23509.0,23427.0,29.0,15:02:12,23425.55,234.90,SL,2.0,-0.12,-7.72,-1277,BUY CE,BUY CE,BUY PE
OPEN,2026-05-13,15:03:12,23400,CE,BUY CE,50.6,23418.75,264.10,23476.0,23390.0,26.0,,0.00,0.00,,0.0,0.00,0.00,0,BUY CE,BUY CE,BUY PE
OPEN,2026-05-13,15:04:12,23450,CE,BUY CE,50.9,23431.95,221.35,23489.0,23403.0,25.0,,0.00,0.00,,0.0,0.00,0.00,0,BUY CE,BUY CE,BUY PE
EXIT,2026-05-13,15:04:12,23450,CE,BUY CE,50.9,23431.95,221.35,23489.0,23403.0,25.0,15:22:12,23399.35,221.95,SL,18.0,-0.14,0.27,39,BUY CE,BUY CE,BUY PE
EXIT,2026-05-13,15:03:12,23400,CE,BUY CE,50.6,23418.75,264.10,23476.0,23390.0,26.0,15:29:12,23410.35,249.65,FLIP,26.0,-0.04,-5.47,-939,BUY CE,BUY CE,BUY PE
OPEN,2026-05-13,15:29:12,23350,PE,BUY PE,44.5,23424.95,163.30,23373.0,23451.0,0.0,,0.00,0.00,,0.0,0.00,0.00,0,BUY CE,BUY PE,BUY PE
EXIT,2026-05-13,15:29:12,23350,PE,BUY PE,44.5,23424.95,163.30,23373.0,23451.0,0.0,15:29:12,23424.95,163.30,TIMEOUT,0.0,0.00,0.00,0,BUY CE,BUY PE,BUY PE
OPEN,2026-05-13,15:30:12,23450,CE,BUY CE,45.4,23429.90,227.00,23483.0,23403.0,25.0,,0.00,0.00,,0.0,0.00,0.00,0,BUY CE,BUY PE,BUY PE
EXIT,2026-05-13,15:30:12,23450,CE,BUY CE,45.4,23429.90,227.00,23483.0,23403.0,25.0,15:30:12,23429.90,227.00,EOD,0.0,0.00,0.00,0,BUY CE,BUY PE,BUY PE
OPEN,2026-05-14,09:00:12,23350,PE,BUY PE,41.4,23412.60,161.55,23358.0,23440.0,9.0,,0.00,0.00,,0.0,0.00,0.00,0,BUY PE,BUY PE,BUY PE
OPEN,2026-05-14,09:08:12,23500,PE,BUY PE,41.6,23530.25,228.30,23462.0,23564.0,9.0,,0.00,0.00,,0.0,0.00,0.00,0,BUY PE,BUY PE,BUY PE
EXIT,2026-05-14,09:00:12,23350,PE,BUY PE,41.4,23412.60,161.55,23358.0,23440.0,9.0,09:08:12,23530.25,161.55,SL,8.0,-0.50,0.00,0,BUY PE,BUY PE,BUY PE
OPEN,2026-05-14,09:17:12,23550,PE,BUY PE,47.1,23548.75,0.00,23480.0,23583.0,9.0,,0.00,0.00,,0.0,0.00,0.00,0,BUY PE,BUY PE,NO TRADE
EXIT,2026-05-14,09:08:12,23500,PE,BUY PE,41.6,23530.25,228.30,23462.0,23564.0,9.0,09:18:12,23561.65,174.05,TIMEOUT,10.0,-0.13,-23.76,-3526,BUY PE,BUY PE,BUY PE
EXIT,2026-05-14,09:17:12,23550,PE,BUY PE,47.1,23548.75,0.00,23480.0,23583.0,9.0,09:26:12,23567.35,180.60,TIMEOUT,9.0,-0.08,0.00,0,BUY PE,BUY PE,NO TRADE
OPEN,2026-05-14,09:27:12,23600,PE,BUY PE,48.0,23578.15,203.10,23512.0,23611.0,9.0,,0.00,0.00,,0.0,0.00,0.00,0,BUY PE,BUY PE,BUY PE
OPEN,2026-05-14,09:28:12,23550,PE,BUY PE,46.5,23571.05,174.90,23505.0,23604.0,9.0,,0.00,0.00,,0.0,0.00,0.00,0,BUY PE,BUY PE,NO TRADE
OPEN,2026-05-14,09:35:12,23500,PE,BUY PE,40.5,23562.85,154.15,23498.0,23595.0,9.0,,0.00,0.00,,0.0,0.00,0.00,0,BUY PE,BUY PE,BUY CE
EXIT,2026-05-14,09:27:12,23600,PE,BUY PE,48.0,23578.15,203.10,23512.0,23611.0,9.0,09:36:12,23562.25,203.55,TIMEOUT,9.0,0.07,0.22,29,BUY PE,BUY PE,BUY PE
EXIT,2026-05-14,09:28:12,23550,PE,BUY PE,46.5,23571.05,174.90,23505.0,23604.0,9.0,09:37:12,23546.55,179.75,TIMEOUT,9.0,0.10,2.77,315,BUY PE,BUY PE,NO TRADE
OPEN,2026-05-14,09:40:12,23450,PE,BUY PE,40.2,23523.05,149.95,23456.0,23557.0,9.0,,0.00,0.00,,0.0,0.00,0.00,0,BUY PE,BUY PE,BUY CE
EXIT,2026-05-14,09:35:12,23500,PE,BUY PE,40.5,23562.85,154.15,23498.0,23595.0,9.0,09:44:12,23506.65,180.45,TIMEOUT,9.0,0.24,17.06,1709,BUY PE,BUY PE,BUY CE
OPEN,2026-05-14,09:47:12,23500,PE,BUY PE,42.5,23525.00,189.50,23458.0,23559.0,9.0,,0.00,0.00,,0.0,0.00,0.00,0,BUY PE,BUY PE,BUY PE
EXIT,2026-05-14,09:40:12,23450,PE,BUY PE,40.2,23523.05,149.95,23456.0,23557.0,9.0,09:50:12,23490.85,160.10,TIMEOUT,10.0,0.14,6.77,660,BUY PE,BUY PE,BUY CE
OPEN,2026-05-14,09:51:12,23450,PE,BUY PE,42.1,23495.90,167.90,23432.0,23528.0,9.0,,0.00,0.00,,0.0,0.00,0.00,0,BUY PE,BUY PE,BUY PE
OPEN,2026-05-14,09:54:12,23400,PE,BUY PE,39.4,23474.40,149.20,23408.0,23507.0,9.0,,0.00,0.00,,0.0,0.00,0.00,0,BUY PE,BUY PE,BUY PE
EXIT,2026-05-14,09:47:12,23500,PE,BUY PE,42.5,23525.00,189.50,23458.0,23559.0,9.0,09:57:12,23458.90,202.15,TIMEOUT,10.0,0.28,6.68,822,BUY PE,BUY PE,BUY PE
EXIT,2026-05-14,09:51:12,23450,PE,BUY PE,42.1,23495.90,167.90,23432.0,23528.0,9.0,09:59:12,23466.40,179.40,FLIP,8.0,0.13,6.85,748,BUY PE,BUY PE,BUY PE
EXIT,2026-05-14,09:54:12,23400,PE,BUY PE,39.4,23474.40,149.20,23408.0,23507.0,9.0,09:59:12,23466.40,157.50,FLIP,5.0,0.03,5.56,540,BUY PE,BUY PE,BUY PE
OPEN,2026-05-14,09:59:12,23500,CE,BUY CE,38.1,23450.60,193.45,23517.0,23418.0,18.0,,0.00,0.00,,0.0,0.00,0.00,0,BUY PE,BUY CE,BUY CE
EXIT,2026-05-14,09:59:12,23500,CE,BUY CE,38.1,23450.60,193.45,23517.0,23418.0,18.0,10:00:12,23450.60,193.45,FLIP,1.0,0.00,0.00,0,BUY PE,BUY CE,BUY CE
OPEN,2026-05-14,10:00:12,23400,PE,BUY PE,37.0,23461.35,161.70,23394.0,23495.0,9.0,,0.00,0.00,,0.0,0.00,0.00,0,BUY PE,BUY CE,BUY CE
OPEN,2026-05-14,10:02:12,23450,PE,BUY PE,38.9,23477.30,183.65,23413.0,23509.0,9.0,,0.00,0.00,,0.0,0.00,0.00,0,BUY PE,BUY PE,BUY PE
EXIT,2026-05-14,10:00:12,23400,PE,BUY PE,37.0,23461.35,161.70,23394.0,23495.0,9.0,10:10:12,23478.55,160.65,TIMEOUT,10.0,-0.07,-0.65,-68,BUY PE,BUY CE,BUY CE
EXIT,2026-05-14,10:02:12,23450,PE,BUY PE,38.9,23477.30,183.65,23413.0,23509.0,9.0,10:12:12,23485.50,174.90,TIMEOUT,10.0,-0.03,-4.76,-569,BUY PE,BUY PE,BUY PE
OPEN,2026-05-14,10:13:12,23450,PE,BUY PE,40.3,23486.50,174.90,23423.0,23519.0,9.0,,0.00,0.00,,0.0,0.00,0.00,0,BUY PE,BUY PE,BUY PE
EXIT,2026-05-14,10:13:12,23450,PE,BUY PE,40.3,23486.50,174.90,23423.0,23519.0,9.0,10:22:12,23488.80,163.20,TIMEOUT,9.0,-0.01,-6.69,-761,BUY PE,BUY PE,BUY PE
OPEN,2026-05-14,10:23:12,23450,PE,BUY PE,37.8,23475.60,163.20,23411.0,23508.0,9.0,,0.00,0.00,,0.0,0.00,0.00,0,BUY PE,BUY PE,BUY PE
EXIT,2026-05-14,10:23:12,23450,PE,BUY PE,37.8,23475.60,163.20,23411.0,23508.0,9.0,10:28:12,23513.65,166.90,SL,5.0,-0.16,2.27,241,BUY PE,BUY PE,BUY PE
OPEN,2026-05-14,10:29:12,23450,PE,BUY PE,39.0,23511.40,160.45,23446.0,23544.0,9.0,,0.00,0.00,,0.0,0.00,0.00,0,BUY PE,BUY PE,BUY PE
OPEN,2026-05-14,10:36:12,23500,PE,BUY PE,35.8,23528.25,182.55,23469.0,23558.0,9.0,,0.00,0.00,,0.0,0.00,0.00,0,BUY PE,NO TRADE,BUY PE
EXIT,2026-05-14,10:29:12,23450,PE,BUY PE,39.0,23511.40,160.45,23446.0,23544.0,9.0,10:38:12,23530.00,149.00,TIMEOUT,9.0,-0.08,-7.14,-744,BUY PE,BUY PE,BUY PE
EXIT,2026-05-14,10:36:12,23500,PE,BUY PE,35.8,23528.25,182.55,23469.0,23558.0,9.0,10:45:12,23490.55,177.25,TIMEOUT,9.0,0.16,-2.90,-345,BUY PE,NO TRADE,BUY PE
OPEN,2026-05-14,10:46:12,23450,PE,BUY PE,36.0,23478.45,169.30,23419.0,23508.0,9.0,,0.00,0.00,,0.0,0.00,0.00,0,BUY PE,BUY PE,BUY PE
OPEN,2026-05-14,10:47:12,23400,PE,BUY PE,36.3,23469.60,148.50,23411.0,23499.0,9.0,,0.00,0.00,,0.0,0.00,0.00,0,BUY PE,BUY PE,BUY PE
EXIT,2026-05-14,10:46:12,23450,PE,BUY PE,36.0,23478.45,169.30,23419.0,23508.0,9.0,10:50:12,23450.25,183.70,FLIP,4.0,0.12,8.51,936,BUY PE,BUY PE,BUY PE
EXIT,2026-05-14,10:47:12,23400,PE,BUY PE,36.3,23469.60,148.50,23411.0,23499.0,9.0,10:50:12,23450.25,161.65,FLIP,3.0,0.08,8.86,855,BUY PE,BUY PE,BUY PE
OPEN,2026-05-14,10:50:12,23500,CE,BUY CE,38.4,23426.85,181.05,23492.0,23394.0,18.0,,0.00,0.00,,0.0,0.00,0.00,0,BUY PE,BUY CE,BUY CE
EXIT,2026-05-14,10:50:12,23500,CE,BUY CE,38.4,23426.85,181.05,23492.0,23394.0,18.0,10:51:12,23426.85,181.05,FLIP,1.0,0.00,0.00,0,BUY PE,BUY CE,BUY CE
OPEN,2026-05-14,10:51:12,23400,PE,BUY PE,40.1,23457.90,161.65,23395.0,23489.0,9.0,,0.00,0.00,,0.0,0.00,0.00,0,BUY PE,BUY PE,BUY PE
OPEN,2026-05-14,10:54:12,23450,PE,BUY PE,40.4,23477.90,183.00,23411.0,23511.0,9.0,,0.00,0.00,,0.0,0.00,0.00,0,BUY PE,BUY PE,BUY PE
EXIT,2026-05-14,10:51:12,23400,PE,BUY PE,40.1,23457.90,161.65,23395.0,23489.0,9.0,11:01:12,23437.85,171.80,TIMEOUT,10.0,0.09,6.28,660,BUY PE,BUY PE,BUY PE
OPEN,2026-05-14,11:02:12,23400,PE,BUY PE,38.4,23434.55,173.05,23371.0,23467.0,9.0,,0.00,0.00,,0.0,0.00,0.00,0,BUY PE,BUY PE,BUY PE
EXIT,2026-05-14,10:54:12,23450,PE,BUY PE,40.4,23477.90,183.00,23411.0,23511.0,9.0,11:03:12,23438.15,196.40,TIMEOUT,9.0,0.17,7.32,871,BUY PE,BUY PE,BUY PE
EXIT,2026-05-14,11:02:12,23400,PE,BUY PE,38.4,23434.55,173.05,23371.0,23467.0,9.0,11:12:12,23455.80,169.20,TIMEOUT,10.0,-0.09,-2.22,-250,BUY PE,BUY PE,BUY PE
OPEN,2026-05-14,11:13:12,23400,PE,BUY PE,37.6,23455.35,169.20,23393.0,23486.0,9.0,,0.00,0.00,,0.0,0.00,0.00,0,BUY PE,BUY PE,BUY PE
OPEN,2026-05-14,11:17:12,23450,PE,BUY PE,36.7,23477.40,178.35,23417.0,23507.0,9.0,,0.00,0.00,,0.0,0.00,0.00,0,BUY PE,BUY PE,BUY PE
EXIT,2026-05-14,11:13:12,23400,PE,BUY PE,37.6,23455.35,169.20,23393.0,23486.0,9.0,11:18:12,23494.00,157.40,SL,5.0,-0.16,-6.97,-767,BUY PE,BUY PE,BUY PE
EXIT,2026-05-14,11:17:12,23450,PE,BUY PE,36.7,23477.40,178.35,23417.0,23507.0,9.0,11:21:12,23507.75,165.20,SL,4.0,-0.13,-7.37,-855,BUY PE,BUY PE,BUY PE
OPEN,2026-05-14,11:22:12,23500,PE,BUY PE,39.9,23529.95,181.05,23467.0,23561.0,9.0,,0.00,0.00,,0.0,0.00,0.00,0,BUY PE,BUY PE,BUY CE
OPEN,2026-05-14,11:29:12,23550,PE,BUY PE,37.1,23575.60,187.80,23507.0,23610.0,9.0,,0.00,0.00,,0.0,0.00,0.00,0,BUY PE,BUY PE,BUY PE
EXIT,2026-05-14,11:22:12,23500,PE,BUY PE,39.9,23529.95,181.05,23467.0,23561.0,9.0,11:29:12,23575.60,164.75,SL,7.0,-0.19,-9.00,-1060,BUY PE,BUY PE,BUY CE
OPEN,2026-05-14,11:30:12,23500,PE,BUY PE,37.7,23574.60,155.00,23505.0,23610.0,9.0,,0.00,0.00,,0.0,0.00,0.00,0,BUY PE,BUY PE,BUY PE
EXIT,2026-05-14,11:30:12,23500,PE,BUY PE,37.7,23574.60,155.00,23505.0,23610.0,9.0,11:35:12,23614.10,138.50,SL,5.0,-0.17,-10.65,-1072,BUY PE,BUY PE,BUY PE
EXIT,2026-05-14,11:29:12,23550,PE,BUY PE,37.1,23575.60,187.80,23507.0,23610.0,9.0,11:35:12,23614.10,158.35,SL,6.0,-0.16,-15.68,-1914,BUY PE,BUY PE,BUY PE
OPEN,2026-05-14,11:36:12,23550,PE,BUY PE,39.1,23623.55,158.35,23556.0,23658.0,9.0,,0.00,0.00,,0.0,0.00,0.00,0,BUY CE,BUY PE,BUY CE
OPEN,2026-05-14,11:40:12,23600,PE,BUY PE,36.5,23626.25,170.10,23556.0,23661.0,9.0,,0.00,0.00,,0.0,0.00,0.00,0,BUY CE,BUY PE,BUY CE
OPEN,2026-05-14,11:45:12,23650,PE,BUY PE,38.3,23676.35,176.35,23603.0,23713.0,9.0,,0.00,0.00,,0.0,0.00,0.00,0,BUY CE,BUY PE,BUY PE
EXIT,2026-05-14,11:36:12,23550,PE,BUY PE,39.1,23623.55,158.35,23556.0,23658.0,9.0,11:45:12,23676.35,136.40,SL,9.0,-0.22,-13.86,-1427,BUY CE,BUY PE,BUY CE
EXIT,2026-05-14,11:40:12,23600,PE,BUY PE,36.5,23626.25,170.10,23556.0,23661.0,9.0,11:45:12,23676.35,155.45,SL,5.0,-0.21,-8.61,-952,BUY CE,BUY PE,BUY CE
EXIT,2026-05-14,11:45:12,23650,PE,BUY PE,38.3,23676.35,176.35,23603.0,23713.0,9.0,11:46:12,23676.35,176.35,FLIP,1.0,0.00,0.00,0,BUY CE,BUY PE,BUY PE
OPEN,2026-05-14,11:46:12,23700,CE,BUY CE,38.3,23649.80,177.60,23721.0,23614.0,18.0,,0.00,0.00,,0.0,0.00,0.00,0,BUY CE,BUY CE,BUY CE
EXIT,2026-05-14,11:46:12,23700,CE,BUY CE,38.3,23649.80,177.60,23721.0,23614.0,18.0,11:49:12,23666.45,180.60,FLIP,3.0,0.07,1.69,195,BUY CE,BUY CE,BUY CE
OPEN,2026-05-14,11:49:12,23650,PE,BUY PE,36.3,23675.50,179.80,23604.0,23712.0,9.0,,0.00,0.00,,0.0,0.00,0.00,0,BUY CE,BUY PE,BUY CE
EXIT,2026-05-14,11:49:12,23650,PE,BUY PE,36.3,23675.50,179.80,23604.0,23712.0,9.0,11:50:12,23675.50,179.80,FLIP,1.0,0.00,0.00,0,BUY CE,BUY PE,BUY CE
OPEN,2026-05-14,11:50:12,23750,CE,BUY CE,36.6,23677.85,162.95,23750.0,23642.0,18.0,,0.00,0.00,,0.0,0.00,0.00,0,BUY CE,BUY PE,BUY CE
EXIT,2026-05-14,11:50:12,23750,CE,BUY CE,36.6,23677.85,162.95,23750.0,23642.0,18.0,11:52:12,23681.35,162.95,FLIP,2.0,0.01,0.00,0,BUY CE,BUY PE,BUY CE
OPEN,2026-05-14,11:52:12,23650,PE,BUY PE,36.7,23694.45,173.20,23623.0,23730.0,9.0,,0.00,0.00,,0.0,0.00,0.00,0,BUY CE,BUY PE,NO TRADE
EXIT,2026-05-14,11:52:12,23650,PE,BUY PE,36.7,23694.45,173.20,23623.0,23730.0,9.0,11:53:12,23694.45,173.20,FLIP,1.0,0.00,0.00,0,BUY CE,BUY PE,NO TRADE
OPEN,2026-05-14,11:53:12,23750,CE,BUY CE,37.6,23687.45,174.00,23758.0,23652.0,18.0,,0.00,0.00,,0.0,0.00,0.00,0,BUY CE,BUY CE,NO TRADE
OPEN,2026-05-14,11:56:12,23700,CE,BUY CE,39.3,23670.00,196.60,23739.0,23636.0,18.0,,0.00,0.00,,0.0,0.00,0.00,0,BUY CE,BUY CE,BUY CE
EXIT,2026-05-14,11:53:12,23750,CE,BUY CE,37.6,23687.45,174.00,23758.0,23652.0,18.0,12:06:12,23648.80,146.15,SL,13.0,-0.16,-16.01,-1810,BUY CE,BUY CE,NO TRADE
EXIT,2026-05-14,11:56:12,23700,CE,BUY CE,39.3,23670.00,196.60,23739.0,23636.0,18.0,12:12:12,23638.15,175.90,FLIP,16.0,-0.13,-10.53,-1345,BUY CE,BUY CE,BUY CE
OPEN,2026-05-14,12:12:12,23600,PE,BUY PE,37.1,23652.40,160.35,23587.0,23685.0,9.0,,0.00,0.00,,0.0,0.00,0.00,0,BUY PE,BUY CE,BUY CE
EXIT,2026-05-14,12:12:12,23600,PE,BUY PE,37.1,23652.40,160.35,23587.0,23685.0,9.0,12:13:12,23652.40,160.35,FLIP,1.0,0.00,0.00,0,BUY PE,BUY CE,BUY CE
OPEN,2026-05-14,12:13:12,23700,CE,BUY CE,38.5,23642.30,171.50,23707.0,23610.0,18.0,,0.00,0.00,,0.0,0.00,0.00,0,BUY PE,BUY CE,BUY CE
EXIT,2026-05-14,12:13:12,23700,CE,BUY CE,38.5,23642.30,171.50,23707.0,23610.0,18.0,12:15:12,23646.75,171.50,FLIP,2.0,0.02,0.00,0,BUY PE,BUY CE,BUY CE
OPEN,2026-05-14,12:15:12,23600,PE,BUY PE,35.8,23672.15,161.85,23604.0,23706.0,9.0,,0.00,0.00,,0.0,0.00,0.00,0,BUY PE,BUY PE,BUY PE
OPEN,2026-05-14,12:16:12,23650,PE,BUY PE,36.0,23679.00,176.30,23614.0,23712.0,9.0,,0.00,0.00,,0.0,0.00,0.00,0,BUY PE,NO TRADE,BUY PE
EXIT,2026-05-14,12:15:12,23600,PE,BUY PE,35.8,23672.15,161.85,23604.0,23706.0,9.0,12:17:12,23679.00,155.70,FLIP,2.0,-0.03,-3.80,-400,BUY PE,BUY PE,BUY PE
EXIT,2026-05-14,12:16:12,23650,PE,BUY PE,36.0,23679.00,176.30,23614.0,23712.0,9.0,12:17:12,23679.00,176.30,FLIP,1.0,0.00,0.00,0,BUY PE,NO TRADE,BUY PE
OPEN,2026-05-14,12:17:12,23750,CE,BUY CE,35.2,23694.60,155.70,23761.0,23662.0,18.0,,0.00,0.00,,0.0,0.00,0.00,0,BUY CE,NO TRADE,BUY CE
EXIT,2026-05-14,12:17:12,23750,CE,BUY CE,35.2,23694.60,155.70,23761.0,23662.0,18.0,12:18:12,23694.60,155.70,FLIP,1.0,0.00,0.00,0,BUY CE,NO TRADE,BUY CE
OPEN,2026-05-14,12:18:12,23650,PE,BUY PE,36.8,23698.70,164.60,23631.0,23733.0,9.0,,0.00,0.00,,0.0,0.00,0.00,0,BUY PE,BUY PE,BUY CE
EXIT,2026-05-14,12:18:12,23650,PE,BUY PE,36.8,23698.70,164.60,23631.0,23733.0,9.0,12:19:12,23698.70,164.60,FLIP,1.0,0.00,0.00,0,BUY PE,BUY PE,BUY CE
OPEN,2026-05-14,12:19:12,23750,CE,BUY CE,38.0,23695.40,170.60,23763.0,23661.0,18.0,,0.00,0.00,,0.0,0.00,0.00,0,BUY PE,BUY CE,BUY CE
EXIT,2026-05-14,12:19:12,23750,CE,BUY CE,38.0,23695.40,170.60,23763.0,23661.0,18.0,12:20:12,23695.40,170.60,FLIP,1.0,0.00,0.00,0,BUY PE,BUY CE,BUY CE
OPEN,2026-05-14,12:20:12,23650,PE,BUY PE,37.0,23690.30,164.60,23621.0,23725.0,9.0,,0.00,0.00,,0.0,0.00,0.00,0,BUY PE,BUY CE,BUY PE
EXIT,2026-05-14,12:20:12,23650,PE,BUY PE,37.0,23690.30,164.60,23621.0,23725.0,9.0,12:22:12,23688.65,168.80,FLIP,2.0,0.01,2.55,273,BUY PE,BUY CE,BUY PE
OPEN,2026-05-14,12:22:12,23750,CE,BUY CE,37.5,23684.80,161.10,23750.0,23652.0,18.0,,0.00,0.00,,0.0,0.00,0.00,0,BUY PE,BUY CE,BUY CE
EXIT,2026-05-14,12:22:12,23750,CE,BUY CE,37.5,23684.80,161.10,23750.0,23652.0,18.0,12:24:12,23687.35,164.60,FLIP,2.0,0.01,2.17,228,BUY PE,BUY CE,BUY CE
OPEN,2026-05-14,12:24:12,23650,PE,BUY PE,36.5,23692.40,167.35,23627.0,23725.0,9.0,,0.00,0.00,,0.0,0.00,0.00,0,BUY PE,BUY PE,BUY CE
EXIT,2026-05-14,12:24:12,23650,PE,BUY PE,36.5,23692.40,167.35,23627.0,23725.0,9.0,12:26:12,23699.05,167.35,FLIP,2.0,-0.03,0.00,0,BUY PE,BUY PE,BUY CE
OPEN,2026-05-14,12:26:12,23750,CE,BUY CE,37.4,23692.55,171.30,23755.0,23662.0,18.0,,0.00,0.00,,0.0,0.00,0.00,0,BUY PE,BUY CE,BUY CE
EXIT,2026-05-14,12:26:12,23750,CE,BUY CE,37.4,23692.55,171.30,23755.0,23662.0,18.0,12:33:12,23686.00,172.05,FLIP,7.0,-0.03,0.44,49,BUY PE,BUY CE,BUY CE
OPEN,2026-05-14,12:33:12,23650,PE,BUY PE,35.7,23688.05,161.60,23626.0,23719.0,9.0,,0.00,0.00,,0.0,0.00,0.00,0,BUY PE,BUY CE,BUY PE
EXIT,2026-05-14,12:33:12,23650,PE,BUY PE,35.7,23688.05,161.60,23626.0,23719.0,9.0,12:34:12,23688.05,161.60,FLIP,1.0,0.00,0.00,0,BUY PE,BUY CE,BUY PE
OPEN,2026-05-14,12:34:12,23750,CE,BUY CE,37.0,23688.10,168.00,23750.0,23657.0,18.0,,0.00,0.00,,0.0,0.00,0.00,0,BUY PE,BUY CE,BUY PE
OPEN,2026-05-14,12:39:12,23700,CE,BUY CE,37.0,23674.55,193.20,23735.0,23645.0,18.0,,0.00,0.00,,0.0,0.00,0.00,0,BUY CE,BUY CE,BUY PE
EXIT,2026-05-14,12:34:12,23750,CE,BUY CE,37.0,23688.10,168.00,23750.0,23657.0,18.0,12:40:12,23674.55,166.70,FLIP,6.0,-0.06,-0.77,-85,BUY PE,BUY CE,BUY PE
EXIT,2026-05-14,12:39:12,23700,CE,BUY CE,37.0,23674.55,193.20,23735.0,23645.0,18.0,12:40:12,23674.55,193.20,FLIP,1.0,0.00,0.00,0,BUY CE,BUY CE,BUY PE
OPEN,2026-05-14,12:40:12,23650,PE,BUY PE,35.3,23680.75,173.35,23620.0,23711.0,9.0,,0.00,0.00,,0.0,0.00,0.00,0,BUY CE,BUY PE,BUY PE
EXIT,2026-05-14,12:40:12,23650,PE,BUY PE,35.3,23680.75,173.35,23620.0,23711.0,9.0,12:41:12,23680.75,173.35,FLIP,1.0,0.00,0.00,0,BUY CE,BUY PE,BUY PE
OPEN,2026-05-14,12:41:12,23750,CE,BUY CE,36.9,23677.80,154.55,23735.0,23649.0,18.0,,0.00,0.00,,0.0,0.00,0.00,0,BUY CE,BUY CE,BUY CE
EXIT,2026-05-14,12:41:12,23750,CE,BUY CE,36.9,23677.80,154.55,23735.0,23649.0,18.0,12:43:12,23676.75,154.55,FLIP,2.0,-0.00,0.00,0,BUY CE,BUY CE,BUY CE
OPEN,2026-05-14,12:43:12,23650,PE,BUY PE,35.1,23686.75,169.75,23629.0,23716.0,9.0,,0.00,0.00,,0.0,0.00,0.00,0,BUY CE,BUY PE,BUY PE
EXIT,2026-05-14,12:43:12,23650,PE,BUY PE,35.1,23686.75,169.75,23629.0,23716.0,9.0,12:50:12,23712.60,166.50,FLIP,7.0,-0.11,-1.91,-211,BUY CE,BUY PE,BUY PE
OPEN,2026-05-14,12:50:12,23750,CE,BUY CE,35.1,23707.45,164.90,23767.0,23677.0,18.0,,0.00,0.00,,0.0,0.00,0.00,0,BUY CE,NO TRADE,BUY PE
EXIT,2026-05-14,12:50:12,23750,CE,BUY CE,35.1,23707.45,164.90,23767.0,23677.0,18.0,12:51:12,23707.45,164.90,FLIP,1.0,0.00,0.00,0,BUY CE,NO TRADE,BUY PE
OPEN,2026-05-14,12:51:12,23650,PE,BUY PE,35.0,23701.05,155.95,23644.0,23730.0,9.0,,0.00,0.00,,0.0,0.00,0.00,0,BUY PE,NO TRADE,BUY PE
EXIT,2026-05-14,12:51:12,23650,PE,BUY PE,35.0,23701.05,155.95,23644.0,23730.0,9.0,12:52:12,23701.05,155.95,FLIP,1.0,0.00,0.00,0,BUY PE,NO TRADE,BUY PE
OPEN,2026-05-14,12:52:12,23750,CE,BUY CE,35.2,23691.65,174.15,23750.0,23663.0,18.0,,0.00,0.00,,0.0,0.00,0.00,0,BUY PE,NO TRADE,BUY PE
EXIT,2026-05-14,12:52:12,23750,CE,BUY CE,35.2,23691.65,174.15,23750.0,23663.0,18.0,12:55:12,23680.30,158.50,FLIP,3.0,-0.05,-8.99,-1017,BUY PE,NO TRADE,BUY PE
OPEN,2026-05-14,12:55:12,23650,PE,BUY PE,36.0,23690.20,169.45,23629.0,23721.0,9.0,,0.00,0.00,,0.0,0.00,0.00,0,BUY PE,NO TRADE,BUY PE
EXIT,2026-05-14,12:55:12,23650,PE,BUY PE,36.0,23690.20,169.45,23629.0,23721.0,9.0,12:56:12,23690.20,169.45,FLIP,1.0,0.00,0.00,0,BUY PE,NO TRADE,BUY PE
OPEN,2026-05-14,12:56:12,23750,CE,BUY CE,36.1,23683.60,163.00,23741.0,23655.0,18.0,,0.00,0.00,,0.0,0.00,0.00,0,BUY PE,BUY CE,BUY CE
EXIT,2026-05-14,12:56:12,23750,CE,BUY CE,36.1,23683.60,163.00,23741.0,23655.0,18.0,12:57:12,23683.60,163.00,FLIP,1.0,0.00,0.00,0,BUY PE,BUY CE,BUY CE
OPEN,2026-05-14,12:57:12,23650,PE,BUY PE,35.2,23687.50,164.05,23629.0,23717.0,9.0,,0.00,0.00,,0.0,0.00,0.00,0,BUY PE,NO TRADE,BUY CE
EXIT,2026-05-14,12:57:12,23650,PE,BUY PE,35.2,23687.50,164.05,23629.0,23717.0,9.0,13:00:12,23692.60,160.90,FLIP,3.0,-0.02,-1.92,-205,BUY PE,NO TRADE,BUY CE
OPEN,2026-05-14,13:00:12,23750,CE,BUY CE,35.4,23695.30,167.50,23754.0,23666.0,18.0,,0.00,0.00,,0.0,0.00,0.00,0,BUY PE,NO TRADE,BUY CE
EXIT,2026-05-14,13:00:12,23750,CE,BUY CE,35.4,23695.30,167.50,23754.0,23666.0,18.0,13:01:12,23695.30,167.50,FLIP,1.0,0.00,0.00,0,BUY PE,NO TRADE,BUY CE
OPEN,2026-05-14,13:01:12,23650,PE,BUY PE,36.0,23704.65,159.85,23648.0,23733.0,9.0,,0.00,0.00,,0.0,0.00,0.00,0,BUY PE,BUY PE,BUY PE
EXIT,2026-05-14,13:01:12,23650,PE,BUY PE,36.0,23704.65,159.85,23648.0,23733.0,9.0,13:02:12,23704.65,159.85,FLIP,1.0,0.00,0.00,0,BUY PE,BUY PE,BUY PE
OPEN,2026-05-14,13:02:12,23750,CE,BUY CE,35.2,23699.80,167.80,23758.0,23671.0,18.0,,0.00,0.00,,0.0,0.00,0.00,0,BUY PE,NO TRADE,BUY PE
EXIT,2026-05-14,13:02:12,23750,CE,BUY CE,35.2,23699.80,167.80,23758.0,23671.0,18.0,13:03:12,23699.80,167.80,FLIP,1.0,0.00,0.00,0,BUY PE,NO TRADE,BUY PE
OPEN,2026-05-14,13:03:12,23650,PE,BUY PE,36.0,23720.10,159.85,23661.0,23750.0,9.0,,0.00,0.00,,0.0,0.00,0.00,0,BUY PE,BUY PE,BUY PE
OPEN,2026-05-14,13:04:12,23700,PE,BUY PE,35.5,23734.10,174.30,23674.0,23764.0,9.0,,0.00,0.00,,0.0,0.00,0.00,0,BUY PE,NO TRADE,BUY CE
EXIT,2026-05-14,13:03:12,23650,PE,BUY PE,36.0,23720.10,159.85,23661.0,23750.0,9.0,13:13:12,23722.85,154.80,TIMEOUT,10.0,-0.01,-3.16,-328,BUY PE,BUY PE,BUY PE
EXIT,2026-05-14,13:04:12,23700,PE,BUY PE,35.5,23734.10,174.30,23674.0,23764.0,9.0,13:13:12,23722.85,174.00,TIMEOUT,9.0,0.05,-0.17,-20,BUY PE,NO TRADE,BUY CE
OPEN,2026-05-14,13:14:12,23650,PE,BUY PE,37.6,23710.25,154.80,23650.0,23740.0,9.0,,0.00,0.00,,0.0,0.00,0.00,0,BUY PE,BUY CE,BUY PE
OPEN,2026-05-14,13:17:12,23700,PE,BUY PE,38.4,23725.60,171.25,23668.0,23755.0,9.0,,0.00,0.00,,0.0,0.00,0.00,0,BUY PE,BUY PE,BUY PE
EXIT,2026-05-14,13:14:12,23650,PE,BUY PE,37.6,23710.25,154.80,23650.0,23740.0,9.0,13:23:12,23724.40,149.70,FLIP,9.0,-0.06,-3.29,-332,BUY PE,BUY CE,BUY PE
EXIT,2026-05-14,13:17:12,23700,PE,BUY PE,38.4,23725.60,171.25,23668.0,23755.0,9.0,13:23:12,23724.40,170.20,FLIP,6.0,0.01,-0.61,-68,BUY PE,BUY PE,BUY PE
OPEN,2026-05-14,13:23:12,23750,CE,BUY CE,36.9,23714.40,177.95,23770.0,23686.0,18.0,,0.00,0.00,,0.0,0.00,0.00,0,BUY PE,BUY CE,BUY PE
EXIT,2026-05-14,13:23:12,23750,CE,BUY CE,36.9,23714.40,177.95,23770.0,23686.0,18.0,13:24:12,23714.40,177.95,FLIP,1.0,0.00,0.00,0,BUY PE,BUY CE,BUY PE
OPEN,2026-05-14,13:24:12,23650,PE,BUY PE,37.5,23722.80,151.55,23666.0,23751.0,9.0,,0.00,0.00,,0.0,0.00,0.00,0,BUY PE,BUY PE,BUY PE
EXIT,2026-05-14,13:24:12,23650,PE,BUY PE,37.5,23722.80,151.55,23666.0,23751.0,9.0,13:25:12,23722.80,151.55,FLIP,1.0,0.00,0.00,0,BUY PE,BUY PE,BUY PE
OPEN,2026-05-14,13:25:12,23750,CE,BUY CE,37.1,23717.00,177.00,23774.0,23689.0,18.0,,0.00,0.00,,0.0,0.00,0.00,0,BUY PE,BUY CE,BUY PE
EXIT,2026-05-14,13:25:12,23750,CE,BUY CE,37.1,23717.00,177.00,23774.0,23689.0,18.0,13:26:12,23717.00,177.00,FLIP,1.0,0.00,0.00,0,BUY PE,BUY CE,BUY PE
OPEN,2026-05-14,13:26:12,23650,PE,BUY PE,36.2,23719.15,151.55,23665.0,23746.0,9.0,,0.00,0.00,,0.0,0.00,0.00,0,BUY CE,BUY PE,BUY PE
OPEN,2026-05-14,13:28:12,23700,PE,BUY PE,36.3,23728.00,173.45,23672.0,23756.0,9.0,,0.00,0.00,,0.0,0.00,0.00,0,BUY CE,BUY PE,BUY CE
EXIT,2026-05-14,13:26:12,23650,PE,BUY PE,36.2,23719.15,151.55,23665.0,23746.0,9.0,13:30:12,23727.40,151.60,FLIP,4.0,-0.03,0.03,3,BUY CE,BUY PE,BUY PE
EXIT,2026-05-14,13:28:12,23700,PE,BUY PE,36.3,23728.00,173.45,23672.0,23756.0,9.0,13:30:12,23727.40,172.00,FLIP,2.0,0.00,-0.84,-94,BUY CE,BUY PE,BUY CE
OPEN,2026-05-14,13:30:12,23750,CE,BUY CE,37.6,23714.10,178.00,23769.0,23687.0,18.0,,0.00,0.00,,0.0,0.00,0.00,0,BUY CE,BUY CE,BUY PE
EXIT,2026-05-14,13:30:12,23750,CE,BUY CE,37.6,23714.10,178.00,23769.0,23687.0,18.0,13:31:12,23714.10,178.00,FLIP,1.0,0.00,0.00,0,BUY CE,BUY CE,BUY PE
OPEN,2026-05-14,13:31:12,23700,PE,BUY PE,36.4,23728.10,172.00,23674.0,23755.0,9.0,,0.00,0.00,,0.0,0.00,0.00,0,BUY CE,BUY PE,BUY PE
EXIT,2026-05-14,13:31:12,23700,PE,BUY PE,36.4,23728.10,172.00,23674.0,23755.0,9.0,13:38:12,23758.05,165.85,SL,7.0,-0.13,-3.58,-400,BUY CE,BUY PE,BUY PE
OPEN,2026-05-14,13:39:12,23800,CE,BUY CE,36.6,23753.20,175.15,23808.0,23726.0,18.0,,0.00,0.00,,0.0,0.00,0.00,0,BUY CE,BUY PE,BUY CE
EXIT,2026-05-14,13:39:12,23800,CE,BUY CE,36.6,23753.20,175.15,23808.0,23726.0,18.0,13:40:12,23753.20,175.15,FLIP,1.0,0.00,0.00,0,BUY CE,BUY PE,BUY CE
OPEN,2026-05-14,13:40:12,23700,PE,BUY PE,37.1,23739.80,155.45,23685.0,23767.0,9.0,,0.00,0.00,,0.0,0.00,0.00,0,BUY CE,BUY PE,BUY PE
EXIT,2026-05-14,13:40:12,23700,PE,BUY PE,37.1,23739.80,155.45,23685.0,23767.0,9.0,13:43:12,23750.40,163.30,FLIP,3.0,-0.04,5.05,510,BUY CE,BUY PE,BUY PE
OPEN,2026-05-14,13:43:12,23800,CE,BUY CE,37.1,23744.10,162.90,23798.0,23717.0,18.0,,0.00,0.00,,0.0,0.00,0.00,0,BUY CE,BUY CE,BUY PE
EXIT,2026-05-14,13:43:12,23800,CE,BUY CE,37.1,23744.10,162.90,23798.0,23717.0,18.0,14:01:12,23747.05,167.65,TIMEOUT,18.0,0.01,2.92,309,BUY CE,BUY CE,BUY PE
OPEN,2026-05-14,14:02:12,23800,CE,BUY CE,36.8,23753.75,164.00,23804.0,23729.0,18.0,,0.00,0.00,,0.0,0.00,0.00,0,BUY CE,BUY CE,BUY CE
EXIT,2026-05-14,14:02:12,23800,CE,BUY CE,36.8,23753.75,164.00,23804.0,23729.0,18.0,14:20:12,23743.75,162.65,FLIP,18.0,-0.04,-0.82,-88,BUY CE,BUY CE,BUY CE
OPEN,2026-05-14,14:20:12,23650,PE,BUY PE,39.1,23723.00,134.65,23672.0,23749.0,9.0,,0.00,0.00,,0.0,0.00,0.00,0,BUY PE,BUY PE,BUY PE
EXIT,2026-05-14,14:20:12,23650,PE,BUY PE,39.1,23723.00,134.65,23672.0,23749.0,9.0,14:21:12,23723.00,134.65,FLIP,1.0,0.00,0.00,0,BUY PE,BUY PE,BUY PE
OPEN,2026-05-14,14:21:12,23800,CE,BUY CE,37.2,23737.50,150.40,23787.0,23713.0,18.0,,0.00,0.00,,0.0,0.00,0.00,0,BUY CE,BUY CE,BUY PE
EXIT,2026-05-14,14:21:12,23800,CE,BUY CE,37.2,23737.50,150.40,23787.0,23713.0,18.0,14:37:12,23750.40,172.00,FLIP,16.0,0.05,14.36,1404,BUY CE,BUY CE,BUY PE
OPEN,2026-05-14,14:37:12,23700,PE,BUY PE,39.5,23730.05,144.80,23680.0,23755.0,9.0,,0.00,0.00,,0.0,0.00,0.00,0,BUY CE,BUY PE,BUY PE
OPEN,2026-05-14,14:46:12,23650,PE,BUY PE,42.1,23709.15,142.15,23660.0,23734.0,9.0,,0.00,0.00,,0.0,0.00,0.00,0,BUY PE,BUY PE,BUY PE
EXIT,2026-05-14,14:37:12,23700,PE,BUY PE,39.5,23730.05,144.80,23680.0,23755.0,9.0,14:46:12,23709.15,163.55,TIMEOUT,9.0,0.09,12.95,1219,BUY CE,BUY PE,BUY PE
EXIT,2026-05-14,14:46:12,23650,PE,BUY PE,42.1,23709.15,142.15,23660.0,23734.0,9.0,14:56:12,23703.60,149.10,TIMEOUT,10.0,0.02,4.89,452,BUY PE,BUY PE,BUY PE
OPEN,2026-05-14,14:57:12,23650,PE,BUY PE,41.5,23705.60,149.10,23658.0,23730.0,9.0,,0.00,0.00,,0.0,0.00,0.00,0,BUY PE,BUY PE,BUY PE
EXIT,2026-05-14,14:57:12,23650,PE,BUY PE,41.5,23705.60,149.10,23658.0,23730.0,9.0,15:01:12,23702.90,151.00,FLIP,4.0,0.01,1.27,124,BUY PE,BUY PE,BUY PE
OPEN,2026-05-14,15:01:12,23700,CE,BUY CE,45.3,23705.55,184.00,23756.0,23681.0,28.0,,0.00,0.00,,0.0,0.00,0.00,0,BUY CE,BUY PE,BUY PE
OPEN,2026-05-14,15:03:12,23750,CE,BUY CE,44.7,23699.85,154.10,23751.0,23674.0,18.0,,0.00,0.00,,0.0,0.00,0.00,0,BUY CE,BUY PE,BUY PE
EXIT,2026-05-14,15:03:12,23750,CE,BUY CE,44.7,23699.85,154.10,23751.0,23674.0,18.0,15:04:12,23699.85,154.10,FLIP,1.0,0.00,0.00,0,BUY CE,BUY PE,BUY PE
EXIT,2026-05-14,15:01:12,23700,CE,BUY CE,45.3,23705.55,184.00,23756.0,23681.0,28.0,15:04:12,23699.85,179.90,FLIP,3.0,-0.02,-2.23,-266,BUY CE,BUY PE,BUY PE
OPEN,2026-05-14,15:04:12,23700,PE,BUY PE,45.2,23708.95,168.65,23658.0,23734.0,9.0,,0.00,0.00,,0.0,0.00,0.00,0,BUY CE,BUY PE,BUY PE
EXIT,2026-05-14,15:04:12,23700,PE,BUY PE,45.2,23708.95,168.65,23658.0,23734.0,9.0,15:05:12,23708.95,168.65,FLIP,1.0,0.00,0.00,0,BUY CE,BUY PE,BUY PE
OPEN,2026-05-14,15:05:12,23700,CE,BUY CE,45.2,23706.55,179.90,23758.0,23681.0,24.0,,0.00,0.00,,0.0,0.00,0.00,0,BUY CE,BUY PE,BUY PE
OPEN,2026-05-14,15:06:12,23750,CE,BUY CE,44.7,23691.05,150.40,23740.0,23667.0,18.0,,0.00,0.00,,0.0,0.00,0.00,0,BUY CE,BUY PE,BUY PE
EXIT,2026-05-14,15:05:12,23700,CE,BUY CE,45.2,23706.55,179.90,23758.0,23681.0,24.0,15:07:12,23691.05,176.10,FLIP,2.0,-0.07,-2.11,-247,BUY CE,BUY PE,BUY PE
EXIT,2026-05-14,15:06:12,23750,CE,BUY CE,44.7,23691.05,150.40,23740.0,23667.0,18.0,15:07:12,23691.05,150.40,FLIP,1.0,0.00,0.00,0,BUY CE,BUY PE,BUY PE
OPEN,2026-05-14,15:07:12,23650,PE,BUY PE,45.0,23684.05,150.25,23633.0,23710.0,9.0,,0.00,0.00,,0.0,0.00,0.00,0,BUY CE,BUY PE,BUY PE
OPEN,2026-05-14,15:08:12,23600,PE,BUY PE,44.8,23674.70,144.50,23623.0,23701.0,9.0,,0.00,0.00,,0.0,0.00,0.00,0,BUY PE,BUY CE,BUY PE
OPEN,2026-05-14,15:09:12,23700,PE,BUY PE,46.7,23692.05,187.45,23640.0,23718.0,9.0,,0.00,0.00,,0.0,0.00,0.00,0,BUY PE,BUY PE,BUY PE
EXIT,2026-05-14,15:07:12,23650,PE,BUY PE,45.0,23684.05,150.25,23633.0,23710.0,9.0,15:16:12,23680.80,156.00,FLIP,9.0,0.01,3.83,374,BUY CE,BUY PE,BUY PE
EXIT,2026-05-14,15:08:12,23600,PE,BUY PE,44.8,23674.70,144.50,23623.0,23701.0,9.0,15:16:12,23680.80,135.45,FLIP,8.0,-0.03,-6.26,-588,BUY PE,BUY CE,BUY PE
EXIT,2026-05-14,15:09:12,23700,PE,BUY PE,46.7,23692.05,187.45,23640.0,23718.0,9.0,15:16:12,23680.80,177.55,FLIP,7.0,0.05,-5.28,-643,BUY PE,BUY PE,BUY PE
OPEN,2026-05-14,15:16:12,23650,CE,BUY CE,45.9,23674.70,190.60,23724.0,23650.0,13.0,,0.00,0.00,,0.0,0.00,0.00,0,BUY CE,BUY CE,BUY PE
OPEN,2026-05-14,15:17:12,23700,CE,BUY CE,45.2,23685.80,163.35,23737.0,23660.0,12.0,,0.00,0.00,,0.0,0.00,0.00,0,BUY CE,BUY PE,BUY PE
EXIT,2026-05-14,15:16:12,23650,CE,BUY CE,45.9,23674.70,190.60,23724.0,23650.0,13.0,15:25:12,23687.30,198.45,FLIP,9.0,0.05,4.12,510,BUY CE,BUY CE,BUY PE
EXIT,2026-05-14,15:17:12,23700,CE,BUY CE,45.2,23685.80,163.35,23737.0,23660.0,12.0,15:25:12,23687.30,170.30,FLIP,8.0,0.01,4.25,452,BUY CE,BUY PE,BUY PE
OPEN,2026-05-14,15:25:12,23650,PE,BUY PE,44.9,23693.95,154.30,23644.0,23719.0,4.0,,0.00,0.00,,0.0,0.00,0.00,0,BUY CE,BUY PE,BUY PE
EXIT,2026-05-14,15:25:12,23650,PE,BUY PE,44.9,23693.95,154.30,23644.0,23719.0,4.0,15:26:12,23693.95,154.30,FLIP,1.0,0.00,0.00,0,BUY CE,BUY PE,BUY PE
OPEN,2026-05-14,15:26:12,23700,CE,BUY CE,45.1,23692.75,170.30,23740.0,23669.0,3.0,,0.00,0.00,,0.0,0.00,0.00,0,BUY CE,BUY PE,BUY PE
EXIT,2026-05-14,15:26:12,23700,CE,BUY CE,45.1,23692.75,170.30,23740.0,23669.0,3.0,15:29:12,23712.20,175.00,TIMEOUT,3.0,0.08,2.76,305,BUY CE,BUY PE,BUY PE
OPEN,2026-05-14,15:30:12,23700,CE,BUY CE,48.1,23713.90,182.55,23764.0,23689.0,25.0,,0.00,0.00,,0.0,0.00,0.00,0,BUY CE,BUY CE,BUY PE
EXIT,2026-05-14,15:30:12,23700,CE,BUY CE,48.1,23713.90,182.55,23764.0,23689.0,25.0,15:30:12,23713.90,182.55,EOD,0.0,0.00,0.00,0,BUY CE,BUY CE,BUY PE
OPEN,2026-05-15,09:00:12,23650,PE,BUY PE,43.0,23689.60,135.05,23637.0,23716.0,9.0,,0.00,0.00,,0.0,0.00,0.00,0,BUY PE,BUY PE,BUY PE
OPEN,2026-05-15,09:08:12,23700,PE,BUY PE,41.4,23731.40,156.60,23678.0,23758.0,9.0,,0.00,0.00,,0.0,0.00,0.00,0,BUY PE,BUY PE,BUY PE
EXIT,2026-05-15,09:00:12,23650,PE,BUY PE,43.0,23689.60,135.05,23637.0,23716.0,9.0,09:08:12,23731.40,135.05,SL,8.0,-0.18,0.00,0,BUY PE,BUY PE,BUY PE
OPEN,2026-05-15,09:16:12,23650,PE,BUY PE,47.2,23672.50,151.70,23613.0,23703.0,9.0,,0.00,0.00,,0.0,0.00,0.00,0,BUY PE,BUY PE,NO TRADE
EXIT,2026-05-15,09:08:12,23700,PE,BUY PE,41.4,23731.40,156.60,23678.0,23758.0,9.0,09:16:12,23672.50,171.40,TARGET,8.0,0.25,9.45,962,BUY PE,BUY PE,BUY PE
OPEN,2026-05-15,09:17:12,23750,PE,BUY PE,47.0,23725.50,198.40,23666.0,23756.0,9.0,,0.00,0.00,,0.0,0.00,0.00,0,BUY PE,BUY PE,NO TRADE
EXIT,2026-05-15,09:16:12,23650,PE,BUY PE,47.2,23672.50,151.70,23613.0,23703.0,9.0,09:17:12,23725.50,151.70,SL,1.0,-0.22,0.00,0,BUY PE,BUY PE,NO TRADE
OPEN,2026-05-15,09:20:12,23700,PE,BUY PE,47.0,23717.65,155.90,23658.0,23748.0,9.0,,0.00,0.00,,0.0,0.00,0.00,0,BUY PE,BUY PE,BUY PE
EXIT,2026-05-15,09:20:12,23700,PE,BUY PE,47.0,23717.65,155.90,23658.0,23748.0,9.0,09:25:12,23768.85,153.85,SL,5.0,-0.22,-1.31,-133,BUY PE,BUY PE,BUY PE
EXIT,2026-05-15,09:17:12,23750,PE,BUY PE,47.0,23725.50,198.40,23666.0,23756.0,9.0,09:25:12,23768.85,176.65,SL,8.0,-0.18,-10.96,-1414,BUY PE,BUY PE,NO TRADE
OPEN,2026-05-15,09:26:12,23750,PE,BUY PE,47.6,23753.95,176.65,23692.0,23785.0,9.0,,0.00,0.00,,0.0,0.00,0.00,0,BUY PE,BUY PE,BUY PE
OPEN,2026-05-15,09:28:12,23800,PE,BUY PE,46.4,23782.20,193.05,23717.0,23815.0,9.0,,0.00,0.00,,0.0,0.00,0.00,0,BUY PE,BUY PE,BUY PE
EXIT,2026-05-15,09:26:12,23750,PE,BUY PE,47.6,23753.95,176.65,23692.0,23785.0,9.0,09:29:12,23792.85,168.35,SL,3.0,-0.16,-4.70,-540,BUY PE,BUY PE,BUY PE
OPEN,2026-05-15,09:31:12,23750,PE,BUY PE,46.1,23756.25,154.95,23691.0,23789.0,9.0,,0.00,0.00,,0.0,0.00,0.00,0,BUY PE,BUY PE,BUY PE
OPEN,2026-05-15,09:34:12,23700,PE,BUY PE,43.2,23766.40,150.30,23700.0,23799.0,9.0,,0.00,0.00,,0.0,0.00,0.00,0,BUY PE,BUY PE,BUY PE
EXIT,2026-05-15,09:28:12,23800,PE,BUY PE,46.4,23782.20,193.05,23717.0,23815.0,9.0,09:37:12,23738.80,196.10,TIMEOUT,9.0,0.18,1.58,198,BUY PE,BUY PE,BUY PE
EXIT,2026-05-15,09:31:12,23750,PE,BUY PE,46.1,23756.25,154.95,23691.0,23789.0,9.0,09:40:12,23770.90,165.40,TIMEOUT,9.0,-0.06,6.74,679,BUY PE,BUY PE,BUY PE
OPEN,2026-05-15,09:42:12,23750,PE,BUY PE,44.5,23788.95,161.35,23725.0,23821.0,9.0,,0.00,0.00,,0.0,0.00,0.00,0,BUY PE,BUY PE,BUY PE
OPEN,2026-05-15,09:43:12,23800,PE,BUY PE,45.4,23795.15,184.25,23730.0,23828.0,9.0,,0.00,0.00,,0.0,0.00,0.00,0,BUY PE,BUY PE,BUY PE
EXIT,2026-05-15,09:34:12,23700,PE,BUY PE,43.2,23766.40,150.30,23700.0,23799.0,9.0,09:44:12,23793.20,140.15,TIMEOUT,10.0,-0.11,-6.75,-660,BUY PE,BUY PE,BUY PE
EXIT,2026-05-15,09:42:12,23750,PE,BUY PE,44.5,23788.95,161.35,23725.0,23821.0,9.0,09:51:12,23808.65,151.70,TIMEOUT,9.0,-0.08,-5.98,-627,BUY PE,BUY PE,BUY PE
OPEN,2026-05-15,09:52:12,23750,PE,BUY PE,42.6,23802.85,151.70,23740.0,23834.0,9.0,,0.00,0.00,,0.0,0.00,0.00,0,BUY PE,BUY PE,BUY PE
EXIT,2026-05-15,09:43:12,23800,PE,BUY PE,45.4,23795.15,184.25,23730.0,23828.0,9.0,09:53:12,23800.40,174.25,TIMEOUT,10.0,-0.02,-5.43,-650,BUY PE,BUY PE,BUY PE
OPEN,2026-05-15,09:56:12,23800,PE,BUY PE,37.0,23829.95,168.35,23769.0,23860.0,9.0,,0.00,0.00,,0.0,0.00,0.00,0,NO TRADE,BUY PE,BUY PE
EXIT,2026-05-15,09:52:12,23750,PE,BUY PE,42.6,23802.85,151.70,23740.0,23834.0,9.0,10:00:12,23826.25,134.25,FLIP,8.0,-0.10,-11.50,-1134,BUY PE,BUY PE,BUY PE
EXIT,2026-05-15,09:56:12,23800,PE,BUY PE,37.0,23829.95,168.35,23769.0,23860.0,9.0,10:00:12,23826.25,155.35,FLIP,4.0,0.02,-7.72,-845,NO TRADE,BUY PE,BUY PE
OPEN,2026-05-15,10:00:12,23850,CE,BUY CE,36.3,23817.50,162.70,23880.0,23787.0,18.0,,0.00,0.00,,0.0,0.00,0.00,0,BUY PE,BUY CE,BUY PE
EXIT,2026-05-15,10:00:12,23850,CE,BUY CE,36.3,23817.50,162.70,23880.0,23787.0,18.0,10:01:12,23817.50,162.70,FLIP,1.0,0.00,0.00,0,BUY PE,BUY CE,BUY PE
OPEN,2026-05-15,10:01:12,23750,PE,BUY PE,37.4,23801.25,136.50,23740.0,23832.0,9.0,,0.00,0.00,,0.0,0.00,0.00,0,BUY PE,BUY CE,BUY PE
EXIT,2026-05-15,10:01:12,23750,PE,BUY PE,37.4,23801.25,136.50,23740.0,23832.0,9.0,10:11:12,23792.10,156.00,TIMEOUT,10.0,0.04,14.29,1268,BUY PE,BUY CE,BUY PE
OPEN,2026-05-15,10:12:12,23750,PE,BUY PE,37.2,23787.30,156.00,23727.0,23817.0,9.0,,0.00,0.00,,0.0,0.00,0.00,0,BUY PE,BUY CE,BUY PE
EXIT,2026-05-15,10:12:12,23750,PE,BUY PE,37.2,23787.30,156.00,23727.0,23817.0,9.0,10:22:12,23808.15,154.90,TIMEOUT,10.0,-0.09,-0.71,-71,BUY PE,BUY CE,BUY PE
OPEN,2026-05-15,10:23:12,23750,PE,BUY PE,36.4,23813.55,154.90,23755.0,23843.0,9.0,,0.00,0.00,,0.0,0.00,0.00,0,BUY PE,NO TRADE,BUY PE
OPEN,2026-05-15,10:26:12,23800,PE,BUY PE,36.5,23826.50,165.75,23771.0,23855.0,9.0,,0.00,0.00,,0.0,0.00,0.00,0,BUY PE,BUY PE,BUY PE
EXIT,2026-05-15,10:23:12,23750,PE,BUY PE,36.4,23813.55,154.90,23755.0,23843.0,9.0,10:32:12,23815.30,139.00,TIMEOUT,9.0,-0.01,-10.26,-1034,BUY PE,NO TRADE,BUY PE
EXIT,2026-05-15,10:26:12,23800,PE,BUY PE,36.5,23826.50,165.75,23771.0,23855.0,9.0,10:35:12,23815.55,161.10,TIMEOUT,9.0,0.05,-2.81,-302,BUY PE,BUY PE,BUY PE
OPEN,2026-05-15,11:06:12,23800,CE,BUY CE,35.8,23766.30,157.90,23816.0,23741.0,18.0,,0.00,0.00,,0.0,0.00,0.00,0,BUY CE,BUY CE,BUY CE
EXIT,2026-05-15,11:06:12,23800,CE,BUY CE,35.8,23766.30,157.90,23816.0,23741.0,18.0,11:11:12,23742.10,144.80,FLIP,5.0,-0.10,-8.30,-851,BUY CE,BUY CE,BUY CE
OPEN,2026-05-15,11:11:12,23700,PE,BUY PE,35.6,23743.95,154.35,23692.0,23770.0,9.0,,0.00,0.00,,0.0,0.00,0.00,0,NO TRADE,BUY PE,BUY CE
EXIT,2026-05-15,11:11:12,23700,PE,BUY PE,35.6,23743.95,154.35,23692.0,23770.0,9.0,11:18:12,23736.45,152.00,FLIP,7.0,0.03,-1.52,-153,NO TRADE,BUY PE,BUY CE
OPEN,2026-05-15,11:18:12,23750,CE,BUY CE,35.4,23722.60,155.40,23777.0,23696.0,18.0,,0.00,0.00,,0.0,0.00,0.00,0,BUY CE,BUY CE,BUY CE
EXIT,2026-05-15,11:18:12,23750,CE,BUY CE,35.4,23722.60,155.40,23777.0,23696.0,18.0,11:19:12,23722.60,155.40,FLIP,1.0,0.00,0.00,0,BUY CE,BUY CE,BUY CE
OPEN,2026-05-15,11:19:12,23700,PE,BUY PE,35.1,23741.95,152.00,23688.0,23769.0,9.0,,0.00,0.00,,0.0,0.00,0.00,0,BUY PE,BUY PE,BUY PE
EXIT,2026-05-15,11:19:12,23700,PE,BUY PE,35.1,23741.95,152.00,23688.0,23769.0,9.0,11:25:12,23735.85,151.60,FLIP,6.0,0.03,-0.26,-26,BUY PE,BUY PE,BUY PE
OPEN,2026-05-15,11:25:12,23800,CE,BUY CE,35.5,23728.45,133.10,23782.0,23701.0,18.0,,0.00,0.00,,0.0,0.00,0.00,0,BUY CE,BUY CE,BUY CE
OPEN,2026-05-15,11:28:12,23750,CE,BUY CE,36.5,23719.40,146.95,23771.0,23693.0,18.0,,0.00,0.00,,0.0,0.00,0.00,0,BUY CE,BUY CE,BUY CE
EXIT,2026-05-15,11:25:12,23800,CE,BUY CE,35.5,23728.45,133.10,23782.0,23701.0,18.0,11:32:12,23699.00,119.75,SL,7.0,-0.12,-10.03,-868,BUY CE,BUY CE,BUY CE
EXIT,2026-05-15,11:28:12,23750,CE,BUY CE,36.5,23719.40,146.95,23771.0,23693.0,18.0,11:34:12,23699.20,141.90,FLIP,6.0,-0.09,-3.44,-328,BUY CE,BUY CE,BUY CE
OPEN,2026-05-15,11:34:12,23650,PE,BUY PE,37.5,23718.30,154.90,23664.0,23745.0,9.0,,0.00,0.00,,0.0,0.00,0.00,0,BUY PE,BUY PE,BUY PE
OPEN,2026-05-15,11:40:12,23700,PE,BUY PE,37.6,23728.10,167.50,23674.0,23755.0,9.0,,0.00,0.00,,0.0,0.00,0.00,0,BUY PE,BUY PE,BUY PE
EXIT,2026-05-15,11:34:12,23650,PE,BUY PE,37.5,23718.30,154.90,23664.0,23745.0,9.0,11:44:12,23717.45,140.35,TIMEOUT,10.0,0.00,-9.39,-946,BUY PE,BUY PE,BUY PE
OPEN,2026-05-15,11:45:12,23650,PE,BUY PE,36.9,23722.85,140.35,23671.0,23749.0,9.0,,0.00,0.00,,0.0,0.00,0.00,0,BUY CE,BUY PE,BUY PE
EXIT,2026-05-15,11:40:12,23700,PE,BUY PE,37.6,23728.10,167.50,23674.0,23755.0,9.0,11:49:12,23728.55,157.60,TIMEOUT,9.0,-0.00,-5.91,-644,BUY PE,BUY PE,BUY PE
OPEN,2026-05-15,11:50:12,23700,PE,BUY PE,35.6,23725.40,157.60,23674.0,23751.0,9.0,,0.00,0.00,,0.0,0.00,0.00,0,BUY CE,BUY PE,BUY PE
EXIT,2026-05-15,11:45:12,23650,PE,BUY PE,36.9,23722.85,140.35,23671.0,23749.0,9.0,11:55:12,23721.45,134.60,TIMEOUT,10.0,0.01,-4.10,-374,BUY CE,BUY PE,BUY PE
EXIT,2026-05-15,11:50:12,23700,PE,BUY PE,35.6,23725.40,157.60,23674.0,23751.0,9.0,12:00:12,23727.60,164.35,TIMEOUT,10.0,-0.01,4.28,439,BUY CE,BUY PE,BUY PE
OPEN,2026-05-15,12:06:12,23700,PE,BUY PE,35.3,23759.00,147.30,23712.0,23783.0,9.0,,0.00,0.00,,0.0,0.00,0.00,0,NO TRADE,BUY PE,BUY PE
EXIT,2026-05-15,12:06:12,23700,PE,BUY PE,35.3,23759.00,147.30,23712.0,23783.0,9.0,12:15:12,23751.35,141.15,TIMEOUT,9.0,0.03,-4.18,-400,NO TRADE,BUY PE,BUY PE
OPEN,2026-05-15,12:23:12,23650,PE,BUY PE,35.3,23723.95,124.75,23678.0,23747.0,9.0,,0.00,0.00,,0.0,0.00,0.00,0,BUY PE,BUY PE,BUY PE
OPEN,2026-05-15,12:24:12,23700,PE,BUY PE,35.7,23731.15,155.85,23685.0,23754.0,9.0,,0.00,0.00,,0.0,0.00,0.00,0,BUY PE,BUY PE,BUY PE
EXIT,2026-05-15,12:23:12,23650,PE,BUY PE,35.3,23723.95,124.75,23678.0,23747.0,9.0,12:33:12,23727.95,135.40,TIMEOUT,10.0,-0.02,8.54,692,BUY PE,BUY PE,BUY PE
EXIT,2026-05-15,12:24:12,23700,PE,BUY PE,35.7,23731.15,155.85,23685.0,23754.0,9.0,12:34:12,23733.70,156.40,TIMEOUT,10.0,-0.01,0.35,36,BUY PE,BUY PE,BUY PE
OPEN,2026-05-15,13:01:12,23850,CE,BUY CE,35.6,23778.10,125.05,23819.0,23758.0,18.0,,0.00,0.00,,0.0,0.00,0.00,0,NO TRADE,BUY CE,BUY PE
OPEN,2026-05-15,13:09:12,23800,CE,BUY CE,36.2,23771.05,148.25,23812.0,23751.0,18.0,,0.00,0.00,,0.0,0.00,0.00,0,NO TRADE,BUY CE,NO TRADE
EXIT,2026-05-15,13:01:12,23850,CE,BUY CE,35.6,23778.10,125.05,23819.0,23758.0,18.0,13:20:12,23787.45,124.85,TIMEOUT,19.0,0.04,-0.16,-13,NO TRADE,BUY CE,BUY PE
OPEN,2026-05-15,13:21:12,23850,CE,BUY CE,36.1,23779.75,124.85,23817.0,23761.0,18.0,,0.00,0.00,,0.0,0.00,0.00,0,BUY CE,NO TRADE,NO TRADE
EXIT,2026-05-15,13:09:12,23800,CE,BUY CE,36.2,23771.05,148.25,23812.0,23751.0,18.0,13:28:12,23778.55,140.15,TIMEOUT,19.0,0.03,-5.46,-526,NO TRADE,BUY CE,NO TRADE
OPEN,2026-05-15,13:29:12,23800,CE,BUY CE,38.0,23774.35,140.15,23812.0,23755.0,18.0,,0.00,0.00,,0.0,0.00,0.00,0,BUY CE,BUY CE,NO TRADE
EXIT,2026-05-15,13:21:12,23850,CE,BUY CE,36.1,23779.75,124.85,23817.0,23761.0,18.0,13:35:12,23757.75,115.70,SL,14.0,-0.09,-7.33,-595,BUY CE,NO TRADE,NO TRADE
EXIT,2026-05-15,13:29:12,23800,CE,BUY CE,38.0,23774.35,140.15,23812.0,23755.0,18.0,13:37:12,23754.95,137.30,SL,8.0,-0.08,-2.03,-185,BUY CE,BUY CE,NO TRADE
OPEN,2026-05-15,13:38:12,23800,CE,BUY CE,38.3,23752.00,137.30,23790.0,23733.0,18.0,,0.00,0.00,,0.0,0.00,0.00,0,BUY CE,BUY CE,BUY CE
EXIT,2026-05-15,13:38:12,23800,CE,BUY CE,38.3,23752.00,137.30,23790.0,23733.0,18.0,13:39:12,23752.00,137.30,FLIP,1.0,0.00,0.00,0,BUY CE,BUY CE,BUY CE
OPEN,2026-05-15,13:39:12,23700,PE,BUY PE,36.8,23739.75,136.20,23701.0,23759.0,9.0,,0.00,0.00,,0.0,0.00,0.00,0,BUY CE,BUY PE,BUY PE
OPEN,2026-05-15,13:48:12,23650,PE,BUY PE,37.7,23708.80,123.95,23668.0,23729.0,9.0,,0.00,0.00,,0.0,0.00,0.00,0,BUY PE,BUY CE,BUY PE
EXIT,2026-05-15,13:39:12,23700,PE,BUY PE,36.8,23739.75,136.20,23701.0,23759.0,9.0,13:49:12,23709.35,144.10,TIMEOUT,10.0,0.13,5.80,514,BUY CE,BUY PE,BUY PE
OPEN,2026-05-15,13:54:12,23700,PE,BUY PE,43.1,23731.80,162.00,23688.0,23754.0,9.0,,0.00,0.00,,0.0,0.00,0.00,0,BUY PE,BUY PE,BUY PE
EXIT,2026-05-15,13:48:12,23650,PE,BUY PE,37.7,23708.80,123.95,23668.0,23729.0,9.0,13:54:12,23731.80,139.00,SL,6.0,-0.10,12.14,978,BUY PE,BUY CE,BUY PE
OPEN,2026-05-15,13:56:12,23650,PE,BUY PE,43.3,23724.35,129.15,23682.0,23745.0,9.0,,0.00,0.00,,0.0,0.00,0.00,0,BUY PE,BUY PE,BUY PE
EXIT,2026-05-15,13:54:12,23700,PE,BUY PE,43.1,23731.80,162.00,23688.0,23754.0,9.0,14:04:12,23701.85,163.35,TIMEOUT,10.0,0.13,0.83,88,BUY PE,BUY PE,BUY PE
EXIT,2026-05-15,13:56:12,23650,PE,BUY PE,43.3,23724.35,129.15,23682.0,23745.0,9.0,14:06:12,23697.65,142.95,TIMEOUT,10.0,0.11,10.69,897,BUY PE,BUY PE,BUY PE
OPEN,2026-05-15,14:07:12,23650,PE,BUY PE,42.0,23703.80,142.95,23661.0,23725.0,9.0,,0.00,0.00,,0.0,0.00,0.00,0,BUY PE,BUY PE,BUY PE
EXIT,2026-05-15,14:07:12,23650,PE,BUY PE,42.0,23703.80,142.95,23661.0,23725.0,9.0,14:17:12,23706.50,137.85,TIMEOUT,10.0,-0.01,-3.57,-331,BUY PE,BUY PE,BUY PE
OPEN,2026-05-15,14:18:12,23650,PE,BUY PE,39.5,23711.10,137.85,23668.0,23733.0,9.0,,0.00,0.00,,0.0,0.00,0.00,0,BUY PE,BUY PE,BUY PE
EXIT,2026-05-15,14:18:12,23650,PE,BUY PE,39.5,23711.10,137.85,23668.0,23733.0,9.0,14:27:12,23694.45,139.00,TIMEOUT,9.0,0.07,0.83,75,BUY PE,BUY PE,BUY PE
OPEN,2026-05-15,14:28:12,23650,PE,BUY PE,41.2,23691.10,139.00,23649.0,23712.0,9.0,,0.00,0.00,,0.0,0.00,0.00,0,BUY PE,BUY PE,BUY PE
EXIT,2026-05-15,14:28:12,23650,PE,BUY PE,41.2,23691.10,139.00,23649.0,23712.0,9.0,14:38:12,23694.00,145.40,TIMEOUT,10.0,-0.01,4.60,416,BUY PE,BUY PE,BUY PE
OPEN,2026-05-15,14:39:12,23650,PE,BUY PE,40.8,23691.85,145.70,23650.0,23713.0,9.0,,0.00,0.00,,0.0,0.00,0.00,0,BUY PE,BUY PE,BUY PE
OPEN,2026-05-15,14:46:12,23600,PE,BUY PE,41.7,23673.80,130.50,23633.0,23694.0,9.0,,0.00,0.00,,0.0,0.00,0.00,0,BUY PE,BUY PE,BUY PE
EXIT,2026-05-15,14:39:12,23650,PE,BUY PE,40.8,23691.85,145.70,23650.0,23713.0,9.0,14:48:12,23650.35,152.10,TIMEOUT,9.0,0.18,4.39,416,BUY PE,BUY PE,BUY PE
OPEN,2026-05-15,14:50:12,23550,PE,BUY PE,41.7,23614.50,128.65,23566.0,23639.0,9.0,,0.00,0.00,,0.0,0.00,0.00,0,BUY PE,BUY CE,BUY CE
EXIT,2026-05-15,14:46:12,23600,PE,BUY PE,41.7,23673.80,130.50,23633.0,23694.0,9.0,14:50:12,23614.50,149.85,TARGET,4.0,0.25,14.83,1258,BUY PE,BUY PE,BUY PE
OPEN,2026-05-15,14:59:12,23650,PE,BUY PE,45.4,23650.00,189.35,23601.0,23675.0,9.0,,0.00,0.00,,0.0,0.00,0.00,0,BUY PE,BUY PE,BUY PE
EXIT,2026-05-15,14:50:12,23550,PE,BUY PE,41.7,23614.50,128.65,23566.0,23639.0,9.0,14:59:12,23650.00,140.00,SL,9.0,-0.15,8.82,738,BUY PE,BUY CE,BUY CE
OPEN,2026-05-15,15:05:12,23700,PE,BUY PE,49.6,23677.55,183.30,23626.0,23704.0,9.0,,0.00,0.00,,0.0,0.00,0.00,0,BUY PE,BUY PE,BUY PE
EXIT,2026-05-15,14:59:12,23650,PE,BUY PE,45.4,23650.00,189.35,23601.0,23675.0,9.0,15:05:12,23677.55,159.45,SL,6.0,-0.12,-15.79,-1944,BUY PE,BUY PE,BUY PE
OPEN,2026-05-15,15:06:12,23650,PE,BUY PE,49.8,23671.25,159.45,23622.0,23696.0,9.0,,0.00,0.00,,0.0,0.00,0.00,0,BUY PE,BUY PE,BUY PE
EXIT,2026-05-15,15:05:12,23700,PE,BUY PE,49.6,23677.55,183.30,23626.0,23704.0,9.0,15:15:12,23639.70,194.70,TIMEOUT,10.0,0.16,6.22,741,BUY PE,BUY PE,BUY PE
OPEN,2026-05-15,15:16:12,23600,PE,BUY PE,47.9,23622.50,144.15,23572.0,23648.0,9.0,,0.00,0.00,,0.0,0.00,0.00,0,BUY PE,BUY PE,BUY PE
EXIT,2026-05-15,15:06:12,23650,PE,BUY PE,49.8,23671.25,159.45,23622.0,23696.0,9.0,15:16:12,23622.50,168.55,TIMEOUT,10.0,0.21,5.71,592,BUY PE,BUY PE,BUY PE
OPEN,2026-05-15,15:18:12,23650,PE,BUY PE,49.2,23629.85,180.00,23579.0,23655.0,9.0,,0.00,0.00,,0.0,0.00,0.00,0,BUY PE,BUY PE,BUY PE
EXIT,2026-05-15,15:16:12,23600,PE,BUY PE,47.9,23622.50,144.15,23572.0,23648.0,9.0,15:25:12,23634.05,146.90,TIMEOUT,9.0,-0.05,1.91,179,BUY PE,BUY PE,BUY PE
EXIT,2026-05-15,15:18:12,23650,PE,BUY PE,49.2,23629.85,180.00,23579.0,23655.0,9.0,15:28:12,23645.20,160.00,TIMEOUT,10.0,-0.06,-11.11,-1300,BUY PE,BUY PE,BUY PE
OPEN,2026-05-15,15:29:12,23650,PE,BUY PE,47.7,23648.80,160.00,23598.0,23674.0,0.0,,0.00,0.00,,0.0,0.00,0.00,0,BUY PE,BUY PE,BUY PE
EXIT,2026-05-15,15:29:12,23650,PE,BUY PE,47.7,23648.80,160.00,23598.0,23674.0,0.0,15:29:12,23648.80,160.00,TIMEOUT,0.0,0.00,0.00,0,BUY PE,BUY PE,BUY PE
OPEN,2026-05-15,15:30:12,23650,PE,BUY PE,46.8,23660.45,153.95,23609.0,23686.0,25.0,,0.00,0.00,,0.0,0.00,0.00,0,BUY PE,BUY PE,BUY PE
EXIT,2026-05-15,15:30:12,23650,PE,BUY PE,46.8,23660.45,153.95,23609.0,23686.0,25.0,15:30:12,23660.45,153.95,EOD,0.0,0.00,0.00,0,BUY PE,BUY PE,BUY PE
OPEN,2026-05-16,09:00:12,23600,PE,BUY PE,44.4,23643.50,132.55,23591.0,23670.0,9.0,,0.00,0.00,,0.0,0.00,0.00,0,BUY PE,BUY PE,BUY PE
EXIT,2026-05-16,09:00:12,23600,PE,BUY PE,44.4,23643.50,132.55,23591.0,23670.0,9.0,09:10:12,23643.50,132.55,TIMEOUT,10.0,0.00,0.00,0,BUY PE,BUY PE,BUY PE
OPEN,2026-05-16,09:11:12,23600,PE,BUY PE,44.4,23643.50,132.55,23591.0,23670.0,9.0,,0.00,0.00,,0.0,0.00,0.00,0,BUY PE,BUY PE,BUY PE
EXIT,2026-05-16,09:11:12,23600,PE,BUY PE,44.4,23643.50,132.55,23591.0,23670.0,9.0,09:20:12,23643.50,132.55,TIMEOUT,9.0,0.00,0.00,0,BUY PE,BUY PE,BUY PE
OPEN,2026-05-16,09:21:12,23600,PE,BUY PE,43.6,23643.50,132.55,23591.0,23670.0,9.0,,0.00,0.00,,0.0,0.00,0.00,0,BUY PE,BUY PE,BUY PE
EXIT,2026-05-16,09:21:12,23600,PE,BUY PE,43.6,23643.50,132.55,23591.0,23670.0,9.0,09:30:12,23643.50,132.55,TIMEOUT,9.0,0.00,0.00,0,BUY PE,BUY PE,BUY PE
OPEN,2026-05-16,09:31:12,23600,PE,BUY PE,43.3,23643.50,132.55,23591.0,23670.0,9.0,,0.00,0.00,,0.0,0.00,0.00,0,BUY PE,BUY PE,BUY PE
EXIT,2026-05-16,09:31:12,23600,PE,BUY PE,43.3,23643.50,132.55,23591.0,23670.0,9.0,09:41:12,23643.50,132.55,TIMEOUT,10.0,0.00,0.00,0,BUY PE,BUY PE,BUY PE
OPEN,2026-05-16,09:42:12,23600,PE,BUY PE,41.4,23643.50,132.55,23591.0,23670.0,9.0,,0.00,0.00,,0.0,0.00,0.00,0,BUY PE,BUY PE,BUY PE
EXIT,2026-05-16,09:42:12,23600,PE,BUY PE,41.4,23643.50,132.55,23591.0,23670.0,9.0,09:51:12,23643.50,132.55,TIMEOUT,9.0,0.00,0.00,0,BUY PE,BUY PE,BUY PE
OPEN,2026-05-16,09:52:12,23600,PE,BUY PE,40.5,23643.50,132.55,23591.0,23670.0,9.0,,0.00,0.00,,0.0,0.00,0.00,0,BUY PE,BUY PE,NO TRADE
EXIT,2026-05-16,09:52:12,23600,PE,BUY PE,40.5,23643.50,132.55,23591.0,23670.0,9.0,10:01:12,23643.50,132.55,TIMEOUT,9.0,0.00,0.00,0,BUY PE,BUY PE,NO TRADE
OPEN,2026-05-16,10:02:12,23600,PE,BUY PE,39.0,23643.50,132.55,23591.0,23670.0,9.0,,0.00,0.00,,0.0,0.00,0.00,0,BUY PE,BUY PE,BUY PE
EXIT,2026-05-16,10:02:12,23600,PE,BUY PE,39.0,23643.50,132.55,23591.0,23670.0,9.0,10:12:12,23643.50,132.55,TIMEOUT,10.0,0.00,0.00,0,BUY PE,BUY PE,BUY PE
OPEN,2026-05-16,10:13:12,23600,PE,BUY PE,38.9,23643.50,132.55,23591.0,23670.0,9.0,,0.00,0.00,,0.0,0.00,0.00,0,BUY PE,BUY PE,BUY PE
EXIT,2026-05-16,10:13:12,23600,PE,BUY PE,38.9,23643.50,132.55,23591.0,23670.0,9.0,10:22:12,23643.50,132.55,TIMEOUT,9.0,0.00,0.00,0,BUY PE,BUY PE,BUY PE
OPEN,2026-05-16,10:23:12,23600,PE,BUY PE,39.1,23643.50,132.55,23591.0,23670.0,9.0,,0.00,0.00,,0.0,0.00,0.00,0,BUY PE,BUY PE,BUY PE
EXIT,2026-05-16,10:23:12,23600,PE,BUY PE,39.1,23643.50,132.55,23591.0,23670.0,9.0,10:32:12,23643.50,132.55,TIMEOUT,9.0,0.00,0.00,0,BUY PE,BUY PE,BUY PE
OPEN,2026-05-16,10:33:12,23600,PE,BUY PE,39.1,23643.50,132.55,23591.0,23670.0,9.0,,0.00,0.00,,0.0,0.00,0.00,0,BUY PE,BUY PE,BUY PE
EXIT,2026-05-16,10:33:12,23600,PE,BUY PE,39.1,23643.50,132.55,23591.0,23670.0,9.0,10:42:12,23643.50,132.55,TIMEOUT,9.0,0.00,0.00,0,BUY PE,BUY PE,BUY PE
OPEN,2026-05-16,10:43:12,23600,PE,BUY PE,39.1,23643.50,132.55,23591.0,23670.0,9.0,,0.00,0.00,,0.0,0.00,0.00,0,BUY PE,BUY PE,BUY PE
EXIT,2026-05-16,10:43:12,23600,PE,BUY PE,39.1,23643.50,132.55,23591.0,23670.0,9.0,10:52:12,23643.50,132.55,TIMEOUT,9.0,0.00,0.00,0,BUY PE,BUY PE,BUY PE
OPEN,2026-05-16,10:53:12,23600,PE,BUY PE,39.0,23643.50,132.55,23591.0,23670.0,9.0,,0.00,0.00,,0.0,0.00,0.00,0,BUY PE,BUY PE,BUY PE
EXIT,2026-05-16,10:53:12,23600,PE,BUY PE,39.0,23643.50,132.55,23591.0,23670.0,9.0,11:02:12,23643.50,132.55,TIMEOUT,9.0,0.00,0.00,0,BUY PE,BUY PE,BUY PE
OPEN,2026-05-16,11:03:12,23600,PE,BUY PE,40.7,23643.50,132.55,23591.0,23670.0,9.0,,0.00,0.00,,0.0,0.00,0.00,0,BUY PE,BUY PE,BUY PE
EXIT,2026-05-16,11:03:12,23600,PE,BUY PE,40.7,23643.50,132.55,23591.0,23670.0,9.0,11:13:12,23643.50,132.55,TIMEOUT,10.0,0.00,0.00,0,BUY PE,BUY PE,BUY PE
OPEN,2026-05-16,11:14:12,23600,PE,BUY PE,40.5,23643.50,132.55,23591.0,23670.0,9.0,,0.00,0.00,,0.0,0.00,0.00,0,BUY PE,BUY PE,BUY PE
EXIT,2026-05-16,11:14:12,23600,PE,BUY PE,40.5,23643.50,132.55,23591.0,23670.0,9.0,11:24:12,23643.50,132.55,TIMEOUT,10.0,0.00,0.00,0,BUY PE,BUY PE,BUY PE
OPEN,2026-05-16,11:25:12,23600,PE,BUY PE,40.4,23643.50,132.55,23591.0,23670.0,9.0,,0.00,0.00,,0.0,0.00,0.00,0,BUY PE,BUY PE,BUY PE
EXIT,2026-05-16,11:25:12,23600,PE,BUY PE,40.4,23643.50,132.55,23591.0,23670.0,9.0,11:34:12,23643.50,132.55,TIMEOUT,9.0,0.00,0.00,0,BUY PE,BUY PE,BUY PE
OPEN,2026-05-16,11:35:12,23600,PE,BUY PE,40.3,23643.50,132.55,23591.0,23670.0,9.0,,0.00,0.00,,0.0,0.00,0.00,0,BUY PE,BUY PE,BUY PE
EXIT,2026-05-16,11:35:12,23600,PE,BUY PE,40.3,23643.50,132.55,23591.0,23670.0,9.0,11:44:12,23643.50,132.55,TIMEOUT,9.0,0.00,0.00,0,BUY PE,BUY PE,BUY PE
OPEN,2026-05-16,11:45:12,23600,PE,BUY PE,40.5,23643.50,132.55,23591.0,23670.0,9.0,,0.00,0.00,,0.0,0.00,0.00,0,BUY PE,BUY PE,BUY PE
EXIT,2026-05-16,11:45:12,23600,PE,BUY PE,40.5,23643.50,132.55,23591.0,23670.0,9.0,11:54:12,23643.50,132.55,TIMEOUT,9.0,0.00,0.00,0,BUY PE,BUY PE,BUY PE
OPEN,2026-05-16,11:55:12,23600,PE,BUY PE,40.9,23643.50,132.55,23591.0,23670.0,9.0,,0.00,0.00,,0.0,0.00,0.00,0,BUY PE,BUY PE,BUY PE
EXIT,2026-05-16,11:55:12,23600,PE,BUY PE,40.9,23643.50,132.55,23591.0,23670.0,9.0,12:05:12,23643.50,132.55,TIMEOUT,10.0,0.00,0.00,0,BUY PE,BUY PE,BUY PE
OPEN,2026-05-16,12:06:12,23600,PE,BUY PE,40.7,23643.50,132.55,23591.0,23670.0,9.0,,0.00,0.00,,0.0,0.00,0.00,0,BUY PE,BUY PE,BUY PE
EXIT,2026-05-16,12:06:12,23600,PE,BUY PE,40.7,23643.50,132.55,23591.0,23670.0,9.0,12:16:12,23643.50,132.55,TIMEOUT,10.0,0.00,0.00,0,BUY PE,BUY PE,BUY PE
OPEN,2026-05-16,12:17:12,23600,PE,BUY PE,41.2,23643.50,132.55,23591.0,23670.0,9.0,,0.00,0.00,,0.0,0.00,0.00,0,BUY PE,BUY PE,BUY PE
EXIT,2026-05-16,12:17:12,23600,PE,BUY PE,41.2,23643.50,132.55,23591.0,23670.0,9.0,12:27:12,23643.50,132.55,TIMEOUT,10.0,0.00,0.00,0,BUY PE,BUY PE,BUY PE
OPEN,2026-05-16,12:28:12,23600,PE,BUY PE,42.0,23643.50,132.55,23591.0,23670.0,9.0,,0.00,0.00,,0.0,0.00,0.00,0,BUY PE,BUY PE,BUY PE
EXIT,2026-05-16,12:28:12,23600,PE,BUY PE,42.0,23643.50,132.55,23591.0,23670.0,9.0,12:38:12,23643.50,132.55,TIMEOUT,10.0,0.00,0.00,0,BUY PE,BUY PE,BUY PE
OPEN,2026-05-16,12:39:12,23600,PE,BUY PE,43.2,23643.50,132.55,23591.0,23670.0,9.0,,0.00,0.00,,0.0,0.00,0.00,0,BUY PE,BUY PE,BUY PE
EXIT,2026-05-16,12:39:12,23600,PE,BUY PE,43.2,23643.50,132.55,23591.0,23670.0,9.0,12:49:12,23643.50,132.55,TIMEOUT,10.0,0.00,0.00,0,BUY PE,BUY PE,BUY PE
OPEN,2026-05-16,12:50:12,23600,PE,BUY PE,43.3,23643.50,132.55,23591.0,23670.0,9.0,,0.00,0.00,,0.0,0.00,0.00,0,BUY PE,BUY PE,BUY PE
EXIT,2026-05-16,12:50:12,23600,PE,BUY PE,43.3,23643.50,132.55,23591.0,23670.0,9.0,13:00:12,23643.50,132.55,TIMEOUT,10.0,0.00,0.00,0,BUY PE,BUY PE,BUY PE
OPEN,2026-05-16,13:01:12,23600,PE,BUY PE,43.5,23643.50,132.55,23591.0,23670.0,9.0,,0.00,0.00,,0.0,0.00,0.00,0,BUY PE,BUY PE,BUY PE
EXIT,2026-05-16,13:01:12,23600,PE,BUY PE,43.5,23643.50,132.55,23591.0,23670.0,9.0,13:10:12,23643.50,132.55,TIMEOUT,9.0,0.00,0.00,0,BUY PE,BUY PE,BUY PE
OPEN,2026-05-16,13:11:12,23600,PE,BUY PE,44.7,23643.50,132.55,23591.0,23670.0,9.0,,0.00,0.00,,0.0,0.00,0.00,0,BUY PE,BUY PE,BUY PE
OPEN,2026-05-16,13:15:12,23650,PE,BUY PE,45.2,23643.50,154.20,23591.0,23670.0,9.0,,0.00,0.00,,0.0,0.00,0.00,0,BUY PE,BUY PE,BUY PE
EXIT,2026-05-16,13:11:12,23600,PE,BUY PE,44.7,23643.50,132.55,23591.0,23670.0,9.0,13:20:12,23643.50,132.55,TIMEOUT,9.0,0.00,0.00,0,BUY PE,BUY PE,BUY PE
OPEN,2026-05-16,13:23:12,23600,PE,BUY PE,44.9,23643.50,132.55,23591.0,23670.0,9.0,,0.00,0.00,,0.0,0.00,0.00,0,BUY PE,BUY PE,BUY PE
EXIT,2026-05-16,13:15:12,23650,PE,BUY PE,45.2,23643.50,154.20,23591.0,23670.0,9.0,13:24:12,23643.50,154.20,TIMEOUT,9.0,0.00,0.00,0,BUY PE,BUY PE,BUY PE
EXIT,2026-05-16,13:23:12,23600,PE,BUY PE,44.9,23643.50,132.55,23591.0,23670.0,9.0,13:32:12,23643.50,132.55,TIMEOUT,9.0,0.00,0.00,0,BUY PE,BUY PE,BUY PE
OPEN,2026-05-16,13:33:12,23600,PE,BUY PE,44.6,23643.50,132.55,23591.0,23670.0,9.0,,0.00,0.00,,0.0,0.00,0.00,0,BUY PE,BUY PE,BUY PE
EXIT,2026-05-16,13:33:12,23600,PE,BUY PE,44.6,23643.50,132.55,23591.0,23670.0,9.0,13:42:12,23643.50,132.55,TIMEOUT,9.0,0.00,0.00,0,BUY PE,BUY PE,BUY PE
OPEN,2026-05-16,13:43:12,23600,PE,BUY PE,43.7,23643.50,132.55,23591.0,23670.0,9.0,,0.00,0.00,,0.0,0.00,0.00,0,BUY PE,BUY PE,BUY PE
EXIT,2026-05-16,13:43:12,23600,PE,BUY PE,43.7,23643.50,132.55,23591.0,23670.0,9.0,13:53:12,23643.50,132.55,TIMEOUT,10.0,0.00,0.00,0,BUY PE,BUY PE,BUY PE
OPEN,2026-05-16,13:54:12,23600,PE,BUY PE,44.2,23643.50,132.55,23591.0,23670.0,9.0,,0.00,0.00,,0.0,0.00,0.00,0,BUY PE,BUY PE,BUY PE
EXIT,2026-05-16,13:54:12,23600,PE,BUY PE,44.2,23643.50,132.55,23591.0,23670.0,9.0,14:03:12,23643.50,132.55,TIMEOUT,9.0,0.00,0.00,0,BUY PE,BUY PE,BUY PE
OPEN,2026-05-16,14:04:12,23600,PE,BUY PE,44.1,23643.50,132.55,23591.0,23670.0,9.0,,0.00,0.00,,0.0,0.00,0.00,0,BUY PE,BUY PE,BUY PE
EXIT,2026-05-16,14:04:12,23600,PE,BUY PE,44.1,23643.50,132.55,23591.0,23670.0,9.0,14:14:12,23643.50,132.55,TIMEOUT,10.0,0.00,0.00,0,BUY PE,BUY PE,BUY PE
OPEN,2026-05-16,14:15:12,23600,PE,BUY PE,44.2,23643.50,132.55,23591.0,23670.0,9.0,,0.00,0.00,,0.0,0.00,0.00,0,BUY PE,BUY PE,BUY PE
EXIT,2026-05-16,14:15:12,23600,PE,BUY PE,44.2,23643.50,132.55,23591.0,23670.0,9.0,14:24:12,23643.50,132.55,TIMEOUT,9.0,0.00,0.00,0,BUY PE,BUY PE,BUY PE
OPEN,2026-05-16,14:25:12,23600,PE,BUY PE,44.2,23643.50,132.55,23591.0,23670.0,9.0,,0.00,0.00,,0.0,0.00,0.00,0,BUY PE,BUY PE,BUY PE
EXIT,2026-05-16,14:25:12,23600,PE,BUY PE,44.2,23643.50,132.55,23591.0,23670.0,9.0,14:35:12,23643.50,132.55,TIMEOUT,10.0,0.00,0.00,0,BUY PE,BUY PE,BUY PE
OPEN,2026-05-16,14:36:12,23600,PE,BUY PE,44.2,23643.50,132.55,23591.0,23670.0,9.0,,0.00,0.00,,0.0,0.00,0.00,0,BUY PE,BUY PE,BUY PE
EXIT,2026-05-16,14:36:12,23600,PE,BUY PE,44.2,23643.50,132.55,23591.0,23670.0,9.0,14:46:12,23643.50,132.55,TIMEOUT,10.0,0.00,0.00,0,BUY PE,BUY PE,BUY PE
OPEN,2026-05-16,14:47:12,23600,PE,BUY PE,44.1,23643.50,132.55,23591.0,23670.0,9.0,,0.00,0.00,,0.0,0.00,0.00,0,BUY PE,BUY PE,BUY PE
EXIT,2026-05-16,14:47:12,23600,PE,BUY PE,44.1,23643.50,132.55,23591.0,23670.0,9.0,14:56:12,23643.50,132.55,TIMEOUT,9.0,0.00,0.00,0,BUY PE,BUY PE,BUY PE
OPEN,2026-05-16,14:57:12,23600,PE,BUY PE,44.1,23643.50,132.55,23591.0,23670.0,9.0,,0.00,0.00,,0.0,0.00,0.00,0,BUY PE,BUY PE,BUY PE
OPEN,2026-05-16,15:00:12,23650,PE,BUY PE,47.0,23643.50,154.20,23591.0,23670.0,9.0,,0.00,0.00,,0.0,0.00,0.00,0,BUY PE,BUY PE,BUY PE
EXIT,2026-05-16,14:57:12,23600,PE,BUY PE,44.1,23643.50,132.55,23591.0,23670.0,9.0,15:07:12,23643.50,132.55,TIMEOUT,10.0,0.00,0.00,0,BUY PE,BUY PE,BUY PE
EXIT,2026-05-16,15:00:12,23650,PE,BUY PE,47.0,23643.50,154.20,23591.0,23670.0,9.0,15:10:12,23643.50,154.20,TIMEOUT,10.0,0.00,0.00,0,BUY PE,BUY PE,BUY PE
OPEN,2026-05-16,15:11:12,23650,PE,BUY PE,47.3,23643.50,154.20,23591.0,23670.0,9.0,,0.00,0.00,,0.0,0.00,0.00,0,BUY PE,BUY PE,BUY PE
EXIT,2026-05-16,15:11:12,23650,PE,BUY PE,47.3,23643.50,154.20,23591.0,23670.0,9.0,15:20:12,23643.50,154.20,TIMEOUT,9.0,0.00,0.00,0,BUY PE,BUY PE,BUY PE
OPEN,2026-05-16,15:21:12,23650,PE,BUY PE,47.8,23643.50,154.20,23591.0,23670.0,8.0,,0.00,0.00,,0.0,0.00,0.00,0,BUY PE,BUY PE,BUY PE
EXIT,2026-05-16,15:21:12,23650,PE,BUY PE,47.8,23643.50,154.20,23591.0,23670.0,8.0,15:29:12,23643.50,154.20,TIMEOUT,8.0,0.00,0.00,0,BUY PE,BUY PE,BUY PE
OPEN,2026-05-16,15:30:12,23650,PE,BUY PE,47.8,23643.50,154.20,23591.0,23670.0,25.0,,0.00,0.00,,0.0,0.00,0.00,0,BUY PE,BUY PE,BUY PE
EXIT,2026-05-16,15:30:12,23650,PE,BUY PE,47.8,23643.50,154.20,23591.0,23670.0,25.0,15:30:12,23643.50,154.20,EOD,0.0,0.00,0.00,0,BUY PE,BUY PE,BUY PE
OPEN,2026-05-17,09:00:12,23600,PE,BUY PE,44.4,23643.50,132.55,23591.0,23670.0,9.0,,0.00,0.00,,0.0,0.00,0.00,0,BUY PE,BUY PE,BUY PE
EXIT,2026-05-17,09:00:12,23600,PE,BUY PE,44.4,23643.50,132.55,23591.0,23670.0,9.0,09:10:12,23643.50,132.55,TIMEOUT,10.0,0.00,0.00,0,BUY PE,BUY PE,BUY PE
OPEN,2026-05-17,09:11:12,23600,PE,BUY PE,44.4,23643.50,132.55,23591.0,23670.0,9.0,,0.00,0.00,,0.0,0.00,0.00,0,BUY PE,BUY PE,BUY PE
EXIT,2026-05-17,09:11:12,23600,PE,BUY PE,44.4,23643.50,132.55,23591.0,23670.0,9.0,09:21:12,23643.50,132.55,TIMEOUT,10.0,0.00,0.00,0,BUY PE,BUY PE,BUY PE
OPEN,2026-05-17,09:22:12,23600,PE,BUY PE,43.6,23643.50,132.55,23591.0,23670.0,9.0,,0.00,0.00,,0.0,0.00,0.00,0,BUY PE,BUY PE,BUY PE
EXIT,2026-05-17,09:22:12,23600,PE,BUY PE,43.6,23643.50,132.55,23591.0,23670.0,9.0,09:32:12,23643.50,132.55,TIMEOUT,10.0,0.00,0.00,0,BUY PE,BUY PE,BUY PE
OPEN,2026-05-17,09:33:12,23600,PE,BUY PE,43.2,23643.50,132.55,23591.0,23670.0,9.0,,0.00,0.00,,0.0,0.00,0.00,0,BUY PE,BUY PE,BUY PE
EXIT,2026-05-17,09:33:12,23600,PE,BUY PE,43.2,23643.50,132.55,23591.0,23670.0,9.0,09:43:12,23643.50,132.55,TIMEOUT,10.0,0.00,0.00,0,BUY PE,BUY PE,BUY PE
OPEN,2026-05-17,09:44:12,23600,PE,BUY PE,41.3,23643.50,132.55,23591.0,23670.0,9.0,,0.00,0.00,,0.0,0.00,0.00,0,BUY PE,BUY PE,BUY PE
EXIT,2026-05-17,09:44:12,23600,PE,BUY PE,41.3,23643.50,132.55,23591.0,23670.0,9.0,09:53:12,23643.50,132.55,TIMEOUT,9.0,0.00,0.00,0,BUY PE,BUY PE,BUY PE
OPEN,2026-05-17,09:54:12,23600,PE,BUY PE,40.5,23643.50,132.55,23591.0,23670.0,9.0,,0.00,0.00,,0.0,0.00,0.00,0,BUY PE,BUY PE,BUY PE
EXIT,2026-05-17,09:54:12,23600,PE,BUY PE,40.5,23643.50,132.55,23591.0,23670.0,9.0,10:04:12,23643.50,132.55,TIMEOUT,10.0,0.00,0.00,0,BUY PE,BUY PE,BUY PE
OPEN,2026-05-17,10:05:12,23600,PE,BUY PE,38.9,23643.50,132.55,23591.0,23670.0,9.0,,0.00,0.00,,0.0,0.00,0.00,0,BUY PE,BUY PE,BUY PE
EXIT,2026-05-17,10:05:12,23600,PE,BUY PE,38.9,23643.50,132.55,23591.0,23670.0,9.0,10:14:12,23643.50,132.55,TIMEOUT,9.0,0.00,0.00,0,BUY PE,BUY PE,BUY PE
OPEN,2026-05-17,10:15:12,23600,PE,BUY PE,39.1,23643.50,132.55,23591.0,23670.0,9.0,,0.00,0.00,,0.0,0.00,0.00,0,BUY PE,BUY PE,BUY PE
EXIT,2026-05-17,10:15:12,23600,PE,BUY PE,39.1,23643.50,132.55,23591.0,23670.0,9.0,10:25:12,23643.50,132.55,TIMEOUT,10.0,0.00,0.00,0,BUY PE,BUY PE,BUY PE
OPEN,2026-05-17,10:26:12,23600,PE,BUY PE,39.1,23643.50,132.55,23591.0,23670.0,9.0,,0.00,0.00,,0.0,0.00,0.00,0,BUY PE,BUY PE,BUY PE
EXIT,2026-05-17,10:26:12,23600,PE,BUY PE,39.1,23643.50,132.55,23591.0,23670.0,9.0,10:36:12,23643.50,132.55,TIMEOUT,10.0,0.00,0.00,0,BUY PE,BUY PE,BUY PE
OPEN,2026-05-17,10:37:12,23600,PE,BUY PE,39.1,23643.50,132.55,23591.0,23670.0,9.0,,0.00,0.00,,0.0,0.00,0.00,0,BUY PE,BUY PE,BUY PE
EXIT,2026-05-17,10:37:12,23600,PE,BUY PE,39.1,23643.50,132.55,23591.0,23670.0,9.0,10:47:12,23643.50,132.55,TIMEOUT,10.0,0.00,0.00,0,BUY PE,BUY PE,BUY PE
OPEN,2026-05-17,10:48:12,23600,PE,BUY PE,39.0,23643.50,132.55,23591.0,23670.0,9.0,,0.00,0.00,,0.0,0.00,0.00,0,BUY PE,BUY PE,BUY PE
EXIT,2026-05-17,10:48:12,23600,PE,BUY PE,39.0,23643.50,132.55,23591.0,23670.0,9.0,10:58:12,23643.50,132.55,TIMEOUT,10.0,0.00,0.00,0,BUY PE,BUY PE,BUY PE
OPEN,2026-05-17,10:59:12,23600,PE,BUY PE,40.7,23643.50,132.55,23591.0,23670.0,9.0,,0.00,0.00,,0.0,0.00,0.00,0,BUY PE,BUY PE,BUY PE
EXIT,2026-05-17,10:59:12,23600,PE,BUY PE,40.7,23643.50,132.55,23591.0,23670.0,9.0,11:08:12,23643.50,132.55,TIMEOUT,9.0,0.00,0.00,0,BUY PE,BUY PE,BUY PE
OPEN,2026-05-17,11:09:12,23600,PE,BUY PE,40.7,23643.50,132.55,23591.0,23670.0,9.0,,0.00,0.00,,0.0,0.00,0.00,0,BUY PE,BUY PE,BUY PE
EXIT,2026-05-17,11:09:12,23600,PE,BUY PE,40.7,23643.50,132.55,23591.0,23670.0,9.0,11:19:12,23643.50,132.55,TIMEOUT,10.0,0.00,0.00,0,BUY PE,BUY PE,BUY PE
OPEN,2026-05-17,11:20:12,23600,PE,BUY PE,40.3,23643.50,132.55,23591.0,23670.0,9.0,,0.00,0.00,,0.0,0.00,0.00,0,BUY PE,BUY PE,BUY PE
EXIT,2026-05-17,11:20:12,23600,PE,BUY PE,40.3,23643.50,132.55,23591.0,23670.0,9.0,11:29:12,23643.50,132.55,TIMEOUT,9.0,0.00,0.00,0,BUY PE,BUY PE,BUY PE
OPEN,2026-05-17,11:30:12,23600,PE,BUY PE,40.3,23643.50,132.55,23591.0,23670.0,9.0,,0.00,0.00,,0.0,0.00,0.00,0,BUY PE,BUY PE,BUY PE
EXIT,2026-05-17,11:30:12,23600,PE,BUY PE,40.3,23643.50,132.55,23591.0,23670.0,9.0,11:40:12,23643.50,132.55,TIMEOUT,10.0,0.00,0.00,0,BUY PE,BUY PE,BUY PE
OPEN,2026-05-17,11:41:12,23600,PE,BUY PE,40.3,23643.50,132.55,23591.0,23670.0,9.0,,0.00,0.00,,0.0,0.00,0.00,0,BUY PE,BUY PE,BUY PE
EXIT,2026-05-17,11:41:12,23600,PE,BUY PE,40.3,23643.50,132.55,23591.0,23670.0,9.0,11:50:12,23643.50,132.55,TIMEOUT,9.0,0.00,0.00,0,BUY PE,BUY PE,BUY PE
OPEN,2026-05-17,11:51:12,23600,PE,BUY PE,40.8,23643.50,132.55,23591.0,23670.0,9.0,,0.00,0.00,,0.0,0.00,0.00,0,BUY PE,BUY PE,BUY PE
EXIT,2026-05-17,11:51:12,23600,PE,BUY PE,40.8,23643.50,132.55,23591.0,23670.0,9.0,12:00:12,23643.50,132.55,TIMEOUT,9.0,0.00,0.00,0,BUY PE,BUY PE,BUY PE
OPEN,2026-05-17,12:01:12,23600,PE,BUY PE,40.8,23643.50,132.55,23591.0,23670.0,9.0,,0.00,0.00,,0.0,0.00,0.00,0,BUY PE,BUY PE,BUY PE
EXIT,2026-05-17,12:01:12,23600,PE,BUY PE,40.8,23643.50,132.55,23591.0,23670.0,9.0,12:11:12,23643.50,132.55,TIMEOUT,10.0,0.00,0.00,0,BUY PE,BUY PE,BUY PE
OPEN,2026-05-17,12:12:12,23600,PE,BUY PE,41.1,23643.50,132.55,23591.0,23670.0,9.0,,0.00,0.00,,0.0,0.00,0.00,0,BUY PE,BUY PE,BUY PE
EXIT,2026-05-17,12:12:12,23600,PE,BUY PE,41.1,23643.50,132.55,23591.0,23670.0,9.0,12:21:12,23643.50,132.55,TIMEOUT,9.0,0.00,0.00,0,BUY PE,BUY PE,BUY PE
OPEN,2026-05-17,12:22:12,23600,PE,BUY PE,41.4,23643.50,132.55,23591.0,23670.0,9.0,,0.00,0.00,,0.0,0.00,0.00,0,BUY PE,BUY PE,BUY PE
EXIT,2026-05-17,12:22:12,23600,PE,BUY PE,41.4,23643.50,132.55,23591.0,23670.0,9.0,12:31:12,23643.50,132.55,TIMEOUT,9.0,0.00,0.00,0,BUY PE,BUY PE,BUY PE
OPEN,2026-05-17,12:32:12,23600,PE,BUY PE,42.7,23643.50,132.55,23591.0,23670.0,9.0,,0.00,0.00,,0.0,0.00,0.00,0,BUY PE,BUY PE,BUY PE
EXIT,2026-05-17,12:32:12,23600,PE,BUY PE,42.7,23643.50,132.55,23591.0,23670.0,9.0,12:41:12,23643.50,132.55,TIMEOUT,9.0,0.00,0.00,0,BUY PE,BUY PE,BUY PE
OPEN,2026-05-17,12:42:12,23600,PE,BUY PE,43.7,23643.50,132.55,23591.0,23670.0,9.0,,0.00,0.00,,0.0,0.00,0.00,0,BUY PE,BUY PE,BUY PE
EXIT,2026-05-17,12:42:12,23600,PE,BUY PE,43.7,23643.50,132.55,23591.0,23670.0,9.0,12:51:12,23643.50,132.55,TIMEOUT,9.0,0.00,0.00,0,BUY PE,BUY PE,BUY PE
OPEN,2026-05-17,12:52:12,23600,PE,BUY PE,43.3,23643.50,132.55,23591.0,23670.0,9.0,,0.00,0.00,,0.0,0.00,0.00,0,BUY PE,BUY PE,BUY PE
EXIT,2026-05-17,12:52:12,23600,PE,BUY PE,43.3,23643.50,132.55,23591.0,23670.0,9.0,13:01:12,23643.50,132.55,TIMEOUT,9.0,0.00,0.00,0,BUY PE,BUY PE,BUY PE
OPEN,2026-05-17,13:02:12,23600,PE,BUY PE,43.5,23643.50,132.55,23591.0,23670.0,9.0,,0.00,0.00,,0.0,0.00,0.00,0,BUY PE,BUY PE,BUY PE
EXIT,2026-05-17,13:02:12,23600,PE,BUY PE,43.5,23643.50,132.55,23591.0,23670.0,9.0,13:12:12,23643.50,132.55,TIMEOUT,10.0,0.00,0.00,0,BUY PE,BUY PE,BUY PE
OPEN,2026-05-17,13:13:12,23600,PE,BUY PE,44.7,23643.50,132.55,23591.0,23670.0,9.0,,0.00,0.00,,0.0,0.00,0.00,0,BUY PE,BUY PE,BUY PE
OPEN,2026-05-17,13:15:12,23650,PE,BUY PE,45.2,23643.50,154.20,23591.0,23670.0,9.0,,0.00,0.00,,0.0,0.00,0.00,0,BUY PE,BUY PE,BUY PE
EXIT,2026-05-17,13:13:12,23600,PE,BUY PE,44.7,23643.50,132.55,23591.0,23670.0,9.0,13:23:12,23643.50,132.55,TIMEOUT,10.0,0.00,0.00,0,BUY PE,BUY PE,BUY PE
OPEN,2026-05-17,13:24:12,23600,PE,BUY PE,44.7,23643.50,132.55,23591.0,23670.0,9.0,,0.00,0.00,,0.0,0.00,0.00,0,BUY PE,BUY PE,BUY PE
EXIT,2026-05-17,13:15:12,23650,PE,BUY PE,45.2,23643.50,154.20,23591.0,23670.0,9.0,13:24:12,23643.50,154.20,TIMEOUT,9.0,0.00,0.00,0,BUY PE,BUY PE,BUY PE
EXIT,2026-05-17,13:24:12,23600,PE,BUY PE,44.7,23643.50,132.55,23591.0,23670.0,9.0,13:34:12,23643.50,132.55,TIMEOUT,10.0,0.00,0.00,0,BUY PE,BUY PE,BUY PE
OPEN,2026-05-17,13:35:12,23600,PE,BUY PE,44.4,23643.50,132.55,23591.0,23670.0,9.0,,0.00,0.00,,0.0,0.00,0.00,0,BUY PE,BUY PE,BUY PE
EXIT,2026-05-17,13:35:12,23600,PE,BUY PE,44.4,23643.50,132.55,23591.0,23670.0,9.0,13:45:12,23643.50,132.55,TIMEOUT,10.0,0.00,0.00,0,BUY PE,BUY PE,BUY PE
OPEN,2026-05-17,13:46:12,23600,PE,BUY PE,43.8,23643.50,132.55,23591.0,23670.0,9.0,,0.00,0.00,,0.0,0.00,0.00,0,BUY PE,BUY PE,BUY PE
EXIT,2026-05-17,13:46:12,23600,PE,BUY PE,43.8,23643.50,132.55,23591.0,23670.0,9.0,13:55:12,23643.50,132.55,TIMEOUT,9.0,0.00,0.00,0,BUY PE,BUY PE,BUY PE
OPEN,2026-05-17,13:56:12,23600,PE,BUY PE,44.2,23643.50,132.55,23591.0,23670.0,9.0,,0.00,0.00,,0.0,0.00,0.00,0,BUY PE,BUY PE,BUY PE
EXIT,2026-05-17,13:56:12,23600,PE,BUY PE,44.2,23643.50,132.55,23591.0,23670.0,9.0,14:05:12,23643.50,132.55,TIMEOUT,9.0,0.00,0.00,0,BUY PE,BUY PE,BUY PE
OPEN,2026-05-17,14:06:12,23600,PE,BUY PE,44.2,23643.50,132.55,23591.0,23670.0,9.0,,0.00,0.00,,0.0,0.00,0.00,0,BUY PE,BUY PE,BUY PE
EXIT,2026-05-17,14:06:12,23600,PE,BUY PE,44.2,23643.50,132.55,23591.0,23670.0,9.0,14:16:12,23643.50,132.55,TIMEOUT,10.0,0.00,0.00,0,BUY PE,BUY PE,BUY PE
OPEN,2026-05-17,14:17:12,23600,PE,BUY PE,44.2,23643.50,132.55,23591.0,23670.0,9.0,,0.00,0.00,,0.0,0.00,0.00,0,BUY PE,BUY PE,BUY PE
EXIT,2026-05-17,14:17:12,23600,PE,BUY PE,44.2,23643.50,132.55,23591.0,23670.0,9.0,14:26:12,23643.50,132.55,TIMEOUT,9.0,0.00,0.00,0,BUY PE,BUY PE,BUY PE
OPEN,2026-05-17,14:27:12,23600,PE,BUY PE,44.2,23643.50,132.55,23591.0,23670.0,9.0,,0.00,0.00,,0.0,0.00,0.00,0,BUY PE,BUY PE,BUY PE
EXIT,2026-05-17,14:27:12,23600,PE,BUY PE,44.2,23643.50,132.55,23591.0,23670.0,9.0,14:37:12,23643.50,132.55,TIMEOUT,10.0,0.00,0.00,0,BUY PE,BUY PE,BUY PE
OPEN,2026-05-17,14:38:12,23600,PE,BUY PE,44.2,23643.50,132.55,23591.0,23670.0,9.0,,0.00,0.00,,0.0,0.00,0.00,0,BUY PE,BUY PE,BUY PE
EXIT,2026-05-17,14:38:12,23600,PE,BUY PE,44.2,23643.50,132.55,23591.0,23670.0,9.0,14:47:12,23643.50,132.55,TIMEOUT,9.0,0.00,0.00,0,BUY PE,BUY PE,BUY PE
OPEN,2026-05-17,14:48:12,23600,PE,BUY PE,44.1,23643.50,132.55,23591.0,23670.0,9.0,,0.00,0.00,,0.0,0.00,0.00,0,BUY PE,BUY PE,BUY PE
EXIT,2026-05-17,14:48:12,23600,PE,BUY PE,44.1,23643.50,132.55,23591.0,23670.0,9.0,14:58:12,23643.50,132.55,TIMEOUT,10.0,0.00,0.00,0,BUY PE,BUY PE,BUY PE
OPEN,2026-05-17,14:59:12,23600,PE,BUY PE,44.1,23643.50,132.55,23591.0,23670.0,9.0,,0.00,0.00,,0.0,0.00,0.00,0,BUY PE,BUY PE,BUY PE
OPEN,2026-05-17,15:00:12,23650,PE,BUY PE,47.0,23643.50,154.20,23591.0,23670.0,9.0,,0.00,0.00,,0.0,0.00,0.00,0,BUY PE,BUY PE,BUY PE
EXIT,2026-05-17,14:59:12,23600,PE,BUY PE,44.1,23643.50,132.55,23591.0,23670.0,9.0,15:08:12,23643.50,132.55,TIMEOUT,9.0,0.00,0.00,0,BUY PE,BUY PE,BUY PE
EXIT,2026-05-17,15:00:12,23650,PE,BUY PE,47.0,23643.50,154.20,23591.0,23670.0,9.0,15:10:12,23643.50,154.20,TIMEOUT,10.0,0.00,0.00,0,BUY PE,BUY PE,BUY PE
OPEN,2026-05-17,15:11:12,23650,PE,BUY PE,47.3,23643.50,154.20,23591.0,23670.0,9.0,,0.00,0.00,,0.0,0.00,0.00,0,BUY PE,BUY PE,BUY PE
EXIT,2026-05-17,15:11:12,23650,PE,BUY PE,47.3,23643.50,154.20,23591.0,23670.0,9.0,15:20:12,23643.50,154.20,TIMEOUT,9.0,0.00,0.00,0,BUY PE,BUY PE,BUY PE
OPEN,2026-05-17,15:21:12,23650,PE,BUY PE,47.8,23643.50,154.20,23591.0,23670.0,8.0,,0.00,0.00,,0.0,0.00,0.00,0,BUY PE,BUY PE,BUY PE
EXIT,2026-05-17,15:21:12,23650,PE,BUY PE,47.8,23643.50,154.20,23591.0,23670.0,8.0,15:30:12,23643.50,154.20,EOD,9.0,0.00,0.00,0,BUY PE,BUY PE,BUY PE
OPEN,2026-05-18,09:00:12,23600,PE,BUY PE,43.9,23643.50,132.55,23591.0,23670.0,9.0,,0.00,0.00,,0.0,0.00,0.00,0,BUY PE,BUY PE,BUY PE
OPEN,2026-05-18,09:08:12,23450,PE,BUY PE,40.7,23482.20,81.35,23406.0,23520.0,9.0,,0.00,0.00,,0.0,0.00,0.00,0,BUY PE,BUY PE,BUY PE
EXIT,2026-05-18,09:00:12,23600,PE,BUY PE,43.9,23643.50,132.55,23591.0,23670.0,9.0,09:08:12,23482.20,132.55,TARGET,8.0,0.68,0.00,0,BUY PE,BUY PE,BUY PE
OPEN,2026-05-18,09:16:12,23400,PE,BUY PE,47.7,23390.20,0.00,23307.0,23432.0,9.0,,0.00,0.00,,0.0,0.00,0.00,0,BUY PE,BUY PE,NO TRADE
EXIT,2026-05-18,09:08:12,23450,PE,BUY PE,40.7,23482.20,81.35,23406.0,23520.0,9.0,09:16:12,23390.20,81.35,TARGET,8.0,0.39,0.00,0,BUY PE,BUY PE,BUY PE
EXIT,2026-05-18,09:16:12,23400,PE,BUY PE,47.7,23390.20,0.00,23307.0,23432.0,9.0,09:25:12,23398.40,131.80,TIMEOUT,9.0,-0.04,0.00,0,BUY PE,BUY PE,NO TRADE
OPEN,2026-05-18,09:26:12,23400,PE,BUY PE,47.8,23384.55,134.25,23305.0,23425.0,9.0,,0.00,0.00,,0.0,0.00,0.00,0,BUY PE,BUY PE,BUY PE
OPEN,2026-05-18,09:29:12,23350,PE,BUY PE,47.0,23372.80,117.90,23292.0,23413.0,9.0,,0.00,0.00,,0.0,0.00,0.00,0,BUY PE,BUY PE,BUY PE
EXIT,2026-05-18,09:26:12,23400,PE,BUY PE,47.8,23384.55,134.25,23305.0,23425.0,9.0,09:35:12,23394.10,148.50,TIMEOUT,9.0,-0.04,10.61,926,BUY PE,BUY PE,BUY PE
OPEN,2026-05-18,09:38:12,23300,PE,BUY PE,42.9,23364.20,100.30,23284.0,23404.0,9.0,,0.00,0.00,,0.0,0.00,0.00,0,BUY PE,BUY PE,BUY CE
EXIT,2026-05-18,09:29:12,23350,PE,BUY PE,47.0,23372.80,117.90,23292.0,23413.0,9.0,09:39:12,23352.30,120.70,TIMEOUT,10.0,0.09,2.37,182,BUY PE,BUY PE,BUY PE
OPEN,2026-05-18,09:44:12,23350,PE,BUY PE,42.4,23383.20,126.45,23302.0,23424.0,9.0,,0.00,0.00,,0.0,0.00,0.00,0,BUY PE,BUY PE,BUY PE
EXIT,2026-05-18,09:38:12,23300,PE,BUY PE,42.9,23364.20,100.30,23284.0,23404.0,9.0,09:47:12,23359.75,103.90,TIMEOUT,9.0,0.02,3.59,234,BUY PE,BUY PE,BUY CE
OPEN,2026-05-18,09:48:12,23300,PE,BUY PE,38.4,23352.75,103.90,23275.0,23392.0,9.0,,0.00,0.00,,0.0,0.00,0.00,0,BUY PE,BUY CE,BUY PE
EXIT,2026-05-18,09:44:12,23350,PE,BUY PE,42.4,23383.20,126.45,23302.0,23424.0,9.0,09:54:12,23326.95,128.95,TIMEOUT,10.0,0.24,1.98,162,BUY PE,BUY PE,BUY PE
EXIT,2026-05-18,09:48:12,23300,PE,BUY PE,38.4,23352.75,103.90,23275.0,23392.0,9.0,09:55:12,23326.95,106.90,FLIP,7.0,0.11,2.89,195,BUY PE,BUY CE,BUY PE
OPEN,2026-05-18,09:55:12,23350,CE,BUY CE,37.4,23324.20,132.30,23400.0,23286.0,18.0,,0.00,0.00,,0.0,0.00,0.00,0,BUY PE,BUY CE,BUY PE
EXIT,2026-05-18,09:55:12,23350,CE,BUY CE,37.4,23324.20,132.30,23400.0,23286.0,18.0,09:56:12,23324.20,132.30,FLIP,1.0,0.00,0.00,0,BUY PE,BUY CE,BUY PE
OPEN,2026-05-18,09:56:12,23300,PE,BUY PE,38.6,23332.05,112.80,23260.0,23368.0,9.0,,0.00,0.00,,0.0,0.00,0.00,0,BUY PE,BUY PE,BUY PE
OPEN,2026-05-18,09:58:12,23250,PE,BUY PE,37.1,23323.60,92.00,23250.0,23361.0,9.0,,0.00,0.00,,0.0,0.00,0.00,0,BUY PE,BUY CE,BUY PE
EXIT,2026-05-18,09:56:12,23300,PE,BUY PE,38.6,23332.05,112.80,23260.0,23368.0,9.0,10:05:12,23363.05,103.60,TIMEOUT,9.0,-0.13,-8.16,-598,BUY PE,BUY PE,BUY PE
EXIT,2026-05-18,09:58:12,23250,PE,BUY PE,37.1,23323.60,92.00,23250.0,23361.0,9.0,10:05:12,23363.05,84.40,SL,7.0,-0.17,-8.26,-494,BUY PE,BUY CE,BUY PE
OPEN,2026-05-18,10:06:12,23300,PE,BUY PE,41.1,23359.75,100.15,23292.0,23394.0,9.0,,0.00,0.00,,0.0,0.00,0.00,0,BUY PE,BUY PE,BUY PE
EXIT,2026-05-18,10:06:12,23300,PE,BUY PE,41.1,23359.75,100.15,23292.0,23394.0,9.0,10:15:12,23358.15,98.50,TIMEOUT,9.0,0.01,-1.65,-107,BUY PE,BUY PE,BUY PE
OPEN,2026-05-18,10:38:12,23400,PE,BUY PE,35.9,23434.40,119.00,23370.0,23466.0,9.0,,0.00,0.00,,0.0,0.00,0.00,0,BUY PE,NO TRADE,BUY CE
OPEN,2026-05-18,10:42:12,23350,PE,BUY PE,36.0,23424.65,91.45,23364.0,23455.0,9.0,,0.00,0.00,,0.0,0.00,0.00,0,BUY PE,NO TRADE,BUY CE
EXIT,2026-05-18,10:38:12,23400,PE,BUY PE,35.9,23434.40,119.00,23370.0,23466.0,9.0,10:48:12,23394.95,120.45,TIMEOUT,10.0,0.17,1.22,94,BUY PE,NO TRADE,BUY CE
EXIT,2026-05-18,10:42:12,23350,PE,BUY PE,36.0,23424.65,91.45,23364.0,23455.0,9.0,10:51:12,23425.75,106.50,TIMEOUT,9.0,-0.00,16.46,978,BUY PE,NO TRADE,BUY CE
OPEN,2026-05-18,10:52:12,23400,PE,BUY PE,35.4,23428.50,120.15,23368.0,23459.0,9.0,,0.00,0.00,,0.0,0.00,0.00,0,BUY PE,NO TRADE,BUY CE
EXIT,2026-05-18,10:52:12,23400,PE,BUY PE,35.4,23428.50,120.15,23368.0,23459.0,9.0,10:57:12,23460.10,101.85,SL,5.0,-0.13,-15.23,-1190,BUY PE,NO TRADE,BUY CE
OPEN,2026-05-18,11:41:12,23600,CE,BUY CE,36.0,23538.10,109.35,23596.0,23509.0,18.0,,0.00,0.00,,0.0,0.00,0.00,0,BUY CE,NO TRADE,NO TRADE
OPEN,2026-05-18,11:48:12,23550,CE,BUY CE,38.8,23514.05,112.25,23573.0,23485.0,18.0,,0.00,0.00,,0.0,0.00,0.00,0,BUY CE,BUY CE,BUY CE
EXIT,2026-05-18,11:41:12,23600,CE,BUY CE,36.0,23538.10,109.35,23596.0,23509.0,18.0,11:49:12,23507.00,89.50,SL,8.0,-0.13,-18.15,-1290,BUY CE,NO TRADE,NO TRADE
EXIT,2026-05-18,11:48:12,23550,CE,BUY CE,38.8,23514.05,112.25,23573.0,23485.0,18.0,11:59:12,23480.95,94.00,SL,11.0,-0.14,-16.26,-1186,BUY CE,BUY CE,BUY CE
OPEN,2026-05-18,12:00:12,23500,CE,BUY CE,37.1,23474.40,117.45,23532.0,23445.0,18.0,,0.00,0.00,,0.0,0.00,0.00,0,BUY CE,BUY CE,BUY CE
OPEN,2026-05-18,12:01:12,23550,CE,BUY CE,36.1,23475.90,81.15,23532.0,23448.0,18.0,,0.00,0.00,,0.0,0.00,0.00,0,BUY CE,NO TRADE,BUY CE
EXIT,2026-05-18,12:00:12,23500,CE,BUY CE,37.1,23474.40,117.45,23532.0,23445.0,18.0,12:19:12,23529.75,128.60,TIMEOUT,19.0,0.24,9.49,725,BUY CE,BUY CE,BUY CE
EXIT,2026-05-18,12:01:12,23550,CE,BUY CE,36.1,23475.90,81.15,23532.0,23448.0,18.0,12:19:12,23529.75,105.05,TIMEOUT,18.0,0.23,29.45,1553,BUY CE,NO TRADE,BUY CE
OPEN,2026-05-18,12:38:12,23650,CE,BUY CE,35.5,23604.40,99.95,23656.0,23578.0,18.0,,0.00,0.00,,0.0,0.00,0.00,0,BUY CE,NO TRADE,BUY CE
OPEN,2026-05-18,12:46:12,23600,CE,BUY CE,38.9,23574.05,110.70,23624.0,23549.0,18.0,,0.00,0.00,,0.0,0.00,0.00,0,BUY CE,BUY CE,BUY CE
EXIT,2026-05-18,12:38:12,23650,CE,BUY CE,35.5,23604.40,99.95,23656.0,23578.0,18.0,12:46:12,23574.05,88.70,SL,8.0,-0.13,-11.26,-731,BUY CE,NO TRADE,BUY CE
OPEN,2026-05-18,12:47:12,23650,CE,BUY CE,37.3,23582.75,85.70,23634.0,23557.0,18.0,,0.00,0.00,,0.0,0.00,0.00,0,BUY CE,BUY CE,NO TRADE
EXIT,2026-05-18,12:46:12,23600,CE,BUY CE,38.9,23574.05,110.70,23624.0,23549.0,18.0,12:56:12,23624.45,111.45,TARGET,10.0,0.21,0.68,49,BUY CE,BUY CE,BUY CE
OPEN,2026-05-18,12:59:12,23700,CE,BUY CE,35.1,23626.25,86.00,23678.0,23600.0,18.0,,0.00,0.00,,0.0,0.00,0.00,0,BUY CE,NO TRADE,BUY CE
EXIT,2026-05-18,12:47:12,23650,CE,BUY CE,37.3,23582.75,85.70,23634.0,23557.0,18.0,13:00:12,23645.80,107.85,TARGET,13.0,0.27,25.85,1440,BUY CE,BUY CE,NO TRADE
OPEN,2026-05-18,13:06:12,23650,CE,BUY CE,40.9,23622.35,122.80,23674.0,23596.0,18.0,,0.00,0.00,,0.0,0.00,0.00,0,BUY PE,BUY CE,BUY CE
EXIT,2026-05-18,12:59:12,23700,CE,BUY CE,35.1,23626.25,86.00,23678.0,23600.0,18.0,13:11:12,23596.90,80.10,SL,12.0,-0.12,-6.86,-384,BUY CE,NO TRADE,BUY CE
EXIT,2026-05-18,13:06:12,23650,CE,BUY CE,40.9,23622.35,122.80,23674.0,23596.0,18.0,13:12:12,23596.90,101.40,FLIP,6.0,-0.11,-17.43,-1391,BUY PE,BUY CE,BUY CE
OPEN,2026-05-18,13:12:12,23550,PE,BUY PE,37.7,23605.15,106.00,23552.0,23632.0,9.0,,0.00,0.00,,0.0,0.00,0.00,0,BUY PE,BUY CE,BUY CE
EXIT,2026-05-18,13:12:12,23550,PE,BUY PE,37.7,23605.15,106.00,23552.0,23632.0,9.0,13:13:12,23605.15,106.00,FLIP,1.0,0.00,0.00,0,BUY PE,BUY CE,BUY CE
OPEN,2026-05-18,13:13:12,23650,CE,BUY CE,37.7,23601.15,93.70,23654.0,23575.0,18.0,,0.00,0.00,,0.0,0.00,0.00,0,BUY PE,BUY CE,BUY CE
EXIT,2026-05-18,13:13:12,23650,CE,BUY CE,37.7,23601.15,93.70,23654.0,23575.0,18.0,13:14:12,23601.15,93.70,FLIP,1.0,0.00,0.00,0,BUY PE,BUY CE,BUY CE
OPEN,2026-05-18,13:14:12,23550,PE,BUY PE,37.2,23607.90,113.40,23555.0,23634.0,9.0,,0.00,0.00,,0.0,0.00,0.00,0,BUY PE,BUY CE,BUY CE
EXIT,2026-05-18,13:14:12,23550,PE,BUY PE,37.2,23607.90,113.40,23555.0,23634.0,9.0,13:15:12,23607.90,113.40,FLIP,1.0,0.00,0.00,0,BUY PE,BUY CE,BUY CE
OPEN,2026-05-18,13:15:12,23650,CE,BUY CE,36.3,23618.15,99.70,23671.0,23592.0,18.0,,0.00,0.00,,0.0,0.00,0.00,0,BUY PE,BUY CE,BUY CE
EXIT,2026-05-18,13:15:12,23650,CE,BUY CE,36.3,23618.15,99.70,23671.0,23592.0,18.0,13:16:12,23618.15,99.70,FLIP,1.0,0.00,0.00,0,BUY PE,BUY CE,BUY CE
OPEN,2026-05-18,13:16:12,23550,PE,BUY PE,35.6,23620.70,108.90,23570.0,23646.0,9.0,,0.00,0.00,,0.0,0.00,0.00,0,BUY PE,BUY CE,BUY PE
EXIT,2026-05-18,13:16:12,23550,PE,BUY PE,35.6,23620.70,108.90,23570.0,23646.0,9.0,13:17:12,23620.70,108.90,FLIP,1.0,0.00,0.00,0,BUY PE,BUY CE,BUY PE
OPEN,2026-05-18,13:17:12,23650,CE,BUY CE,36.2,23622.45,99.70,23673.0,23597.0,18.0,,0.00,0.00,,0.0,0.00,0.00,0,BUY PE,BUY CE,BUY PE
OPEN,2026-05-18,13:19:12,23700,CE,BUY CE,36.4,23626.95,82.25,23678.0,23601.0,18.0,,0.00,0.00,,0.0,0.00,0.00,0,BUY CE,BUY CE,BUY CE
EXIT,2026-05-18,13:19:12,23700,CE,BUY CE,36.4,23626.95,82.25,23678.0,23601.0,18.0,13:23:12,23599.30,76.80,SL,4.0,-0.12,-6.63,-354,BUY CE,BUY CE,BUY CE
OPEN,2026-05-18,13:25:12,23700,CE,BUY CE,36.2,23630.25,75.85,23682.0,23604.0,18.0,,0.00,0.00,,0.0,0.00,0.00,0,BUY PE,BUY CE,BUY PE
EXIT,2026-05-18,13:17:12,23650,CE,BUY CE,36.2,23622.45,99.70,23673.0,23597.0,18.0,13:26:12,23630.25,95.80,FLIP,9.0,0.03,-3.91,-254,BUY PE,BUY CE,BUY PE
EXIT,2026-05-18,13:25:12,23700,CE,BUY CE,36.2,23630.25,75.85,23682.0,23604.0,18.0,13:26:12,23630.25,75.85,FLIP,1.0,0.00,0.00,0,BUY PE,BUY CE,BUY PE
OPEN,2026-05-18,13:26:12,23550,PE,BUY PE,36.6,23623.75,109.65,23574.0,23649.0,9.0,,0.00,0.00,,0.0,0.00,0.00,0,BUY PE,BUY CE,BUY PE
EXIT,2026-05-18,13:26:12,23550,PE,BUY PE,36.6,23623.75,109.65,23574.0,23649.0,9.0,13:27:12,23623.75,109.65,FLIP,1.0,0.00,0.00,0,BUY PE,BUY CE,BUY PE
OPEN,2026-05-18,13:27:12,23700,CE,BUY CE,36.2,23631.00,84.70,23681.0,23606.0,18.0,,0.00,0.00,,0.0,0.00,0.00,0,BUY PE,BUY CE,BUY PE
OPEN,2026-05-18,13:28:12,23650,CE,BUY CE,36.7,23621.50,106.45,23673.0,23596.0,18.0,,0.00,0.00,,0.0,0.00,0.00,0,BUY PE,BUY CE,BUY PE
EXIT,2026-05-18,13:27:12,23700,CE,BUY CE,36.2,23631.00,84.70,23681.0,23606.0,18.0,13:34:12,23623.80,85.25,FLIP,7.0,-0.03,0.65,36,BUY PE,BUY CE,BUY PE
EXIT,2026-05-18,13:28:12,23650,CE,BUY CE,36.7,23621.50,106.45,23673.0,23596.0,18.0,13:34:12,23623.80,107.60,FLIP,6.0,0.01,1.08,75,BUY PE,BUY CE,BUY PE
OPEN,2026-05-18,13:34:12,23550,PE,BUY PE,36.7,23612.15,100.15,23562.0,23637.0,9.0,,0.00,0.00,,0.0,0.00,0.00,0,BUY PE,BUY CE,BUY PE
EXIT,2026-05-18,13:34:12,23550,PE,BUY PE,36.7,23612.15,100.15,23562.0,23637.0,9.0,13:35:12,23612.15,100.15,FLIP,1.0,0.00,0.00,0,BUY PE,BUY CE,BUY PE
OPEN,2026-05-18,13:35:12,23700,CE,BUY CE,36.8,23625.50,85.25,23677.0,23600.0,18.0,,0.00,0.00,,0.0,0.00,0.00,0,BUY PE,BUY CE,BUY CE
OPEN,2026-05-18,13:37:12,23650,CE,BUY CE,40.1,23615.90,109.05,23666.0,23591.0,18.0,,0.00,0.00,,0.0,0.00,0.00,0,BUY CE,BUY CE,BUY PE
EXIT,2026-05-18,13:35:12,23700,CE,BUY CE,36.8,23625.50,85.25,23677.0,23600.0,18.0,13:54:12,23637.65,94.60,TIMEOUT,19.0,0.05,10.97,608,BUY PE,BUY CE,BUY CE
OPEN,2026-05-18,13:56:12,23700,CE,BUY CE,36.9,23649.30,94.60,23696.0,23626.0,18.0,,0.00,0.00,,0.0,0.00,0.00,0,BUY CE,BUY CE,BUY CE
EXIT,2026-05-18,13:37:12,23650,CE,BUY CE,40.1,23615.90,109.05,23666.0,23591.0,18.0,13:56:12,23649.30,117.55,TIMEOUT,19.0,0.14,7.79,552,BUY CE,BUY CE,BUY PE
EXIT,2026-05-18,13:56:12,23700,CE,BUY CE,36.9,23649.30,94.60,23696.0,23626.0,18.0,14:07:12,23637.00,91.00,FLIP,11.0,-0.05,-3.81,-234,BUY CE,BUY CE,BUY CE
OPEN,2026-05-18,14:07:12,23550,PE,BUY PE,38.4,23618.00,91.40,23569.0,23643.0,9.0,,0.00,0.00,,0.0,0.00,0.00,0,BUY CE,BUY PE,BUY PE
EXIT,2026-05-18,14:07:12,23550,PE,BUY PE,38.4,23618.00,91.40,23569.0,23643.0,9.0,14:13:12,23622.45,101.15,FLIP,6.0,-0.02,10.67,634,BUY CE,BUY PE,BUY PE
OPEN,2026-05-18,14:13:12,23700,CE,BUY CE,35.7,23634.20,78.50,23684.0,23609.0,18.0,,0.00,0.00,,0.0,0.00,0.00,0,BUY CE,BUY PE,BUY PE
EXIT,2026-05-18,14:13:12,23700,CE,BUY CE,35.7,23634.20,78.50,23684.0,23609.0,18.0,14:14:12,23634.20,78.50,FLIP,1.0,0.00,0.00,0,BUY CE,BUY PE,BUY PE
OPEN,2026-05-18,14:14:12,23600,PE,BUY PE,36.0,23630.10,117.15,23580.0,23655.0,9.0,,0.00,0.00,,0.0,0.00,0.00,0,BUY CE,BUY PE,BUY PE
OPEN,2026-05-18,14:15:12,23550,PE,BUY PE,40.1,23603.70,95.70,23551.0,23630.0,9.0,,0.00,0.00,,0.0,0.00,0.00,0,BUY PE,BUY PE,BUY PE
EXIT,2026-05-18,14:14:12,23600,PE,BUY PE,36.0,23630.10,117.15,23580.0,23655.0,9.0,14:23:12,23614.10,127.30,TIMEOUT,9.0,0.07,8.66,660,BUY CE,BUY PE,BUY PE
EXIT,2026-05-18,14:15:12,23550,PE,BUY PE,40.1,23603.70,95.70,23551.0,23630.0,9.0,14:25:12,23585.65,111.20,TIMEOUT,10.0,0.08,16.20,1008,BUY PE,BUY PE,BUY PE
OPEN,2026-05-18,14:26:12,23550,PE,BUY PE,42.2,23598.75,111.20,23549.0,23624.0,9.0,,0.00,0.00,,0.0,0.00,0.00,0,BUY PE,BUY PE,BUY PE
EXIT,2026-05-18,14:26:12,23550,PE,BUY PE,42.2,23598.75,111.20,23549.0,23624.0,9.0,14:35:12,23596.35,111.40,TIMEOUT,9.0,0.01,0.18,13,BUY PE,BUY PE,BUY PE
OPEN,2026-05-18,14:36:12,23550,PE,BUY PE,43.1,23595.35,111.40,23545.0,23620.0,9.0,,0.00,0.00,,0.0,0.00,0.00,0,BUY PE,BUY PE,BUY PE
EXIT,2026-05-18,14:36:12,23550,PE,BUY PE,43.1,23595.35,111.40,23545.0,23620.0,9.0,14:45:12,23602.30,102.75,TIMEOUT,9.0,-0.03,-7.76,-562,BUY PE,BUY PE,BUY PE
OPEN,2026-05-18,14:46:12,23550,PE,BUY PE,39.8,23599.00,102.75,23551.0,23623.0,9.0,,0.00,0.00,,0.0,0.00,0.00,0,BUY PE,BUY PE,BUY PE
EXIT,2026-05-18,14:46:12,23550,PE,BUY PE,39.8,23599.00,102.75,23551.0,23623.0,9.0,14:56:12,23582.50,110.05,TIMEOUT,10.0,0.07,7.10,474,BUY PE,BUY PE,BUY PE
OPEN,2026-05-18,14:57:12,23550,PE,BUY PE,39.0,23586.25,108.25,23539.0,23610.0,9.0,,0.00,0.00,,0.0,0.00,0.00,0,BUY PE,BUY PE,BUY PE
EXIT,2026-05-18,14:57:12,23550,PE,BUY PE,39.0,23586.25,108.25,23539.0,23610.0,9.0,15:00:12,23589.45,108.25,FLIP,3.0,-0.01,0.00,0,BUY PE,BUY PE,BUY PE
OPEN,2026-05-18,15:00:12,23600,CE,BUY CE,50.3,23593.55,98.40,23641.0,23570.0,29.0,,0.00,0.00,,0.0,0.00,0.00,0,BUY CE,BUY CE,NO TRADE
OPEN,2026-05-18,15:01:12,23650,CE,BUY CE,56.4,23673.20,75.55,23727.0,23646.0,28.0,,0.00,0.00,,0.0,0.00,0.00,0,BUY CE,BUY CE,BUY CE
EXIT,2026-05-18,15:00:12,23600,CE,BUY CE,50.3,23593.55,98.40,23641.0,23570.0,29.0,15:01:12,23673.20,98.40,TARGET,1.0,0.34,0.00,0,BUY CE,BUY CE,NO TRADE
OPEN,2026-05-18,15:02:12,23700,CE,BUY CE,54.4,23681.30,93.20,23737.0,23653.0,27.0,,0.00,0.00,,0.0,0.00,0.00,0,BUY CE,BUY CE,BUY CE
EXIT,2026-05-18,15:02:12,23700,CE,BUY CE,54.4,23681.30,93.20,23737.0,23653.0,27.0,15:09:12,23640.25,90.75,SL,7.0,-0.17,-2.63,-159,BUY CE,BUY CE,BUY CE
EXIT,2026-05-18,15:01:12,23650,CE,BUY CE,56.4,23673.20,75.55,23727.0,23646.0,28.0,15:09:12,23640.25,115.60,SL,8.0,-0.14,53.01,2603,BUY CE,BUY CE,BUY CE
OPEN,2026-05-18,15:10:12,23650,CE,BUY CE,51.7,23640.65,88.95,23701.0,23611.0,19.0,,0.00,0.00,,0.0,0.00,0.00,0,BUY CE,BUY CE,BUY CE
OPEN,2026-05-18,15:17:12,23600,CE,BUY CE,50.0,23622.70,115.00,23678.0,23595.0,12.0,,0.00,0.00,,0.0,0.00,0.00,0,BUY CE,BUY CE,BUY PE
OPEN,2026-05-19,09:00:12,23600,PE,BUY PE,40.2,23649.95,81.20,23595.0,23677.0,9.0,,0.00,0.00,,0.0,0.00,0.00,0,BUY PE,BUY PE,BUY PE
OPEN,2026-05-19,09:08:12,23650,PE,BUY PE,41.5,23675.30,101.80,23616.0,23705.0,9.0,,0.00,0.00,,0.0,0.00,0.00,0,BUY PE,BUY PE,BUY PE
EXIT,2026-05-19,09:00:12,23600,PE,BUY PE,40.2,23649.95,81.20,23595.0,23677.0,9.0,09:09:12,23675.30,81.20,TIMEOUT,9.0,-0.11,0.00,0,BUY PE,BUY PE,BUY PE
OPEN,2026-05-19,09:16:12,23700,PE,BUY PE,47.7,23711.55,126.70,23650.0,23743.0,9.0,,0.00,0.00,,0.0,0.00,0.00,0,BUY PE,BUY PE,NO TRADE
EXIT,2026-05-19,09:08:12,23650,PE,BUY PE,41.5,23675.30,101.80,23616.0,23705.0,9.0,09:16:12,23711.55,101.80,SL,8.0,-0.15,0.00,0,BUY PE,BUY PE,BUY PE
OPEN,2026-05-19,09:18:12,23750,PE,BUY PE,47.7,23730.30,126.95,23668.0,23761.0,9.0,,0.00,0.00,,0.0,0.00,0.00,0,BUY PE,BUY PE,NO TRADE
EXIT,2026-05-19,09:16:12,23700,PE,BUY PE,47.7,23711.55,126.70,23650.0,23743.0,9.0,09:20:12,23743.85,62.85,SL,4.0,-0.14,-50.39,-4150,BUY PE,BUY PE,NO TRADE
EXIT,2026-05-19,09:18:12,23750,PE,BUY PE,47.7,23730.30,126.95,23668.0,23761.0,9.0,09:28:12,23762.15,67.45,SL,10.0,-0.13,-46.87,-3868,BUY PE,BUY PE,NO TRADE
OPEN,2026-05-19,09:29:12,23750,PE,BUY PE,47.4,23753.40,67.45,23691.0,23784.0,9.0,,0.00,0.00,,0.0,0.00,0.00,0,BUY PE,BUY PE,NO TRADE
OPEN,2026-05-19,09:33:12,23700,PE,BUY PE,45.0,23719.65,48.15,23656.0,23752.0,9.0,,0.00,0.00,,0.0,0.00,0.00,0,BUY PE,BUY PE,BUY PE
OPEN,2026-05-19,09:34:12,23650,PE,BUY PE,41.9,23705.05,31.95,23639.0,23738.0,9.0,,0.00,0.00,,0.0,0.00,0.00,0,BUY PE,BUY PE,BUY PE
EXIT,2026-05-19,09:29:12,23750,PE,BUY PE,47.4,23753.40,67.45,23691.0,23784.0,9.0,09:35:12,23678.25,98.55,TARGET,6.0,0.32,46.11,2021,BUY PE,BUY PE,NO TRADE
OPEN,2026-05-19,09:36:12,23600,PE,BUY PE,42.2,23653.60,33.40,23585.0,23688.0,9.0,,0.00,0.00,,0.0,0.00,0.00,0,BUY PE,BUY PE,BUY CE
EXIT,2026-05-19,09:33:12,23700,PE,BUY PE,45.0,23719.65,48.15,23656.0,23752.0,9.0,09:36:12,23653.60,70.80,TARGET,3.0,0.28,47.04,1472,BUY PE,BUY PE,BUY PE
EXIT,2026-05-19,09:36:12,23600,PE,BUY PE,42.2,23653.60,33.40,23585.0,23688.0,9.0,09:38:12,23707.35,46.95,SL,2.0,-0.23,40.57,881,BUY PE,BUY PE,BUY CE
OPEN,2026-05-19,09:41:12,23750,PE,BUY PE,45.4,23730.45,82.05,23660.0,23765.0,9.0,,0.00,0.00,,0.0,0.00,0.00,0,BUY PE,BUY PE,BUY CE
EXIT,2026-05-19,09:34:12,23650,PE,BUY PE,41.9,23705.05,31.95,23639.0,23738.0,9.0,09:43:12,23743.45,38.25,SL,9.0,-0.16,19.72,410,BUY PE,BUY PE,BUY PE
OPEN,2026-05-19,09:46:12,23700,PE,BUY PE,43.3,23738.55,43.75,23669.0,23774.0,9.0,,0.00,0.00,,0.0,0.00,0.00,0,BUY PE,BUY PE,BUY PE
OPEN,2026-05-19,09:49:12,23650,PE,BUY PE,42.2,23710.85,32.80,23638.0,23747.0,9.0,,0.00,0.00,,0.0,0.00,0.00,0,BUY PE,BUY PE,BUY PE
EXIT,2026-05-19,09:41:12,23750,PE,BUY PE,45.4,23730.45,82.05,23660.0,23765.0,9.0,09:50:12,23720.30,77.20,TIMEOUT,9.0,0.04,-5.91,-315,BUY PE,BUY PE,BUY CE
EXIT,2026-05-19,09:46:12,23700,PE,BUY PE,43.3,23738.55,43.75,23669.0,23774.0,9.0,09:56:12,23688.40,71.80,TIMEOUT,10.0,0.21,64.11,1823,BUY PE,BUY PE,BUY PE
EXIT,2026-05-19,09:49:12,23650,PE,BUY PE,42.2,23710.85,32.80,23638.0,23747.0,9.0,09:58:12,23699.85,49.05,TIMEOUT,9.0,0.05,49.54,1056,BUY PE,BUY PE,BUY PE
OPEN,2026-05-19,09:59:12,23650,PE,BUY PE,40.9,23689.40,49.05,23618.0,23725.0,9.0,,0.00,0.00,,0.0,0.00,0.00,0,BUY PE,BUY PE,BUY PE
OPEN,2026-05-19,10:06:12,23700,PE,BUY PE,40.6,23725.80,57.30,23655.0,23761.0,9.0,,0.00,0.00,,0.0,0.00,0.00,0,BUY PE,BUY PE,BUY PE
EXIT,2026-05-19,09:59:12,23650,PE,BUY PE,40.9,23689.40,49.05,23618.0,23725.0,9.0,10:06:12,23725.80,38.65,SL,7.0,-0.15,-21.20,-676,BUY PE,BUY PE,BUY PE
OPEN,2026-05-19,10:08:12,23650,PE,BUY PE,39.9,23724.00,31.25,23651.0,23761.0,9.0,,0.00,0.00,,0.0,0.00,0.00,0,BUY PE,BUY PE,BUY PE
EXIT,2026-05-19,10:06:12,23700,PE,BUY PE,40.6,23725.80,57.30,23655.0,23761.0,9.0,10:15:12,23756.50,37.15,TIMEOUT,9.0,-0.13,-35.17,-1310,BUY PE,BUY PE,BUY PE
OPEN,2026-05-19,10:16:12,23700,PE,BUY PE,39.8,23758.50,37.15,23691.0,23793.0,9.0,,0.00,0.00,,0.0,0.00,0.00,0,BUY PE,BUY PE,BUY PE
EXIT,2026-05-19,10:08:12,23650,PE,BUY PE,39.9,23724.00,31.25,23651.0,23761.0,9.0,10:17:12,23753.45,23.55,TIMEOUT,9.0,-0.12,-24.64,-500,BUY PE,BUY PE,BUY PE
EXIT,2026-05-19,10:16:12,23700,PE,BUY PE,39.8,23758.50,37.15,23691.0,23793.0,9.0,10:25:12,23744.45,41.15,TIMEOUT,9.0,0.06,10.77,260,BUY PE,BUY PE,BUY PE
OPEN,2026-05-19,10:26:12,23700,PE,BUY PE,36.7,23742.60,41.15,23678.0,23775.0,9.0,,0.00,0.00,,0.0,0.00,0.00,0,BUY PE,BUY PE,BUY PE
EXIT,2026-05-19,10:26:12,23700,PE,BUY PE,36.7,23742.60,41.15,23678.0,23775.0,9.0,10:35:12,23744.70,38.00,TIMEOUT,9.0,-0.01,-7.65,-205,BUY PE,BUY PE,BUY PE
OPEN,2026-05-19,11:15:12,23750,CE,BUY CE,35.1,23717.20,44.90,23777.0,23687.0,18.0,,0.00,0.00,,0.0,0.00,0.00,0,BUY CE,NO TRADE,BUY PE
EXIT,2026-05-19,11:15:12,23750,CE,BUY CE,35.1,23717.20,44.90,23777.0,23687.0,18.0,11:18:12,23705.50,34.35,FLIP,3.0,-0.05,-23.50,-686,BUY CE,NO TRADE,BUY PE
OPEN,2026-05-19,11:18:12,23650,PE,BUY PE,35.4,23704.90,30.80,23646.0,23734.0,9.0,,0.00,0.00,,0.0,0.00,0.00,0,BUY PE,BUY CE,BUY PE
EXIT,2026-05-19,11:18:12,23650,PE,BUY PE,35.4,23704.90,30.80,23646.0,23734.0,9.0,11:27:12,23709.20,29.50,TIMEOUT,9.0,-0.02,-4.22,-85,BUY PE,BUY CE,BUY PE
OPEN,2026-05-19,11:28:12,23650,PE,BUY PE,35.4,23717.75,29.50,23662.0,23746.0,9.0,,0.00,0.00,,0.0,0.00,0.00,0,BUY CE,BUY PE,BUY CE
EXIT,2026-05-19,11:28:12,23650,PE,BUY PE,35.4,23717.75,29.50,23662.0,23746.0,9.0,11:37:12,23709.75,29.75,TIMEOUT,9.0,0.03,0.85,16,BUY CE,BUY PE,BUY CE
OPEN,2026-05-19,11:42:12,23700,PE,BUY PE,35.0,23738.80,39.35,23685.0,23766.0,9.0,,0.00,0.00,,0.0,0.00,0.00,0,NO TRADE,NO TRADE,BUY CE
EXIT,2026-05-19,11:42:12,23700,PE,BUY PE,35.0,23738.80,39.35,23685.0,23766.0,9.0,11:52:12,23757.15,24.75,TIMEOUT,10.0,-0.08,-37.10,-949,NO TRADE,NO TRADE,BUY CE
OPEN,2026-05-19,12:36:12,23700,PE,BUY PE,35.1,23728.75,25.10,23685.0,23751.0,9.0,,0.00,0.00,,0.0,0.00,0.00,0,BUY PE,NO TRADE,BUY PE
EXIT,2026-05-19,12:36:12,23700,PE,BUY PE,35.1,23728.75,25.10,23685.0,23751.0,9.0,12:45:12,23741.75,23.20,TIMEOUT,9.0,-0.05,-7.57,-124,BUY PE,NO TRADE,BUY PE
OPEN,2026-05-19,13:04:12,23750,CE,BUY CE,35.7,23713.05,25.95,23754.0,23693.0,18.0,,0.00,0.00,,0.0,0.00,0.00,0,NO TRADE,BUY CE,NO TRADE
EXIT,2026-05-19,13:04:12,23750,CE,BUY CE,35.7,23713.05,25.95,23754.0,23693.0,18.0,13:12:12,23707.00,20.45,FLIP,8.0,-0.03,-21.19,-358,NO TRADE,BUY CE,NO TRADE
OPEN,2026-05-19,13:12:12,23650,PE,BUY PE,35.5,23713.30,11.75,23672.0,23734.0,9.0,,0.00,0.00,,0.0,0.00,0.00,0,NO TRADE,BUY PE,BUY PE
EXIT,2026-05-19,13:12:12,23650,PE,BUY PE,35.5,23713.30,11.75,23672.0,23734.0,9.0,13:13:12,23713.30,11.75,FLIP,1.0,0.00,0.00,0,NO TRADE,BUY PE,BUY PE
OPEN,2026-05-19,13:13:12,23750,CE,BUY CE,35.7,23714.40,20.45,23755.0,23694.0,18.0,,0.00,0.00,,0.0,0.00,0.00,0,BUY CE,BUY CE,BUY CE
OPEN,2026-05-19,13:22:12,23800,CE,BUY CE,35.1,23730.30,8.05,23771.0,23710.0,18.0,,0.00,0.00,,0.0,0.00,0.00,0,NO TRADE,BUY CE,BUY CE
EXIT,2026-05-19,13:13:12,23750,CE,BUY CE,35.7,23714.40,20.45,23755.0,23694.0,18.0,13:23:12,23730.30,19.90,FLIP,10.0,0.07,-2.69,-36,BUY CE,BUY CE,BUY CE
EXIT,2026-05-19,13:22:12,23800,CE,BUY CE,35.1,23730.30,8.05,23771.0,23710.0,18.0,13:23:12,23730.30,8.05,FLIP,1.0,0.00,0.00,0,NO TRADE,BUY CE,BUY CE
OPEN,2026-05-19,13:23:12,23700,PE,BUY PE,35.2,23726.85,24.30,23686.0,23747.0,9.0,,0.00,0.00,,0.0,0.00,0.00,0,BUY PE,BUY CE,BUY CE
EXIT,2026-05-19,13:23:12,23700,PE,BUY PE,35.2,23726.85,24.30,23686.0,23747.0,9.0,13:24:12,23726.85,24.30,FLIP,1.0,0.00,0.00,0,BUY PE,BUY CE,BUY CE
OPEN,2026-05-19,13:24:12,23750,CE,BUY CE,35.5,23723.75,21.45,23765.0,23703.0,18.0,,0.00,0.00,,0.0,0.00,0.00,0,BUY PE,BUY CE,BUY CE
OPEN,2026-05-19,13:25:12,23800,CE,BUY CE,35.2,23731.65,8.35,23773.0,23711.0,18.0,,0.00,0.00,,0.0,0.00,0.00,0,NO TRADE,BUY CE,NO TRADE
EXIT,2026-05-19,13:24:12,23750,CE,BUY CE,35.5,23723.75,21.45,23765.0,23703.0,18.0,13:37:12,23721.45,18.00,FLIP,13.0,-0.01,-16.08,-224,BUY PE,BUY CE,BUY CE
EXIT,2026-05-19,13:25:12,23800,CE,BUY CE,35.2,23731.65,8.35,23773.0,23711.0,18.0,13:37:12,23721.45,6.50,FLIP,12.0,-0.04,-22.16,-120,NO TRADE,BUY CE,NO TRADE
OPEN,2026-05-19,13:37:12,23650,PE,BUY PE,36.4,23712.80,5.85,23673.0,23733.0,9.0,,0.00,0.00,,0.0,0.00,0.00,0,BUY PE,BUY CE,BUY PE
EXIT,2026-05-19,13:37:12,23650,PE,BUY PE,36.4,23712.80,5.85,23673.0,23733.0,9.0,13:47:12,23707.60,10.45,TIMEOUT,10.0,0.02,78.63,299,BUY PE,BUY CE,BUY PE
OPEN,2026-05-19,13:48:12,23650,PE,BUY PE,38.5,23707.80,10.45,23667.0,23728.0,9.0,,0.00,0.00,,0.0,0.00,0.00,0,BUY PE,BUY PE,BUY PE
EXIT,2026-05-19,13:48:12,23650,PE,BUY PE,38.5,23707.80,10.45,23667.0,23728.0,9.0,13:58:12,23675.05,12.30,TIMEOUT,10.0,0.14,17.70,120,BUY PE,BUY PE,BUY PE
OPEN,2026-05-19,13:59:12,23650,PE,BUY PE,38.4,23685.70,18.75,23644.0,23707.0,9.0,,0.00,0.00,,0.0,0.00,0.00,0,BUY CE,BUY PE,BUY PE
EXIT,2026-05-19,13:59:12,23650,PE,BUY PE,38.4,23685.70,18.75,23644.0,23707.0,9.0,14:04:12,23712.20,7.70,SL,5.0,-0.11,-58.93,-718,BUY CE,BUY PE,BUY PE
OPEN,2026-05-19,14:05:12,23650,PE,BUY PE,37.9,23716.30,7.70,23673.0,23738.0,9.0,,0.00,0.00,,0.0,0.00,0.00,0,BUY CE,BUY PE,BUY CE
EXIT,2026-05-19,14:05:12,23650,PE,BUY PE,37.9,23716.30,7.70,23673.0,23738.0,9.0,14:15:12,23717.40,3.75,TIMEOUT,10.0,-0.00,-51.30,-257,BUY CE,BUY PE,BUY CE
OPEN,2026-05-19,14:16:12,23700,PE,BUY PE,36.2,23726.70,14.55,23686.0,23747.0,9.0,,0.00,0.00,,0.0,0.00,0.00,0,BUY CE,BUY PE,BUY PE
EXIT,2026-05-19,14:16:12,23700,PE,BUY PE,36.2,23726.70,14.55,23686.0,23747.0,9.0,14:17:12,23726.70,14.55,FLIP,1.0,0.00,0.00,0,BUY CE,BUY PE,BUY PE
OPEN,2026-05-19,14:17:12,23750,CE,BUY CE,36.8,23722.70,7.35,23764.0,23702.0,18.0,,0.00,0.00,,0.0,0.00,0.00,0,BUY CE,BUY CE,BUY PE
EXIT,2026-05-19,14:17:12,23750,CE,BUY CE,36.8,23722.70,7.35,23764.0,23702.0,18.0,14:19:12,23724.90,9.00,FLIP,2.0,0.01,22.45,107,BUY CE,BUY CE,BUY PE
OPEN,2026-05-19,14:19:12,23650,PE,BUY PE,36.9,23723.75,2.65,23682.0,23745.0,9.0,,0.00,0.00,,0.0,0.00,0.00,0,BUY CE,BUY PE,BUY PE
EXIT,2026-05-19,14:19:12,23650,PE,BUY PE,36.9,23723.75,2.65,23682.0,23745.0,9.0,14:22:12,23724.90,2.70,FLIP,3.0,-0.00,1.89,3,BUY CE,BUY PE,BUY PE
OPEN,2026-05-19,14:22:12,23750,CE,BUY CE,36.9,23715.40,8.00,23757.0,23694.0,18.0,,0.00,0.00,,0.0,0.00,0.00,0,BUY PE,BUY CE,BUY CE
EXIT,2026-05-19,14:22:12,23750,CE,BUY CE,36.9,23715.40,8.00,23757.0,23694.0,18.0,14:23:12,23715.40,8.00,FLIP,1.0,0.00,0.00,0,BUY PE,BUY CE,BUY CE
OPEN,2026-05-19,14:23:12,23650,PE,BUY PE,39.4,23708.00,2.70,23665.0,23730.0,9.0,,0.00,0.00,,0.0,0.00,0.00,0,BUY PE,BUY PE,BUY PE
EXIT,2026-05-19,14:23:12,23650,PE,BUY PE,39.4,23708.00,2.70,23665.0,23730.0,9.0,14:27:12,23708.55,3.40,FLIP,4.0,-0.00,25.93,45,BUY PE,BUY PE,BUY PE
OPEN,2026-05-19,14:27:12,23750,CE,BUY CE,37.0,23714.80,4.80,23757.0,23694.0,18.0,,0.00,0.00,,0.0,0.00,0.00,0,BUY CE,BUY CE,BUY CE
EXIT,2026-05-19,14:27:12,23750,CE,BUY CE,37.0,23714.80,4.80,23757.0,23694.0,18.0,14:29:12,23713.70,4.80,FLIP,2.0,-0.00,0.00,0,BUY CE,BUY CE,BUY CE
OPEN,2026-05-19,14:29:12,23650,PE,BUY PE,38.0,23706.25,3.80,23664.0,23727.0,9.0,,0.00,0.00,,0.0,0.00,0.00,0,BUY PE,BUY PE,BUY PE
EXIT,2026-05-19,14:29:12,23650,PE,BUY PE,38.0,23706.25,3.80,23664.0,23727.0,9.0,14:38:12,23686.15,6.25,TIMEOUT,9.0,0.08,64.47,159,BUY PE,BUY PE,BUY PE
OPEN,2026-05-19,14:39:12,23650,PE,BUY PE,40.4,23686.15,6.25,23644.0,23707.0,9.0,,0.00,0.00,,0.0,0.00,0.00,0,BUY PE,BUY PE,BUY PE
OPEN,2026-05-19,14:43:12,23600,PE,BUY PE,41.5,23664.35,1.35,23621.0,23686.0,9.0,,0.00,0.00,,0.0,0.00,0.00,0,BUY PE,BUY PE,BUY PE
EXIT,2026-05-19,14:39:12,23650,PE,BUY PE,40.4,23686.15,6.25,23644.0,23707.0,9.0,14:46:12,23641.95,17.65,TARGET,7.0,0.19,182.40,741,BUY PE,BUY PE,BUY PE
EXIT,2026-05-19,14:43:12,23600,PE,BUY PE,41.5,23664.35,1.35,23621.0,23686.0,9.0,14:52:12,23656.15,3.55,TIMEOUT,9.0,0.03,162.96,143,BUY PE,BUY PE,BUY PE
OPEN,2026-05-19,14:53:12,23600,PE,BUY PE,43.3,23663.75,3.55,23620.0,23686.0,9.0,,0.00,0.00,,0.0,0.00,0.00,0,BUY PE,BUY PE,BUY PE
EXIT,2026-05-19,14:53:12,23600,PE,BUY PE,43.3,23663.75,3.55,23620.0,23686.0,9.0,15:00:12,23656.60,2.35,FLIP,7.0,0.03,-33.80,-78,BUY PE,BUY PE,BUY PE
OPEN,2026-05-19,15:00:12,23650,CE,BUY CE,45.5,23651.25,10.80,23695.0,23629.0,29.0,,0.00,0.00,,0.0,0.00,0.00,0,BUY CE,BUY PE,BUY PE
OPEN,2026-05-19,15:10:12,23600,CE,BUY CE,49.1,23618.35,34.85,23664.0,23595.0,19.0,,0.00,0.00,,0.0,0.00,0.00,0,BUY CE,BUY CE,BUY PE
EXIT,2026-05-19,15:00:12,23650,CE,BUY CE,45.5,23651.25,10.80,23695.0,23629.0,29.0,15:10:12,23618.35,1.15,SL,10.0,-0.14,-89.35,-627,BUY CE,BUY PE,BUY PE
OPEN,2026-05-19,15:12:12,23650,CE,BUY CE,46.5,23626.85,0.25,23671.0,23605.0,17.0,,0.00,0.00,,0.0,0.00,0.00,0,BUY CE,BUY CE,BUY PE
EXIT,2026-05-19,15:12:12,23650,CE,BUY CE,46.5,23626.85,0.25,23671.0,23605.0,17.0,15:17:12,23603.75,0.10,SL,5.0,-0.10,-60.00,-10,BUY CE,BUY CE,BUY PE
EXIT,2026-05-19,15:10:12,23600,CE,BUY CE,49.1,23618.35,34.85,23664.0,23595.0,19.0,15:30:12,23606.05,17.85,EOD,20.0,-0.05,-48.78,-1105,BUY CE,BUY CE,BUY PE
OPEN,2026-05-20,09:00:12,23550,PE,BUY PE,40.8,23618.00,197.15,23573.0,23641.0,9.0,,0.00,0.00,,0.0,0.00,0.00,0,BUY PE,BUY PE,BUY PE
EXIT,2026-05-20,09:00:12,23550,PE,BUY PE,40.8,23618.00,197.15,23573.0,23641.0,9.0,09:08:12,23618.00,197.15,FLIP,8.0,0.00,0.00,0,BUY PE,BUY PE,BUY PE
OPEN,2026-05-20,09:08:12,23500,CE,BUY CE,42.8,23457.25,275.30,23521.0,23425.0,18.0,,0.00,0.00,,0.0,0.00,0.00,0,BUY PE,BUY CE,BUY CE
EXIT,2026-05-20,09:08:12,23500,CE,BUY CE,42.8,23457.25,275.30,23521.0,23425.0,18.0,09:16:12,23457.25,275.30,FLIP,8.0,0.00,0.00,0,BUY PE,BUY CE,BUY CE
OPEN,2026-05-20,09:16:12,23400,PE,BUY PE,46.4,23423.10,137.95,23356.0,23457.0,9.0,,0.00,0.00,,0.0,0.00,0.00,0,BUY PE,BUY PE,NO TRADE
OPEN,2026-05-20,09:17:12,23450,PE,BUY PE,47.3,23447.10,232.00,23379.0,23481.0,9.0,,0.00,0.00,,0.0,0.00,0.00,0,BUY PE,BUY PE,NO TRADE
EXIT,2026-05-20,09:16:12,23400,PE,BUY PE,46.4,23423.10,137.95,23356.0,23457.0,9.0,09:18:12,23461.90,207.95,SL,2.0,-0.17,50.74,4550,BUY PE,BUY PE,NO TRADE
OPEN,2026-05-20,09:26:12,23500,PE,BUY PE,48.5,23476.95,252.15,23413.0,23509.0,9.0,,0.00,0.00,,0.0,0.00,0.00,0,BUY PE,BUY PE,BUY PE
EXIT,2026-05-20,09:17:12,23450,PE,BUY PE,47.3,23447.10,232.00,23379.0,23481.0,9.0,09:26:12,23476.95,226.95,TIMEOUT,9.0,-0.13,-2.18,-328,BUY PE,BUY PE,NO TRADE
OPEN,2026-05-20,09:27:12,23450,PE,BUY PE,47.9,23470.10,226.95,23405.0,23503.0,9.0,,0.00,0.00,,0.0,0.00,0.00,0,BUY PE,BUY PE,BUY PE
EXIT,2026-05-20,09:26:12,23500,PE,BUY PE,48.5,23476.95,252.15,23413.0,23509.0,9.0,09:33:12,23515.15,231.90,SL,7.0,-0.16,-8.03,-1316,BUY PE,BUY PE,BUY PE
EXIT,2026-05-20,09:27:12,23450,PE,BUY PE,47.9,23470.10,226.95,23405.0,23503.0,9.0,09:33:12,23515.15,207.85,SL,6.0,-0.19,-8.42,-1241,BUY PE,BUY PE,BUY PE
OPEN,2026-05-20,09:34:12,23450,PE,BUY PE,42.1,23509.40,207.85,23443.0,23542.0,9.0,,0.00,0.00,,0.0,0.00,0.00,0,BUY PE,BUY PE,BUY PE
OPEN,2026-05-20,09:39:12,23500,PE,BUY PE,41.6,23526.95,230.00,23462.0,23559.0,9.0,,0.00,0.00,,0.0,0.00,0.00,0,BUY PE,BUY PE,BUY PE
EXIT,2026-05-20,09:34:12,23450,PE,BUY PE,42.1,23509.40,207.85,23443.0,23542.0,9.0,09:44:12,23518.95,206.35,TIMEOUT,10.0,-0.04,-0.72,-98,BUY PE,BUY PE,BUY PE
OPEN,2026-05-20,09:45:12,23450,PE,BUY PE,40.2,23520.05,206.35,23454.0,23553.0,9.0,,0.00,0.00,,0.0,0.00,0.00,0,BUY PE,BUY PE,BUY CE
EXIT,2026-05-20,09:39:12,23500,PE,BUY PE,41.6,23526.95,230.00,23462.0,23559.0,9.0,09:49:12,23525.90,218.50,TIMEOUT,10.0,0.00,-5.00,-748,BUY PE,BUY PE,BUY PE
OPEN,2026-05-20,09:52:12,23500,PE,BUY PE,40.7,23539.80,224.95,23478.0,23571.0,9.0,,0.00,0.00,,0.0,0.00,0.00,0,BUY PE,BUY PE,BUY PE
EXIT,2026-05-20,09:45:12,23450,PE,BUY PE,40.2,23520.05,206.35,23454.0,23553.0,9.0,09:54:12,23526.60,196.35,TIMEOUT,9.0,-0.03,-4.85,-650,BUY PE,BUY PE,BUY CE
EXIT,2026-05-20,09:52:12,23500,PE,BUY PE,40.7,23539.80,224.95,23478.0,23571.0,9.0,10:02:12,23530.10,215.00,TIMEOUT,10.0,0.04,-4.42,-647,BUY PE,BUY PE,BUY PE
OPEN,2026-05-20,10:03:12,23550,CE,BUY CE,37.2,23510.80,215.55,23574.0,23479.0,18.0,,0.00,0.00,,0.0,0.00,0.00,0,BUY PE,BUY CE,BUY PE
EXIT,2026-05-20,10:03:12,23550,CE,BUY CE,37.2,23510.80,215.55,23574.0,23479.0,18.0,10:08:12,23490.15,194.50,FLIP,5.0,-0.09,-9.77,-1368,BUY PE,BUY CE,BUY PE
OPEN,2026-05-20,10:08:12,23450,PE,BUY PE,37.5,23494.25,209.00,23431.0,23526.0,9.0,,0.00,0.00,,0.0,0.00,0.00,0,BUY PE,BUY PE,BUY PE
EXIT,2026-05-20,10:08:12,23450,PE,BUY PE,37.5,23494.25,209.00,23431.0,23526.0,9.0,10:18:12,23500.80,207.70,TIMEOUT,10.0,-0.03,-0.62,-85,BUY PE,BUY PE,BUY PE
OPEN,2026-05-20,10:32:12,23500,PE,BUY PE,35.7,23558.70,215.00,23498.0,23589.0,9.0,,0.00,0.00,,0.0,0.00,0.00,0,NO TRADE,BUY PE,BUY CE
EXIT,2026-05-20,10:32:12,23500,PE,BUY PE,35.7,23558.70,215.00,23498.0,23589.0,9.0,10:42:12,23550.35,199.05,TIMEOUT,10.0,0.04,-7.42,-1037,NO TRADE,BUY PE,BUY CE
OPEN,2026-05-20,10:43:12,23500,PE,BUY PE,35.3,23544.85,199.05,23487.0,23574.0,9.0,,0.00,0.00,,0.0,0.00,0.00,0,BUY PE,NO TRADE,BUY CE
OPEN,2026-05-20,10:47:12,23450,PE,BUY PE,37.1,23520.75,190.00,23463.0,23550.0,9.0,,0.00,0.00,,0.0,0.00,0.00,0,BUY PE,BUY PE,BUY PE
EXIT,2026-05-20,10:43:12,23500,PE,BUY PE,35.3,23544.85,199.05,23487.0,23574.0,9.0,10:53:12,23537.30,216.75,TIMEOUT,10.0,0.03,8.89,1150,BUY PE,NO TRADE,BUY CE
OPEN,2026-05-20,10:54:12,23500,PE,BUY PE,35.6,23536.25,206.90,23476.0,23566.0,9.0,,0.00,0.00,,0.0,0.00,0.00,0,BUY PE,NO TRADE,BUY PE
EXIT,2026-05-20,10:47:12,23450,PE,BUY PE,37.1,23520.75,190.00,23463.0,23550.0,9.0,10:56:12,23545.80,185.00,TIMEOUT,9.0,-0.11,-2.63,-325,BUY PE,BUY PE,BUY PE
EXIT,2026-05-20,10:54:12,23500,PE,BUY PE,35.6,23536.25,206.90,23476.0,23566.0,9.0,11:02:12,23566.25,193.55,SL,8.0,-0.13,-6.45,-868,BUY PE,NO TRADE,BUY PE
OPEN,2026-05-20,11:56:12,23650,CE,BUY CE,35.6,23619.30,198.10,23667.0,23595.0,18.0,,0.00,0.00,,0.0,0.00,0.00,0,BUY CE,NO TRADE,NO TRADE
EXIT,2026-05-20,11:56:12,23650,CE,BUY CE,35.6,23619.30,198.10,23667.0,23595.0,18.0,12:02:12,23594.65,202.70,SL,6.0,-0.10,2.32,299,BUY CE,NO TRADE,NO TRADE
OPEN,2026-05-20,12:03:12,23650,CE,BUY CE,38.3,23595.70,191.25,23645.0,23571.0,18.0,,0.00,0.00,,0.0,0.00,0.00,0,BUY CE,BUY CE,BUY CE
EXIT,2026-05-20,12:03:12,23650,CE,BUY CE,38.3,23595.70,191.25,23645.0,23571.0,18.0,12:21:12,23586.45,180.80,TIMEOUT,18.0,-0.04,-5.46,-679,BUY CE,BUY CE,BUY CE
OPEN,2026-05-20,13:13:12,23650,CE,BUY CE,36.2,23604.85,186.30,23641.0,23587.0,18.0,,0.00,0.00,,0.0,0.00,0.00,0,NO TRADE,BUY CE,NO TRADE
EXIT,2026-05-20,13:13:12,23650,CE,BUY CE,36.2,23604.85,186.30,23641.0,23587.0,18.0,13:18:12,23581.90,187.20,SL,5.0,-0.10,0.48,58,NO TRADE,BUY CE,NO TRADE
OPEN,2026-05-20,13:19:12,23650,CE,BUY CE,37.2,23589.50,176.80,23627.0,23571.0,18.0,,0.00,0.00,,0.0,0.00,0.00,0,BUY CE,BUY CE,NO TRADE
EXIT,2026-05-20,13:19:12,23650,CE,BUY CE,37.2,23589.50,176.80,23627.0,23571.0,18.0,13:28:12,23589.30,171.65,FLIP,9.0,-0.00,-2.91,-335,BUY CE,BUY CE,NO TRADE
OPEN,2026-05-20,13:28:12,23550,PE,BUY PE,36.1,23581.80,198.70,23545.0,23600.0,9.0,,0.00,0.00,,0.0,0.00,0.00,0,NO TRADE,BUY PE,BUY PE
EXIT,2026-05-20,13:28:12,23550,PE,BUY PE,36.1,23581.80,198.70,23545.0,23600.0,9.0,13:29:12,23581.80,198.70,FLIP,1.0,0.00,0.00,0,NO TRADE,BUY PE,BUY PE
OPEN,2026-05-20,13:29:12,23600,CE,BUY CE,36.4,23571.75,208.95,23610.0,23553.0,18.0,,0.00,0.00,,0.0,0.00,0.00,0,BUY CE,BUY CE,BUY CE
EXIT,2026-05-20,13:29:12,23600,CE,BUY CE,36.4,23571.75,208.95,23610.0,23553.0,18.0,13:30:12,23571.75,208.95,FLIP,1.0,0.00,0.00,0,BUY CE,BUY CE,BUY CE
OPEN,2026-05-20,13:30:12,23500,PE,BUY PE,37.2,23566.50,177.25,23528.0,23586.0,9.0,,0.00,0.00,,0.0,0.00,0.00,0,BUY PE,BUY PE,BUY CE
OPEN,2026-05-20,13:32:12,23550,PE,BUY PE,37.8,23577.30,214.60,23539.0,23596.0,9.0,,0.00,0.00,,0.0,0.00,0.00,0,BUY PE,BUY PE,BUY PE
EXIT,2026-05-20,13:30:12,23500,PE,BUY PE,37.2,23566.50,177.25,23528.0,23586.0,9.0,13:34:12,23586.90,186.25,SL,4.0,-0.09,5.08,585,BUY PE,BUY PE,BUY CE
EXIT,2026-05-20,13:32:12,23550,PE,BUY PE,37.8,23577.30,214.60,23539.0,23596.0,9.0,13:35:12,23599.80,207.35,SL,3.0,-0.10,-3.38,-471,BUY PE,BUY PE,BUY PE
OPEN,2026-05-20,13:36:12,23650,CE,BUY CE,35.9,23597.50,172.40,23637.0,23578.0,18.0,,0.00,0.00,,0.0,0.00,0.00,0,BUY CE,BUY CE,NO TRADE
EXIT,2026-05-20,13:36:12,23650,CE,BUY CE,35.9,23597.50,172.40,23637.0,23578.0,18.0,13:42:12,23601.35,188.10,FLIP,6.0,0.02,9.11,1020,BUY CE,BUY CE,NO TRADE
OPEN,2026-05-20,13:42:12,23550,PE,BUY PE,37.3,23594.85,194.90,23555.0,23615.0,9.0,,0.00,0.00,,0.0,0.00,0.00,0,BUY PE,BUY PE,BUY CE
EXIT,2026-05-20,13:42:12,23550,PE,BUY PE,37.3,23594.85,194.90,23555.0,23615.0,9.0,13:43:12,23594.85,194.90,FLIP,1.0,0.00,0.00,0,BUY PE,BUY PE,BUY CE
OPEN,2026-05-20,13:43:12,23650,CE,BUY CE,37.1,23592.85,185.00,23634.0,23572.0,18.0,,0.00,0.00,,0.0,0.00,0.00,0,BUY PE,BUY CE,BUY CE
EXIT,2026-05-20,13:43:12,23650,CE,BUY CE,37.1,23592.85,185.00,23634.0,23572.0,18.0,13:51:12,23601.50,175.30,FLIP,8.0,0.04,-5.24,-630,BUY PE,BUY CE,BUY CE
OPEN,2026-05-20,13:51:12,23550,PE,BUY PE,37.3,23591.75,200.95,23554.0,23611.0,9.0,,0.00,0.00,,0.0,0.00,0.00,0,BUY PE,BUY PE,BUY PE
EXIT,2026-05-20,13:51:12,23550,PE,BUY PE,37.3,23591.75,200.95,23554.0,23611.0,9.0,13:54:12,23597.00,194.50,FLIP,3.0,-0.02,-3.21,-419,BUY PE,BUY PE,BUY PE
OPEN,2026-05-20,13:54:12,23650,CE,BUY CE,35.3,23595.05,176.90,23633.0,23576.0,18.0,,0.00,0.00,,0.0,0.00,0.00,0,BUY CE,BUY PE,BUY PE
OPEN,2026-05-20,14:00:12,23700,CE,BUY CE,35.3,23631.60,165.40,23671.0,23612.0,18.0,,0.00,0.00,,0.0,0.00,0.00,0,BUY CE,BUY CE,NO TRADE
EXIT,2026-05-20,13:54:12,23650,CE,BUY CE,35.3,23595.05,176.90,23633.0,23576.0,18.0,14:02:12,23636.60,201.50,TARGET,8.0,0.18,13.91,1599,BUY CE,BUY PE,BUY PE
EXIT,2026-05-20,14:00:12,23700,CE,BUY CE,35.3,23631.60,165.40,23671.0,23612.0,18.0,14:19:12,23646.40,184.40,TIMEOUT,19.0,0.06,11.49,1235,BUY CE,BUY CE,NO TRADE
OPEN,2026-05-20,14:20:12,23700,CE,BUY CE,38.0,23644.60,179.55,23684.0,23625.0,18.0,,0.00,0.00,,0.0,0.00,0.00,0,BUY CE,BUY CE,NO TRADE
EXIT,2026-05-20,14:20:12,23700,CE,BUY CE,38.0,23644.60,179.55,23684.0,23625.0,18.0,14:38:12,23662.35,185.65,TIMEOUT,18.0,0.08,3.40,396,BUY CE,BUY CE,NO TRADE
OPEN,2026-05-20,14:39:12,23700,CE,BUY CE,38.6,23666.90,185.65,23707.0,23647.0,18.0,,0.00,0.00,,0.0,0.00,0.00,0,BUY CE,BUY CE,BUY CE
OPEN,2026-05-20,14:41:12,23750,CE,BUY CE,39.5,23679.55,169.75,23719.0,23660.0,18.0,,0.00,0.00,,0.0,0.00,0.00,0,BUY CE,BUY CE,NO TRADE
EXIT,2026-05-20,14:39:12,23700,CE,BUY CE,38.6,23666.90,185.65,23707.0,23647.0,18.0,14:58:12,23683.85,195.05,TIMEOUT,19.0,0.07,5.06,611,BUY CE,BUY CE,BUY CE
EXIT,2026-05-20,14:41:12,23750,CE,BUY CE,39.5,23679.55,169.75,23719.0,23660.0,18.0,14:59:12,23682.90,170.10,TIMEOUT,18.0,0.01,0.21,23,BUY CE,BUY CE,NO TRADE
OPEN,2026-05-20,15:00:12,23650,CE,BUY CE,55.8,23662.55,219.65,23701.0,23644.0,29.0,,0.00,0.00,,0.0,0.00,0.00,0,BUY CE,BUY CE,NO TRADE
EXIT,2026-05-20,15:00:12,23650,CE,BUY CE,55.8,23662.55,219.65,23701.0,23644.0,29.0,15:03:12,23640.20,210.60,SL,3.0,-0.09,-4.12,-588,BUY CE,BUY CE,NO TRADE
OPEN,2026-05-20,15:04:12,23650,CE,BUY CE,51.7,23645.75,210.60,23685.0,23626.0,25.0,,0.00,0.00,,0.0,0.00,0.00,0,BUY CE,BUY CE,BUY PE
EXIT,2026-05-20,15:04:12,23650,CE,BUY CE,51.7,23645.75,210.60,23685.0,23626.0,25.0,15:30:12,23664.95,212.30,EOD,26.0,0.08,0.81,111,BUY CE,BUY CE,BUY PE
OPEN,2026-05-21,09:00:12,23600,PE,BUY PE,35.2,23659.00,156.10,23622.0,23678.0,9.0,,0.00,0.00,,0.0,0.00,0.00,0,BUY PE,NO TRADE,BUY PE
EXIT,2026-05-21,09:00:12,23600,PE,BUY PE,35.2,23659.00,156.10,23622.0,23678.0,9.0,09:08:12,23659.00,156.10,FLIP,8.0,0.00,0.00,0,BUY PE,NO TRADE,BUY PE
OPEN,2026-05-21,09:08:12,23900,CE,BUY CE,35.4,23830.05,109.50,23890.0,23800.0,18.0,,0.00,0.00,,0.0,0.00,0.00,0,BUY PE,BUY CE,BUY PE
EXIT,2026-05-21,09:08:12,23900,CE,BUY CE,35.4,23830.05,109.50,23890.0,23800.0,18.0,09:16:12,23830.05,109.50,FLIP,8.0,0.00,0.00,0,BUY PE,BUY CE,BUY PE
OPEN,2026-05-21,09:16:12,23800,PE,BUY PE,47.2,23824.10,250.55,23763.0,23855.0,9.0,,0.00,0.00,,0.0,0.00,0.00,0,BUY PE,BUY PE,NO TRADE
OPEN,2026-05-21,09:20:12,23750,PE,BUY PE,47.7,23764.05,160.80,23704.0,23794.0,9.0,,0.00,0.00,,0.0,0.00,0.00,0,BUY PE,BUY PE,BUY PE
EXIT,2026-05-21,09:16:12,23800,PE,BUY PE,47.2,23824.10,250.55,23763.0,23855.0,9.0,09:21:12,23755.95,181.70,TARGET,5.0,0.29,-27.48,-4475,BUY PE,BUY PE,NO TRADE
OPEN,2026-05-21,09:24:12,23800,PE,BUY PE,48.0,23780.15,204.00,23720.0,23810.0,9.0,,0.00,0.00,,0.0,0.00,0.00,0,BUY PE,BUY PE,BUY PE
EXIT,2026-05-21,09:20:12,23750,PE,BUY PE,47.7,23764.05,160.80,23704.0,23794.0,9.0,09:30:12,23761.05,189.50,TIMEOUT,10.0,0.01,17.85,1865,BUY PE,BUY PE,BUY PE
OPEN,2026-05-21,09:31:12,23750,PE,BUY PE,46.2,23772.95,189.50,23716.0,23801.0,9.0,,0.00,0.00,,0.0,0.00,0.00,0,BUY PE,BUY PE,BUY PE
EXIT,2026-05-21,09:24:12,23800,PE,BUY PE,48.0,23780.15,204.00,23720.0,23810.0,9.0,09:33:12,23746.00,209.70,TIMEOUT,9.0,0.14,2.79,370,BUY PE,BUY PE,BUY PE
OPEN,2026-05-21,09:34:12,23700,PE,BUY PE,42.7,23733.95,163.25,23673.0,23764.0,9.0,,0.00,0.00,,0.0,0.00,0.00,0,BUY PE,BUY PE,BUY CE
EXIT,2026-05-21,09:34:12,23700,PE,BUY PE,42.7,23733.95,163.25,23673.0,23764.0,9.0,09:40:12,23767.65,160.00,SL,6.0,-0.14,-1.99,-211,BUY PE,BUY PE,BUY CE
OPEN,2026-05-21,09:41:12,23700,PE,BUY PE,42.9,23773.15,160.00,23714.0,23803.0,9.0,,0.00,0.00,,0.0,0.00,0.00,0,BUY PE,BUY PE,BUY PE
EXIT,2026-05-21,09:31:12,23750,PE,BUY PE,46.2,23772.95,189.50,23716.0,23801.0,9.0,09:41:12,23773.15,183.10,TIMEOUT,10.0,-0.00,-3.38,-416,BUY PE,BUY PE,BUY PE
OPEN,2026-05-21,09:44:12,23750,PE,BUY PE,41.4,23781.30,178.50,23719.0,23812.0,9.0,,0.00,0.00,,0.0,0.00,0.00,0,BUY PE,BUY PE,BUY PE
EXIT,2026-05-21,09:41:12,23700,PE,BUY PE,42.9,23773.15,160.00,23714.0,23803.0,9.0,09:50:12,23786.05,140.20,TIMEOUT,9.0,-0.05,-12.38,-1287,BUY PE,BUY PE,BUY PE
EXIT,2026-05-21,09:44:12,23750,PE,BUY PE,41.4,23781.30,178.50,23719.0,23812.0,9.0,09:53:12,23790.80,161.10,TIMEOUT,9.0,-0.04,-9.75,-1131,BUY PE,BUY PE,BUY PE
OPEN,2026-05-21,09:54:12,23750,PE,BUY PE,44.0,23805.35,161.10,23745.0,23835.0,9.0,,0.00,0.00,,0.0,0.00,0.00,0,BUY PE,BUY PE,BUY PE
OPEN,2026-05-21,10:00:12,23700,PE,BUY PE,37.9,23770.65,143.65,23709.0,23802.0,9.0,,0.00,0.00,,0.0,0.00,0.00,0,BUY PE,BUY PE,BUY PE
EXIT,2026-05-21,09:54:12,23750,PE,BUY PE,44.0,23805.35,161.10,23745.0,23835.0,9.0,10:04:12,23780.75,167.80,TIMEOUT,10.0,0.10,4.16,436,BUY PE,BUY PE,BUY PE
OPEN,2026-05-21,10:05:12,23750,PE,BUY PE,37.4,23782.40,164.70,23721.0,23813.0,9.0,,0.00,0.00,,0.0,0.00,0.00,0,BUY PE,BUY PE,BUY PE
EXIT,2026-05-21,10:00:12,23700,PE,BUY PE,37.9,23770.65,143.65,23709.0,23802.0,9.0,10:10:12,23767.30,151.95,TIMEOUT,10.0,0.01,5.78,539,BUY PE,BUY PE,BUY PE
OPEN,2026-05-21,10:11:12,23700,PE,BUY PE,36.2,23762.50,149.15,23705.0,23792.0,9.0,,0.00,0.00,,0.0,0.00,0.00,0,BUY PE,BUY PE,BUY PE
EXIT,2026-05-21,10:05:12,23750,PE,BUY PE,37.4,23782.40,164.70,23721.0,23813.0,9.0,10:14:12,23768.90,175.60,TIMEOUT,9.0,0.06,6.62,709,BUY PE,BUY PE,BUY PE
OPEN,2026-05-21,10:16:12,23750,PE,BUY PE,35.6,23778.70,175.60,23723.0,23807.0,9.0,,0.00,0.00,,0.0,0.00,0.00,0,BUY PE,NO TRADE,BUY PE
EXIT,2026-05-21,10:11:12,23700,PE,BUY PE,36.2,23762.50,149.15,23705.0,23792.0,9.0,10:20:12,23776.20,143.95,TIMEOUT,9.0,-0.06,-3.49,-338,BUY PE,BUY PE,BUY PE
EXIT,2026-05-21,10:16:12,23750,PE,BUY PE,35.6,23778.70,175.60,23723.0,23807.0,9.0,10:26:12,23770.80,164.40,TIMEOUT,10.0,0.03,-6.38,-728,BUY PE,NO TRADE,BUY PE
OPEN,2026-05-21,10:39:12,23700,PE,BUY PE,35.1,23730.55,149.40,23676.0,23758.0,9.0,,0.00,0.00,,0.0,0.00,0.00,0,NO TRADE,BUY PE,BUY PE
EXIT,2026-05-21,10:39:12,23700,PE,BUY PE,35.1,23730.55,149.40,23676.0,23758.0,9.0,10:44:12,23761.50,157.55,SL,5.0,-0.13,5.46,530,NO TRADE,BUY PE,BUY PE
OPEN,2026-05-21,10:46:12,23700,PE,BUY PE,37.2,23771.20,146.95,23719.0,23797.0,9.0,,0.00,0.00,,0.0,0.00,0.00,0,BUY PE,BUY PE,NO TRADE
EXIT,2026-05-21,10:46:12,23700,PE,BUY PE,37.2,23771.20,146.95,23719.0,23797.0,9.0,10:55:12,23748.35,160.70,TIMEOUT,9.0,0.10,9.36,894,BUY PE,BUY PE,NO TRADE
OPEN,2026-05-21,11:02:12,23650,PE,BUY PE,35.1,23711.70,156.90,23659.0,23738.0,9.0,,0.00,0.00,,0.0,0.00,0.00,0,NO TRADE,BUY PE,BUY PE
EXIT,2026-05-21,11:02:12,23650,PE,BUY PE,35.1,23711.70,156.90,23659.0,23738.0,9.0,11:12:12,23705.95,155.30,TIMEOUT,10.0,0.02,-1.02,-104,NO TRADE,BUY PE,BUY PE
OPEN,2026-05-21,11:18:12,23700,CE,BUY CE,39.5,23640.50,153.85,23695.0,23614.0,18.0,,0.00,0.00,,0.0,0.00,0.00,0,BUY PE,BUY CE,BUY PE
EXIT,2026-05-21,11:18:12,23700,CE,BUY CE,39.5,23640.50,153.85,23695.0,23614.0,18.0,11:20:12,23661.15,153.85,FLIP,2.0,0.09,0.00,0,BUY PE,BUY CE,BUY PE
OPEN,2026-05-21,11:20:12,23650,PE,BUY PE,35.6,23678.50,179.60,23625.0,23706.0,9.0,,0.00,0.00,,0.0,0.00,0.00,0,BUY PE,BUY PE,BUY PE
EXIT,2026-05-21,11:20:12,23650,PE,BUY PE,35.6,23678.50,179.60,23625.0,23706.0,9.0,11:25:12,23715.10,172.90,SL,5.0,-0.15,-3.73,-435,BUY PE,BUY PE,BUY PE
OPEN,2026-05-21,11:26:12,23650,PE,BUY PE,41.2,23719.10,158.95,23666.0,23746.0,9.0,,0.00,0.00,,0.0,0.00,0.00,0,BUY PE,BUY PE,BUY CE
OPEN,2026-05-21,11:28:12,23700,PE,BUY PE,42.1,23732.20,174.65,23677.0,23760.0,9.0,,0.00,0.00,,0.0,0.00,0.00,0,BUY PE,BUY PE,BUY PE
EXIT,2026-05-21,11:26:12,23650,PE,BUY PE,41.2,23719.10,158.95,23666.0,23746.0,9.0,11:36:12,23732.95,142.55,TIMEOUT,10.0,-0.06,-10.32,-1066,BUY PE,BUY PE,BUY CE
EXIT,2026-05-21,11:28:12,23700,PE,BUY PE,42.1,23732.20,174.65,23677.0,23760.0,9.0,11:38:12,23739.05,165.10,TIMEOUT,10.0,-0.03,-5.47,-621,BUY PE,BUY PE,BUY PE
OPEN,2026-05-21,11:39:12,23700,PE,BUY PE,35.3,23732.75,163.80,23680.0,23759.0,9.0,,0.00,0.00,,0.0,0.00,0.00,0,BUY PE,NO TRADE,NO TRADE
EXIT,2026-05-21,11:39:12,23700,PE,BUY PE,35.3,23732.75,163.80,23680.0,23759.0,9.0,11:49:12,23720.00,166.40,TIMEOUT,10.0,0.05,1.59,169,BUY PE,NO TRADE,NO TRADE
OPEN,2026-05-21,12:18:12,23750,CE,BUY CE,35.2,23710.30,139.80,23757.0,23687.0,18.0,,0.00,0.00,,0.0,0.00,0.00,0,BUY CE,NO TRADE,BUY PE
OPEN,2026-05-21,12:27:12,23700,CE,BUY CE,37.4,23668.00,160.15,23717.0,23644.0,18.0,,0.00,0.00,,0.0,0.00,0.00,0,BUY CE,BUY PE,BUY PE
EXIT,2026-05-21,12:18:12,23750,CE,BUY CE,35.2,23710.30,139.80,23757.0,23687.0,18.0,12:27:12,23668.00,137.00,SL,9.0,-0.18,-2.00,-182,BUY CE,NO TRADE,BUY PE
EXIT,2026-05-21,12:27:12,23700,CE,BUY CE,37.4,23668.00,160.15,23717.0,23644.0,18.0,12:34:12,23652.85,144.15,FLIP,7.0,-0.06,-9.99,-1040,BUY CE,BUY PE,BUY PE
OPEN,2026-05-21,12:34:12,23600,PE,BUY PE,37.6,23661.70,169.35,23613.0,23686.0,9.0,,0.00,0.00,,0.0,0.00,0.00,0,BUY PE,BUY PE,BUY PE
EXIT,2026-05-21,12:34:12,23600,PE,BUY PE,37.6,23661.70,169.35,23613.0,23686.0,9.0,12:36:12,23668.00,169.35,FLIP,2.0,-0.03,0.00,0,BUY PE,BUY PE,BUY PE
OPEN,2026-05-21,12:36:12,23700,CE,BUY CE,36.9,23659.05,137.55,23707.0,23635.0,18.0,,0.00,0.00,,0.0,0.00,0.00,0,BUY PE,BUY CE,BUY PE
EXIT,2026-05-21,12:36:12,23700,CE,BUY CE,36.9,23659.05,137.55,23707.0,23635.0,18.0,12:37:12,23659.05,137.55,FLIP,1.0,0.00,0.00,0,BUY PE,BUY CE,BUY PE
OPEN,2026-05-21,12:37:12,23600,PE,BUY PE,37.1,23660.30,159.45,23611.0,23685.0,9.0,,0.00,0.00,,0.0,0.00,0.00,0,BUY PE,BUY PE,BUY PE
EXIT,2026-05-21,12:37:12,23600,PE,BUY PE,37.1,23660.30,159.45,23611.0,23685.0,9.0,12:38:12,23660.30,159.45,FLIP,1.0,0.00,0.00,0,BUY PE,BUY PE,BUY PE
OPEN,2026-05-21,12:38:12,23700,CE,BUY CE,37.8,23644.05,143.90,23695.0,23619.0,18.0,,0.00,0.00,,0.0,0.00,0.00,0,BUY PE,BUY CE,BUY PE
OPEN,2026-05-21,12:41:12,23650,CE,BUY CE,38.7,23615.30,157.70,23667.0,23589.0,18.0,,0.00,0.00,,0.0,0.00,0.00,0,BUY PE,BUY CE,BUY CE
EXIT,2026-05-21,12:38:12,23700,CE,BUY CE,37.8,23644.05,143.90,23695.0,23619.0,18.0,12:41:12,23615.30,134.95,SL,3.0,-0.12,-6.22,-582,BUY PE,BUY CE,BUY PE
EXIT,2026-05-21,12:41:12,23650,CE,BUY CE,38.7,23615.30,157.70,23667.0,23589.0,18.0,12:43:12,23613.70,145.90,FLIP,2.0,-0.01,-7.48,-767,BUY PE,BUY CE,BUY CE
OPEN,2026-05-21,12:43:12,23600,PE,BUY PE,39.1,23629.50,193.10,23577.0,23656.0,9.0,,0.00,0.00,,0.0,0.00,0.00,0,BUY PE,BUY PE,BUY CE
OPEN,2026-05-21,12:46:12,23550,PE,BUY PE,39.1,23621.65,159.90,23568.0,23649.0,9.0,,0.00,0.00,,0.0,0.00,0.00,0,BUY PE,BUY PE,BUY PE
EXIT,2026-05-21,12:43:12,23600,PE,BUY PE,39.1,23629.50,193.10,23577.0,23656.0,9.0,12:53:12,23640.40,184.70,TIMEOUT,10.0,-0.05,-4.35,-546,BUY PE,BUY PE,BUY CE
OPEN,2026-05-21,12:54:12,23600,PE,BUY PE,41.2,23638.90,179.60,23586.0,23665.0,9.0,,0.00,0.00,,0.0,0.00,0.00,0,BUY PE,BUY PE,BUY PE
EXIT,2026-05-21,12:46:12,23550,PE,BUY PE,39.1,23621.65,159.90,23568.0,23649.0,9.0,12:56:12,23635.15,156.45,TIMEOUT,10.0,-0.06,-2.16,-224,BUY PE,BUY PE,BUY PE
OPEN,2026-05-21,12:59:12,23550,PE,BUY PE,36.7,23622.70,159.80,23571.0,23649.0,9.0,,0.00,0.00,,0.0,0.00,0.00,0,BUY PE,BUY CE,BUY PE
EXIT,2026-05-21,12:54:12,23600,PE,BUY PE,41.2,23638.90,179.60,23586.0,23665.0,9.0,13:01:12,23622.65,185.95,FLIP,7.0,0.07,3.54,413,BUY PE,BUY PE,BUY PE
EXIT,2026-05-21,12:59:12,23550,PE,BUY PE,36.7,23622.70,159.80,23571.0,23649.0,9.0,13:01:12,23622.65,161.80,FLIP,2.0,0.00,1.25,130,BUY PE,BUY CE,BUY PE
OPEN,2026-05-21,13:01:12,23650,CE,BUY CE,36.4,23621.25,149.20,23670.0,23597.0,18.0,,0.00,0.00,,0.0,0.00,0.00,0,BUY PE,BUY CE,BUY PE
EXIT,2026-05-21,13:01:12,23650,CE,BUY CE,36.4,23621.25,149.20,23670.0,23597.0,18.0,13:04:12,23607.30,148.35,FLIP,3.0,-0.06,-0.57,-55,BUY PE,BUY CE,BUY PE
OPEN,2026-05-21,13:04:12,23550,PE,BUY PE,37.0,23604.90,165.05,23552.0,23631.0,9.0,,0.00,0.00,,0.0,0.00,0.00,0,BUY CE,BUY PE,BUY CE
OPEN,2026-05-21,13:06:12,23600,PE,BUY PE,39.8,23628.45,190.50,23578.0,23653.0,9.0,,0.00,0.00,,0.0,0.00,0.00,0,BUY PE,BUY PE,BUY PE
EXIT,2026-05-21,13:04:12,23550,PE,BUY PE,37.0,23604.90,165.05,23552.0,23631.0,9.0,13:09:12,23632.25,163.70,SL,5.0,-0.12,-0.82,-88,BUY CE,BUY PE,BUY CE
EXIT,2026-05-21,13:06:12,23600,PE,BUY PE,39.8,23628.45,190.50,23578.0,23653.0,9.0,13:16:12,23642.65,170.55,TIMEOUT,10.0,-0.06,-10.47,-1297,BUY PE,BUY PE,BUY PE
OPEN,2026-05-21,13:17:12,23600,PE,BUY PE,41.2,23644.15,173.25,23594.0,23669.0,9.0,,0.00,0.00,,0.0,0.00,0.00,0,BUY PE,BUY PE,BUY PE
EXIT,2026-05-21,13:17:12,23600,PE,BUY PE,41.2,23644.15,173.25,23594.0,23669.0,9.0,13:27:12,23635.90,172.00,TIMEOUT,10.0,0.03,-0.72,-81,BUY PE,BUY PE,BUY PE
OPEN,2026-05-21,13:28:12,23600,PE,BUY PE,37.2,23641.30,172.00,23596.0,23664.0,9.0,,0.00,0.00,,0.0,0.00,0.00,0,BUY PE,BUY PE,NO TRADE
OPEN,2026-05-21,13:32:12,23550,PE,BUY PE,36.7,23623.75,154.90,23580.0,23646.0,9.0,,0.00,0.00,,0.0,0.00,0.00,0,BUY PE,BUY PE,BUY PE
EXIT,2026-05-21,13:32:12,23550,PE,BUY PE,36.7,23623.75,154.90,23580.0,23646.0,9.0,13:35:12,23646.15,143.00,SL,3.0,-0.09,-7.68,-774,BUY PE,BUY PE,BUY PE
EXIT,2026-05-21,13:28:12,23600,PE,BUY PE,37.2,23641.30,172.00,23596.0,23664.0,9.0,13:37:12,23668.40,165.20,SL,9.0,-0.11,-3.95,-442,BUY PE,BUY PE,NO TRADE
OPEN,2026-05-21,13:38:12,23700,CE,BUY CE,36.0,23669.10,137.70,23716.0,23646.0,18.0,,0.00,0.00,,0.0,0.00,0.00,0,BUY CE,BUY CE,BUY PE
EXIT,2026-05-21,13:38:12,23700,CE,BUY CE,36.0,23669.10,137.70,23716.0,23646.0,18.0,13:40:12,23671.35,137.70,FLIP,2.0,0.01,0.00,0,BUY CE,BUY CE,BUY PE
OPEN,2026-05-21,13:40:12,23600,PE,BUY PE,36.7,23662.50,154.60,23616.0,23686.0,9.0,,0.00,0.00,,0.0,0.00,0.00,0,BUY PE,BUY PE,BUY PE
EXIT,2026-05-21,13:40:12,23600,PE,BUY PE,36.7,23662.50,154.60,23616.0,23686.0,9.0,13:41:12,23662.50,154.60,FLIP,1.0,0.00,0.00,0,BUY PE,BUY PE,BUY PE
OPEN,2026-05-21,13:41:12,23700,CE,BUY CE,36.3,23669.35,140.80,23714.0,23647.0,18.0,,0.00,0.00,,0.0,0.00,0.00,0,BUY PE,BUY CE,NO TRADE
EXIT,2026-05-21,13:41:12,23700,CE,BUY CE,36.3,23669.35,140.80,23714.0,23647.0,18.0,13:42:12,23669.35,140.80,FLIP,1.0,0.00,0.00,0,BUY PE,BUY CE,NO TRADE
OPEN,2026-05-21,13:42:12,23650,PE,BUY PE,36.2,23685.40,178.60,23638.0,23709.0,9.0,,0.00,0.00,,0.0,0.00,0.00,0,BUY PE,BUY CE,BUY PE
EXIT,2026-05-21,13:42:12,23650,PE,BUY PE,36.2,23685.40,178.60,23638.0,23709.0,9.0,13:43:12,23685.40,178.60,FLIP,1.0,0.00,0.00,0,BUY PE,BUY CE,BUY PE
OPEN,2026-05-21,13:43:12,23750,CE,BUY CE,37.5,23676.15,125.65,23723.0,23653.0,18.0,,0.00,0.00,,0.0,0.00,0.00,0,BUY PE,BUY CE,BUY PE
EXIT,2026-05-21,13:43:12,23750,CE,BUY CE,37.5,23676.15,125.65,23723.0,23653.0,18.0,13:46:12,23683.10,126.00,FLIP,3.0,0.03,0.28,23,BUY PE,BUY CE,BUY PE
OPEN,2026-05-21,13:46:12,23650,PE,BUY PE,36.1,23686.10,169.00,23641.0,23709.0,9.0,,0.00,0.00,,0.0,0.00,0.00,0,BUY PE,BUY CE,NO TRADE
EXIT,2026-05-21,13:46:12,23650,PE,BUY PE,36.1,23686.10,169.00,23641.0,23709.0,9.0,13:47:12,23686.10,169.00,FLIP,1.0,0.00,0.00,0,BUY PE,BUY CE,NO TRADE
OPEN,2026-05-21,13:47:12,23750,CE,BUY CE,37.0,23684.60,126.00,23730.0,23662.0,18.0,,0.00,0.00,,0.0,0.00,0.00,0,BUY PE,BUY CE,NO TRADE
OPEN,2026-05-21,13:50:12,23700,CE,BUY CE,37.2,23663.75,148.45,23711.0,23640.0,18.0,,0.00,0.00,,0.0,0.00,0.00,0,BUY CE,BUY CE,NO TRADE
EXIT,2026-05-21,13:47:12,23750,CE,BUY CE,37.0,23684.60,126.00,23730.0,23662.0,18.0,13:51:12,23663.75,125.85,FLIP,4.0,-0.09,-0.12,-10,BUY PE,BUY CE,NO TRADE
EXIT,2026-05-21,13:50:12,23700,CE,BUY CE,37.2,23663.75,148.45,23711.0,23640.0,18.0,13:51:12,23663.75,148.45,FLIP,1.0,0.00,0.00,0,BUY CE,BUY CE,NO TRADE
OPEN,2026-05-21,13:51:12,23600,PE,BUY PE,38.6,23661.55,144.20,23616.0,23685.0,9.0,,0.00,0.00,,0.0,0.00,0.00,0,BUY PE,BUY PE,NO TRADE
EXIT,2026-05-21,13:51:12,23600,PE,BUY PE,38.6,23661.55,144.20,23616.0,23685.0,9.0,14:01:12,23658.15,149.00,TIMEOUT,10.0,0.01,3.33,312,BUY PE,BUY PE,NO TRADE
OPEN,2026-05-21,14:02:12,23600,PE,BUY PE,40.3,23652.30,149.00,23604.0,23676.0,9.0,,0.00,0.00,,0.0,0.00,0.00,0,BUY PE,BUY PE,BUY PE
EXIT,2026-05-21,14:02:12,23600,PE,BUY PE,40.3,23652.30,149.00,23604.0,23676.0,9.0,14:12:12,23646.90,162.40,TIMEOUT,10.0,0.02,8.99,871,BUY PE,BUY PE,BUY PE
OPEN,2026-05-21,14:13:12,23600,PE,BUY PE,36.2,23660.85,162.40,23614.0,23684.0,9.0,,0.00,0.00,,0.0,0.00,0.00,0,BUY CE,BUY PE,BUY PE
EXIT,2026-05-21,14:13:12,23600,PE,BUY PE,36.2,23660.85,162.40,23614.0,23684.0,9.0,14:22:12,23668.85,162.40,TIMEOUT,9.0,-0.03,0.00,0,BUY CE,BUY PE,BUY PE
OPEN,2026-05-21,14:23:12,23600,PE,BUY PE,35.5,23668.05,156.10,23623.0,23691.0,9.0,,0.00,0.00,,0.0,0.00,0.00,0,BUY CE,BUY PE,NO TRADE
EXIT,2026-05-21,14:23:12,23600,PE,BUY PE,35.5,23668.05,156.10,23623.0,23691.0,9.0,14:25:12,23669.90,156.10,FLIP,2.0,-0.01,0.00,0,BUY CE,BUY PE,NO TRADE
OPEN,2026-05-21,14:25:12,23700,CE,BUY CE,35.2,23671.75,144.80,23717.0,23649.0,18.0,,0.00,0.00,,0.0,0.00,0.00,0,NO TRADE,BUY CE,NO TRADE
OPEN,2026-05-21,14:27:12,23750,CE,BUY CE,36.2,23675.05,123.00,23718.0,23654.0,18.0,,0.00,0.00,,0.0,0.00,0.00,0,NO TRADE,BUY CE,NO TRADE
EXIT,2026-05-21,14:27:12,23750,CE,BUY CE,36.2,23675.05,123.00,23718.0,23654.0,18.0,14:28:12,23675.05,123.00,FLIP,1.0,0.00,0.00,0,NO TRADE,BUY CE,NO TRADE
EXIT,2026-05-21,14:25:12,23700,CE,BUY CE,35.2,23671.75,144.80,23717.0,23649.0,18.0,14:28:12,23675.05,144.75,FLIP,3.0,0.01,-0.03,-3,NO TRADE,BUY CE,NO TRADE
OPEN,2026-05-21,14:28:12,23600,PE,BUY PE,36.1,23663.85,149.05,23620.0,23686.0,9.0,,0.00,0.00,,0.0,0.00,0.00,0,BUY PE,BUY PE,NO TRADE
EXIT,2026-05-21,14:28:12,23600,PE,BUY PE,36.1,23663.85,149.05,23620.0,23686.0,9.0,14:32:12,23664.90,162.55,FLIP,4.0,-0.00,9.06,878,BUY PE,BUY PE,NO TRADE
OPEN,2026-05-21,14:32:12,23750,CE,BUY CE,36.4,23678.35,114.95,23725.0,23655.0,18.0,,0.00,0.00,,0.0,0.00,0.00,0,BUY CE,BUY PE,BUY CE
OPEN,2026-05-21,14:33:12,23700,CE,BUY CE,38.1,23659.55,139.10,23708.0,23636.0,18.0,,0.00,0.00,,0.0,0.00,0.00,0,BUY CE,BUY CE,BUY CE
EXIT,2026-05-21,14:32:12,23750,CE,BUY CE,36.4,23678.35,114.95,23725.0,23655.0,18.0,14:34:12,23659.55,118.45,FLIP,2.0,-0.08,3.04,228,BUY CE,BUY PE,BUY CE
EXIT,2026-05-21,14:33:12,23700,CE,BUY CE,38.1,23659.55,139.10,23708.0,23636.0,18.0,14:34:12,23659.55,139.10,FLIP,1.0,0.00,0.00,0,BUY CE,BUY CE,BUY CE
OPEN,2026-05-21,14:34:12,23600,PE,BUY PE,38.9,23654.80,159.00,23607.0,23679.0,9.0,,0.00,0.00,,0.0,0.00,0.00,0,BUY PE,BUY PE,BUY PE
OPEN,2026-05-21,14:37:12,23650,PE,BUY PE,37.8,23675.85,184.75,23629.0,23699.0,9.0,,0.00,0.00,,0.0,0.00,0.00,0,BUY CE,BUY PE,BUY CE
EXIT,2026-05-21,14:34:12,23600,PE,BUY PE,38.9,23654.80,159.00,23607.0,23679.0,9.0,14:41:12,23663.75,150.85,FLIP,7.0,-0.04,-5.13,-530,BUY PE,BUY PE,BUY PE
EXIT,2026-05-21,14:37:12,23650,PE,BUY PE,37.8,23675.85,184.75,23629.0,23699.0,9.0,14:41:12,23663.75,174.55,FLIP,4.0,0.05,-5.52,-663,BUY CE,BUY PE,BUY CE
OPEN,2026-05-21,14:41:12,23700,CE,BUY CE,38.2,23665.75,142.25,23711.0,23643.0,18.0,,0.00,0.00,,0.0,0.00,0.00,0,BUY CE,BUY CE,BUY CE
EXIT,2026-05-21,14:41:12,23700,CE,BUY CE,38.2,23665.75,142.25,23711.0,23643.0,18.0,14:42:12,23665.75,142.25,FLIP,1.0,0.00,0.00,0,BUY CE,BUY CE,BUY CE
OPEN,2026-05-21,14:42:12,23650,PE,BUY PE,38.5,23689.90,175.20,23643.0,23713.0,9.0,,0.00,0.00,,0.0,0.00,0.00,0,BUY CE,BUY PE,BUY CE
OPEN,2026-05-21,14:46:12,23600,PE,BUY PE,39.8,23673.10,148.90,23626.0,23697.0,9.0,,0.00,0.00,,0.0,0.00,0.00,0,BUY PE,BUY PE,BUY PE
EXIT,2026-05-21,14:42:12,23650,PE,BUY PE,38.5,23689.90,175.20,23643.0,23713.0,9.0,14:51:12,23689.20,170.50,TIMEOUT,9.0,0.00,-2.68,-305,BUY CE,BUY PE,BUY CE
OPEN,2026-05-21,14:52:12,23650,PE,BUY PE,38.4,23694.15,170.50,23646.0,23718.0,9.0,,0.00,0.00,,0.0,0.00,0.00,0,BUY CE,BUY PE,BUY PE
EXIT,2026-05-21,14:46:12,23600,PE,BUY PE,39.8,23673.10,148.90,23626.0,23697.0,9.0,14:55:12,23688.10,144.80,TIMEOUT,9.0,-0.06,-2.75,-266,BUY PE,BUY PE,BUY PE
EXIT,2026-05-21,14:52:12,23650,PE,BUY PE,38.4,23694.15,170.50,23646.0,23718.0,9.0,14:58:12,23683.80,169.25,FLIP,6.0,0.04,-0.73,-81,BUY CE,BUY PE,BUY PE
OPEN,2026-05-21,14:58:12,23750,CE,BUY CE,37.7,23685.30,124.35,23732.0,23662.0,18.0,,0.00,0.00,,0.0,0.00,0.00,0,BUY CE,BUY PE,BUY PE
EXIT,2026-05-21,14:58:12,23750,CE,BUY CE,37.7,23685.30,124.35,23732.0,23662.0,18.0,14:59:12,23685.30,124.35,FLIP,1.0,0.00,0.00,0,BUY CE,BUY PE,BUY PE
OPEN,2026-05-21,14:59:12,23600,PE,BUY PE,38.6,23674.30,146.05,23626.0,23698.0,9.0,,0.00,0.00,,0.0,0.00,0.00,0,BUY CE,BUY PE,BUY CE
EXIT,2026-05-21,14:59:12,23600,PE,BUY PE,38.6,23674.30,146.05,23626.0,23698.0,9.0,15:00:12,23674.30,146.05,FLIP,1.0,0.00,0.00,0,BUY CE,BUY PE,BUY CE
OPEN,2026-05-21,15:00:12,23700,CE,BUY CE,50.1,23684.65,149.05,23733.0,23661.0,29.0,,0.00,0.00,,0.0,0.00,0.00,0,BUY CE,BUY CE,BUY CE
OPEN,2026-05-21,15:02:12,23650,CE,BUY CE,48.5,23663.10,172.80,23711.0,23639.0,27.0,,0.00,0.00,,0.0,0.00,0.00,0,BUY CE,BUY CE,BUY PE
EXIT,2026-05-21,15:00:12,23700,CE,BUY CE,50.1,23684.65,149.05,23733.0,23661.0,29.0,15:03:12,23653.40,138.00,SL,3.0,-0.13,-7.41,-718,BUY CE,BUY CE,BUY CE
OPEN,2026-05-21,15:09:12,23700,CE,BUY CE,44.9,23649.75,145.20,23701.0,23624.0,18.0,,0.00,0.00,,0.0,0.00,0.00,0,BUY CE,BUY CE,BUY PE
EXIT,2026-05-21,15:09:12,23700,CE,BUY CE,44.9,23649.75,145.20,23701.0,23624.0,18.0,15:13:12,23651.05,136.45,FLIP,4.0,0.01,-6.03,-569,BUY CE,BUY CE,BUY PE
EXIT,2026-05-21,15:02:12,23650,CE,BUY CE,48.5,23663.10,172.80,23711.0,23639.0,27.0,15:13:12,23651.05,158.95,FLIP,11.0,-0.05,-8.02,-900,BUY CE,BUY CE,BUY PE
OPEN,2026-05-21,15:13:12,23650,PE,BUY PE,45.5,23649.20,185.75,23600.0,23674.0,9.0,,0.00,0.00,,0.0,0.00,0.00,0,BUY CE,BUY PE,BUY PE
EXIT,2026-05-21,15:13:12,23650,PE,BUY PE,45.5,23649.20,185.75,23600.0,23674.0,9.0,15:14:12,23649.20,185.75,FLIP,1.0,0.00,0.00,0,BUY CE,BUY PE,BUY PE
OPEN,2026-05-21,15:14:12,23700,CE,BUY CE,44.8,23655.05,139.85,23704.0,23631.0,15.0,,0.00,0.00,,0.0,0.00,0.00,0,BUY CE,BUY PE,BUY PE
EXIT,2026-05-21,15:14:12,23700,CE,BUY CE,44.8,23655.05,139.85,23704.0,23631.0,15.0,15:15:12,23655.05,139.85,FLIP,1.0,0.00,0.00,0,BUY CE,BUY PE,BUY PE
OPEN,2026-05-21,15:15:12,23650,PE,BUY PE,45.3,23641.35,180.85,23590.0,23667.0,9.0,,0.00,0.00,,0.0,0.00,0.00,0,BUY CE,BUY PE,BUY PE
OPEN,2026-05-21,15:16:12,23600,PE,BUY PE,44.8,23649.45,158.30,23600.0,23674.0,9.0,,0.00,0.00,,0.0,0.00,0.00,0,BUY CE,BUY PE,BUY PE
EXIT,2026-05-21,15:16:12,23600,PE,BUY PE,44.8,23649.45,158.30,23600.0,23674.0,9.0,15:17:12,23649.45,158.30,FLIP,1.0,0.00,0.00,0,BUY CE,BUY PE,BUY PE
EXIT,2026-05-21,15:15:12,23650,PE,BUY PE,45.3,23641.35,180.85,23590.0,23667.0,9.0,15:17:12,23649.45,183.00,FLIP,2.0,-0.03,1.19,140,BUY CE,BUY PE,BUY PE
OPEN,2026-05-21,15:17:12,23650,CE,BUY CE,45.2,23634.35,160.10,23683.0,23610.0,12.0,,0.00,0.00,,0.0,0.00,0.00,0,BUY PE,BUY CE,BUY PE
OPEN,2026-05-21,15:18:12,23700,CE,BUY CE,44.9,23633.95,137.35,23683.0,23609.0,11.0,,0.00,0.00,,0.0,0.00,0.00,0,BUY PE,BUY CE,BUY PE
EXIT,2026-05-21,15:18:12,23700,CE,BUY CE,44.9,23633.95,137.35,23683.0,23609.0,11.0,15:29:12,23640.75,140.75,TIMEOUT,11.0,0.03,2.48,221,BUY PE,BUY CE,BUY PE
EXIT,2026-05-21,15:17:12,23650,CE,BUY CE,45.2,23634.35,160.10,23683.0,23610.0,12.0,15:30:12,23648.60,162.75,EOD,13.0,0.06,1.66,172,BUY PE,BUY CE,BUY PE
OPEN,2026-05-22,09:00:12,23600,PE,BUY PE,39.1,23654.70,159.15,23607.0,23679.0,9.0,,0.00,0.00,,0.0,0.00,0.00,0,BUY PE,BUY PE,BUY PE
EXIT,2026-05-22,09:00:12,23600,PE,BUY PE,39.1,23654.70,159.15,23607.0,23679.0,9.0,09:09:12,23671.20,159.15,TIMEOUT,9.0,-0.07,0.00,0,BUY PE,BUY PE,BUY PE
OPEN,2026-05-22,09:10:12,23600,PE,BUY PE,38.7,23671.20,159.15,23621.0,23696.0,9.0,,0.00,0.00,,0.0,0.00,0.00,0,BUY PE,BUY PE,BUY PE
OPEN,2026-05-22,09:16:12,23700,PE,BUY PE,46.8,23685.00,0.00,23633.0,23711.0,9.0,,0.00,0.00,,0.0,0.00,0.00,0,BUY PE,BUY PE,NO TRADE
EXIT,2026-05-22,09:10:12,23600,PE,BUY PE,38.7,23671.20,159.15,23621.0,23696.0,9.0,09:20:12,23706.50,118.35,SL,10.0,-0.15,-25.64,-2652,BUY PE,BUY PE,BUY PE
EXIT,2026-05-22,09:16:12,23700,PE,BUY PE,46.8,23685.00,0.00,23633.0,23711.0,9.0,09:21:12,23718.45,162.00,SL,5.0,-0.14,0.00,0,BUY PE,BUY PE,NO TRADE
OPEN,2026-05-22,09:22:12,23750,PE,BUY PE,49.5,23735.30,188.60,23681.0,23762.0,9.0,,0.00,0.00,,0.0,0.00,0.00,0,BUY PE,BUY PE,BUY PE
EXIT,2026-05-22,09:22:12,23750,PE,BUY PE,49.5,23735.30,188.60,23681.0,23762.0,9.0,09:31:12,23748.55,162.85,TIMEOUT,9.0,-0.06,-13.65,-1674,BUY PE,BUY PE,BUY PE
OPEN,2026-05-22,09:32:12,23750,PE,BUY PE,46.9,23748.00,162.85,23694.0,23775.0,9.0,,0.00,0.00,,0.0,0.00,0.00,0,BUY PE,BUY PE,NO TRADE
OPEN,2026-05-22,09:34:12,23700,PE,BUY PE,42.6,23748.95,135.60,23694.0,23776.0,9.0,,0.00,0.00,,0.0,0.00,0.00,0,BUY PE,BUY PE,BUY PE
EXIT,2026-05-22,09:32:12,23750,PE,BUY PE,46.9,23748.00,162.85,23694.0,23775.0,9.0,09:42:12,23740.85,153.45,TIMEOUT,10.0,0.03,-5.77,-611,BUY PE,BUY PE,NO TRADE
EXIT,2026-05-22,09:34:12,23700,PE,BUY PE,42.6,23748.95,135.60,23694.0,23776.0,9.0,09:44:12,23764.40,143.85,TIMEOUT,10.0,-0.07,6.08,536,BUY PE,BUY PE,BUY PE
OPEN,2026-05-22,09:45:12,23700,PE,BUY PE,39.5,23754.15,143.85,23698.0,23782.0,9.0,,0.00,0.00,,0.0,0.00,0.00,0,BUY PE,BUY PE,BUY PE
OPEN,2026-05-22,09:53:12,23750,PE,BUY PE,43.0,23782.70,146.15,23726.0,23811.0,9.0,,0.00,0.00,,0.0,0.00,0.00,0,BUY PE,BUY PE,BUY PE
EXIT,2026-05-22,09:45:12,23700,PE,BUY PE,39.5,23754.15,143.85,23698.0,23782.0,9.0,09:53:12,23782.70,125.75,SL,8.0,-0.12,-12.58,-1176,BUY PE,BUY PE,BUY PE
OPEN,2026-05-22,09:56:12,23700,PE,BUY PE,36.9,23770.50,121.55,23717.0,23798.0,9.0,,0.00,0.00,,0.0,0.00,0.00,0,BUY PE,BUY PE,BUY PE
EXIT,2026-05-22,09:53:12,23750,PE,BUY PE,43.0,23782.70,146.15,23726.0,23811.0,9.0,10:03:12,23779.75,136.65,TIMEOUT,10.0,0.01,-6.50,-618,BUY PE,BUY PE,BUY PE
EXIT,2026-05-22,09:56:12,23700,PE,BUY PE,36.9,23770.50,121.55,23717.0,23798.0,9.0,10:06:12,23770.55,126.70,TIMEOUT,10.0,-0.00,4.24,335,BUY PE,BUY PE,BUY PE
OPEN,2026-05-22,13:53:12,23850,CE,BUY CE,35.6,23798.70,124.50,23829.0,23784.0,18.0,,0.00,0.00,,0.0,0.00,0.00,0,NO TRADE,BUY CE,NO TRADE
EXIT,2026-05-22,13:53:12,23850,CE,BUY CE,35.6,23798.70,124.50,23829.0,23784.0,18.0,14:03:12,23782.60,119.95,SL,10.0,-0.07,-3.65,-296,NO TRADE,BUY CE,NO TRADE
OPEN,2026-05-22,14:04:12,23850,CE,BUY CE,37.0,23777.75,111.90,23809.0,23762.0,18.0,,0.00,0.00,,0.0,0.00,0.00,0,BUY CE,BUY PE,NO TRADE
OPEN,2026-05-22,14:05:12,23800,CE,BUY CE,38.9,23753.75,135.30,23788.0,23737.0,18.0,,0.00,0.00,,0.0,0.00,0.00,0,BUY CE,BUY PE,BUY CE
EXIT,2026-05-22,14:04:12,23850,CE,BUY CE,37.0,23777.75,111.90,23809.0,23762.0,18.0,14:05:12,23753.75,112.35,SL,1.0,-0.10,0.40,29,BUY CE,BUY PE,NO TRADE
EXIT,2026-05-22,14:05:12,23800,CE,BUY CE,38.9,23753.75,135.30,23788.0,23737.0,18.0,14:06:12,23753.75,135.30,FLIP,1.0,0.00,0.00,0,BUY CE,BUY PE,BUY CE
OPEN,2026-05-22,14:06:12,23700,PE,BUY PE,37.5,23756.55,103.25,23723.0,23774.0,9.0,,0.00,0.00,,0.0,0.00,0.00,0,BUY CE,BUY PE,BUY CE
OPEN,2026-05-22,14:09:12,23750,PE,BUY PE,38.0,23781.50,139.85,23746.0,23800.0,9.0,,0.00,0.00,,0.0,0.00,0.00,0,BUY CE,BUY PE,BUY CE
EXIT,2026-05-22,14:06:12,23700,PE,BUY PE,37.5,23756.55,103.25,23723.0,23774.0,9.0,14:09:12,23781.50,116.80,SL,3.0,-0.11,13.12,881,BUY CE,BUY PE,BUY CE
OPEN,2026-05-22,14:12:12,23700,PE,BUY PE,38.3,23770.30,106.90,23735.0,23788.0,9.0,,0.00,0.00,,0.0,0.00,0.00,0,BUY CE,BUY PE,BUY CE
EXIT,2026-05-22,14:09:12,23750,PE,BUY PE,38.0,23781.50,139.85,23746.0,23800.0,9.0,14:18:12,23770.15,126.30,TIMEOUT,9.0,0.05,-9.69,-881,BUY CE,BUY PE,BUY CE
EXIT,2026-05-22,14:12:12,23700,PE,BUY PE,38.3,23770.30,106.90,23735.0,23788.0,9.0,14:21:12,23754.65,108.35,TIMEOUT,9.0,0.07,1.36,94,BUY CE,BUY PE,BUY CE
OPEN,2026-05-22,14:22:12,23700,PE,BUY PE,39.2,23752.50,116.65,23718.0,23770.0,9.0,,0.00,0.00,,0.0,0.00,0.00,0,BUY PE,BUY PE,BUY CE
EXIT,2026-05-22,14:22:12,23700,PE,BUY PE,39.2,23752.50,116.65,23718.0,23770.0,9.0,14:31:12,23745.25,115.40,TIMEOUT,9.0,0.03,-1.07,-81,BUY PE,BUY PE,BUY CE
OPEN,2026-05-22,14:32:12,23700,PE,BUY PE,40.2,23744.65,122.45,23708.0,23763.0,9.0,,0.00,0.00,,0.0,0.00,0.00,0,BUY PE,BUY PE,BUY PE
OPEN,2026-05-22,14:39:12,23650,PE,BUY PE,40.2,23723.65,101.70,23686.0,23743.0,9.0,,0.00,0.00,,0.0,0.00,0.00,0,BUY PE,BUY PE,BUY CE
EXIT,2026-05-22,14:32:12,23700,PE,BUY PE,40.2,23744.65,122.45,23708.0,23763.0,9.0,14:41:12,23728.65,136.10,TIMEOUT,9.0,0.07,11.15,887,BUY PE,BUY PE,BUY PE
OPEN,2026-05-22,14:49:12,23700,PE,BUY PE,40.9,23730.50,134.45,23691.0,23751.0,9.0,,0.00,0.00,,0.0,0.00,0.00,0,BUY CE,BUY PE,BUY CE
EXIT,2026-05-22,14:39:12,23650,PE,BUY PE,40.2,23723.65,101.70,23686.0,23743.0,9.0,14:49:12,23730.50,112.00,TIMEOUT,10.0,-0.03,10.13,669,BUY PE,BUY PE,BUY CE
OPEN,2026-05-22,14:54:12,23650,PE,BUY PE,40.6,23720.50,110.60,23683.0,23740.0,9.0,,0.00,0.00,,0.0,0.00,0.00,0,BUY PE,BUY PE,BUY CE
EXIT,2026-05-22,14:49:12,23700,PE,BUY PE,40.9,23730.50,134.45,23691.0,23751.0,9.0,14:59:12,23719.85,133.85,TIMEOUT,10.0,0.04,-0.45,-39,BUY CE,BUY PE,BUY CE
EXIT,2026-05-22,14:54:12,23650,PE,BUY PE,40.6,23720.50,110.60,23683.0,23740.0,9.0,15:00:12,23719.85,111.10,FLIP,6.0,0.00,0.45,32,BUY PE,BUY PE,BUY CE
OPEN,2026-05-22,15:00:12,23700,CE,BUY CE,49.8,23720.55,150.10,23759.0,23702.0,29.0,,0.00,0.00,,0.0,0.00,0.00,0,BUY CE,BUY CE,NO TRADE
OPEN,2026-05-22,15:16:12,23750,CE,BUY CE,44.5,23723.55,129.00,23760.0,23706.0,13.0,,0.00,0.00,,0.0,0.00,0.00,0,BUY CE,BUY PE,BUY PE
EXIT,2026-05-22,15:00:12,23700,CE,BUY CE,49.8,23720.55,150.10,23759.0,23702.0,29.0,15:17:12,23723.55,153.95,FLIP,17.0,0.01,2.56,250,BUY CE,BUY CE,NO TRADE
EXIT,2026-05-22,15:16:12,23750,CE,BUY CE,44.5,23723.55,129.00,23760.0,23706.0,13.0,15:17:12,23723.55,129.00,FLIP,1.0,0.00,0.00,0,BUY CE,BUY PE,BUY PE
OPEN,2026-05-22,15:17:12,23750,PE,BUY PE,45.2,23726.25,150.50,23690.0,23744.0,9.0,,0.00,0.00,,0.0,0.00,0.00,0,BUY CE,BUY PE,BUY PE
OPEN,2026-05-22,15:18:12,23650,PE,BUY PE,44.7,23722.15,99.00,23686.0,23740.0,9.0,,0.00,0.00,,0.0,0.00,0.00,0,BUY CE,BUY PE,BUY PE
OPEN,2026-05-22,15:20:12,23700,PE,BUY PE,44.9,23725.30,120.35,23689.0,23743.0,9.0,,0.00,0.00,,0.0,0.00,0.00,0,BUY CE,BUY PE,BUY PE
EXIT,2026-05-22,15:17:12,23750,PE,BUY PE,45.2,23726.25,150.50,23690.0,23744.0,9.0,15:22:12,23727.45,141.20,FLIP,5.0,-0.01,-6.18,-605,BUY CE,BUY PE,BUY PE
EXIT,2026-05-22,15:18:12,23650,PE,BUY PE,44.7,23722.15,99.00,23686.0,23740.0,9.0,15:22:12,23727.45,95.70,FLIP,4.0,-0.02,-3.33,-214,BUY CE,BUY PE,BUY PE
EXIT,2026-05-22,15:20:12,23700,PE,BUY PE,44.9,23725.30,120.35,23689.0,23743.0,9.0,15:22:12,23727.45,116.85,FLIP,2.0,-0.01,-2.91,-228,BUY CE,BUY PE,BUY PE
OPEN,2026-05-22,15:22:12,23750,CE,BUY CE,45.1,23726.25,135.75,23761.0,23709.0,7.0,,0.00,0.00,,0.0,0.00,0.00,0,BUY CE,BUY CE,BUY PE
EXIT,2026-05-22,15:22:12,23750,CE,BUY CE,45.1,23726.25,135.75,23761.0,23709.0,7.0,15:30:12,23748.05,151.15,EOD,8.0,0.09,11.34,1001,BUY CE,BUY CE,BUY PE
OPEN,2026-05-23,09:00:12,23650,PE,BUY PE,38.5,23719.30,85.25,23679.0,23739.0,9.0,,0.00,0.00,,0.0,0.00,0.00,0,BUY PE,BUY PE,BUY PE
EXIT,2026-05-23,09:00:12,23650,PE,BUY PE,38.5,23719.30,85.25,23679.0,23739.0,9.0,09:09:12,23719.30,85.25,TIMEOUT,9.0,0.00,0.00,0,BUY PE,BUY PE,BUY PE
OPEN,2026-05-23,09:10:12,23650,PE,BUY PE,38.5,23719.30,85.25,23679.0,23739.0,9.0,,0.00,0.00,,0.0,0.00,0.00,0,BUY PE,BUY PE,BUY PE
EXIT,2026-05-23,09:10:12,23650,PE,BUY PE,38.5,23719.30,85.25,23679.0,23739.0,9.0,09:19:12,23719.30,85.25,TIMEOUT,9.0,0.00,0.00,0,BUY PE,BUY PE,BUY PE
OPEN,2026-05-23,09:20:12,23650,PE,BUY PE,38.3,23719.30,85.25,23679.0,23739.0,9.0,,0.00,0.00,,0.0,0.00,0.00,0,BUY PE,BUY PE,NO TRADE
EXIT,2026-05-23,09:20:12,23650,PE,BUY PE,38.3,23719.30,85.25,23679.0,23739.0,9.0,09:29:12,23719.30,85.25,TIMEOUT,9.0,0.00,0.00,0,BUY PE,BUY PE,NO TRADE
OPEN,2026-05-23,09:30:12,23650,PE,BUY PE,37.3,23719.30,85.25,23679.0,23739.0,9.0,,0.00,0.00,,0.0,0.00,0.00,0,NO TRADE,BUY PE,NO TRADE
EXIT,2026-05-23,09:30:12,23650,PE,BUY PE,37.3,23719.30,85.25,23679.0,23739.0,9.0,09:40:12,23719.30,85.25,TIMEOUT,10.0,0.00,0.00,0,NO TRADE,BUY PE,NO TRADE
OPEN,2026-05-23,12:25:12,23650,PE,BUY PE,35.7,23719.30,85.25,23679.0,23739.0,9.0,,0.00,0.00,,0.0,0.00,0.00,0,NO TRADE,BUY PE,BUY PE
EXIT,2026-05-23,12:25:12,23650,PE,BUY PE,35.7,23719.30,85.25,23679.0,23739.0,9.0,12:35:12,23719.30,85.25,TIMEOUT,10.0,0.00,0.00,0,NO TRADE,BUY PE,BUY PE
OPEN,2026-05-23,12:36:12,23650,PE,BUY PE,35.9,23719.30,85.25,23679.0,23739.0,9.0,,0.00,0.00,,0.0,0.00,0.00,0,NO TRADE,BUY PE,NO TRADE
EXIT,2026-05-23,12:36:12,23650,PE,BUY PE,35.9,23719.30,85.25,23679.0,23739.0,9.0,12:46:12,23719.30,85.25,TIMEOUT,10.0,0.00,0.00,0,NO TRADE,BUY PE,NO TRADE
OPEN,2026-05-23,12:47:12,23650,PE,BUY PE,35.2,23719.30,85.25,23679.0,23739.0,9.0,,0.00,0.00,,0.0,0.00,0.00,0,NO TRADE,BUY PE,NO TRADE
EXIT,2026-05-23,12:47:12,23650,PE,BUY PE,35.2,23719.30,85.25,23679.0,23739.0,9.0,12:56:12,23719.30,85.25,TIMEOUT,9.0,0.00,0.00,0,NO TRADE,BUY PE,NO TRADE
OPEN,2026-05-23,12:57:12,23650,PE,BUY PE,35.0,23719.30,85.25,23679.0,23739.0,9.0,,0.00,0.00,,0.0,0.00,0.00,0,NO TRADE,BUY PE,NO TRADE
EXIT,2026-05-23,12:57:12,23650,PE,BUY PE,35.0,23719.30,85.25,23679.0,23739.0,9.0,13:06:12,23719.30,85.25,TIMEOUT,9.0,0.00,0.00,0,NO TRADE,BUY PE,NO TRADE
OPEN,2026-05-23,13:07:12,23650,PE,BUY PE,36.3,23719.30,85.25,23679.0,23739.0,9.0,,0.00,0.00,,0.0,0.00,0.00,0,NO TRADE,BUY PE,NO TRADE
EXIT,2026-05-23,13:07:12,23650,PE,BUY PE,36.3,23719.30,85.25,23679.0,23739.0,9.0,13:17:12,23719.30,85.25,TIMEOUT,10.0,0.00,0.00,0,NO TRADE,BUY PE,NO TRADE
OPEN,2026-05-23,13:18:12,23650,PE,BUY PE,36.6,23719.30,85.25,23679.0,23739.0,9.0,,0.00,0.00,,0.0,0.00,0.00,0,NO TRADE,BUY PE,NO TRADE
EXIT,2026-05-23,13:18:12,23650,PE,BUY PE,36.6,23719.30,85.25,23679.0,23739.0,9.0,13:27:12,23719.30,85.25,TIMEOUT,9.0,0.00,0.00,0,NO TRADE,BUY PE,NO TRADE
OPEN,2026-05-23,13:28:12,23650,PE,BUY PE,36.9,23719.30,85.25,23679.0,23739.0,9.0,,0.00,0.00,,0.0,0.00,0.00,0,NO TRADE,BUY PE,NO TRADE
EXIT,2026-05-23,13:28:12,23650,PE,BUY PE,36.9,23719.30,85.25,23679.0,23739.0,9.0,13:38:12,23719.30,85.25,TIMEOUT,10.0,0.00,0.00,0,NO TRADE,BUY PE,NO TRADE
OPEN,2026-05-23,13:39:12,23650,PE,BUY PE,36.8,23719.30,85.25,23679.0,23739.0,9.0,,0.00,0.00,,0.0,0.00,0.00,0,NO TRADE,BUY PE,NO TRADE
EXIT,2026-05-23,13:39:12,23650,PE,BUY PE,36.8,23719.30,85.25,23679.0,23739.0,9.0,13:49:12,23719.30,85.25,TIMEOUT,10.0,0.00,0.00,0,NO TRADE,BUY PE,NO TRADE
OPEN,2026-05-23,13:50:12,23650,PE,BUY PE,38.2,23719.30,85.25,23679.0,23739.0,9.0,,0.00,0.00,,0.0,0.00,0.00,0,NO TRADE,BUY PE,NO TRADE
EXIT,2026-05-23,13:50:12,23650,PE,BUY PE,38.2,23719.30,85.25,23679.0,23739.0,9.0,13:59:12,23719.30,85.25,TIMEOUT,9.0,0.00,0.00,0,NO TRADE,BUY PE,NO TRADE
OPEN,2026-05-23,14:00:12,23650,PE,BUY PE,38.4,23719.30,85.25,23679.0,23739.0,9.0,,0.00,0.00,,0.0,0.00,0.00,0,NO TRADE,BUY PE,NO TRADE
EXIT,2026-05-23,14:00:12,23650,PE,BUY PE,38.4,23719.30,85.25,23679.0,23739.0,9.0,14:10:12,23719.30,85.25,TIMEOUT,10.0,0.00,0.00,0,NO TRADE,BUY PE,NO TRADE
OPEN,2026-05-23,14:11:12,23650,PE,BUY PE,39.1,23719.30,85.25,23679.0,23739.0,9.0,,0.00,0.00,,0.0,0.00,0.00,0,BUY PE,BUY PE,BUY PE
EXIT,2026-05-23,14:11:12,23650,PE,BUY PE,39.1,23719.30,85.25,23679.0,23739.0,9.0,14:20:12,23719.30,85.25,TIMEOUT,9.0,0.00,0.00,0,BUY PE,BUY PE,BUY PE
OPEN,2026-05-23,14:21:12,23650,PE,BUY PE,39.2,23719.30,85.25,23679.0,23739.0,9.0,,0.00,0.00,,0.0,0.00,0.00,0,BUY PE,BUY PE,NO TRADE
EXIT,2026-05-23,14:21:12,23650,PE,BUY PE,39.2,23719.30,85.25,23679.0,23739.0,9.0,14:31:12,23719.30,85.25,TIMEOUT,10.0,0.00,0.00,0,BUY PE,BUY PE,NO TRADE
OPEN,2026-05-23,14:32:12,23650,PE,BUY PE,39.8,23719.30,85.25,23679.0,23739.0,9.0,,0.00,0.00,,0.0,0.00,0.00,0,BUY PE,BUY PE,NO TRADE
EXIT,2026-05-23,14:32:12,23650,PE,BUY PE,39.8,23719.30,85.25,23679.0,23739.0,9.0,14:42:12,23719.30,85.25,TIMEOUT,10.0,0.00,0.00,0,BUY PE,BUY PE,NO TRADE
OPEN,2026-05-23,14:43:12,23650,PE,BUY PE,39.9,23719.30,85.25,23679.0,23739.0,9.0,,0.00,0.00,,0.0,0.00,0.00,0,BUY PE,BUY PE,NO TRADE
EXIT,2026-05-23,14:43:12,23650,PE,BUY PE,39.9,23719.30,85.25,23679.0,23739.0,9.0,14:53:12,23719.30,85.25,TIMEOUT,10.0,0.00,0.00,0,BUY PE,BUY PE,NO TRADE
OPEN,2026-05-23,14:54:12,23650,PE,BUY PE,40.2,23719.30,85.25,23679.0,23739.0,9.0,,0.00,0.00,,0.0,0.00,0.00,0,BUY PE,BUY PE,BUY PE
EXIT,2026-05-23,14:54:12,23650,PE,BUY PE,40.2,23719.30,85.25,23679.0,23739.0,9.0,15:00:12,23719.30,85.25,FLIP,6.0,0.00,0.00,0,BUY PE,BUY PE,BUY PE
OPEN,2026-05-23,15:00:12,23700,CE,BUY CE,46.4,23719.30,182.70,23759.0,23699.0,29.0,,0.00,0.00,,0.0,0.00,0.00,0,BUY CE,BUY CE,BUY PE
EXIT,2026-05-23,15:00:12,23700,CE,BUY CE,46.4,23719.30,182.70,23759.0,23699.0,29.0,15:29:12,23719.30,182.70,TIMEOUT,29.0,0.00,0.00,0,BUY CE,BUY CE,BUY PE
OPEN,2026-05-23,15:30:12,23700,CE,BUY CE,45.7,23719.30,182.70,23759.0,23699.0,25.0,,0.00,0.00,,0.0,0.00,0.00,0,BUY CE,BUY CE,BUY PE
EXIT,2026-05-23,15:30:12,23700,CE,BUY CE,45.7,23719.30,182.70,23759.0,23699.0,25.0,15:30:12,23719.30,182.70,EOD,0.0,0.00,0.00,0,BUY CE,BUY CE,BUY PE
OPEN,2026-05-24,09:00:12,23650,PE,BUY PE,38.5,23719.30,85.25,23679.0,23739.0,9.0,,0.00,0.00,,0.0,0.00,0.00,0,BUY PE,BUY PE,BUY PE
EXIT,2026-05-24,09:00:12,23650,PE,BUY PE,38.5,23719.30,85.25,23679.0,23739.0,9.0,09:09:12,23719.30,85.25,TIMEOUT,9.0,0.00,0.00,0,BUY PE,BUY PE,BUY PE
OPEN,2026-05-24,09:10:12,23650,PE,BUY PE,38.5,23719.30,85.25,23679.0,23739.0,9.0,,0.00,0.00,,0.0,0.00,0.00,0,BUY PE,BUY PE,BUY PE
EXIT,2026-05-24,09:10:12,23650,PE,BUY PE,38.5,23719.30,85.25,23679.0,23739.0,9.0,09:19:12,23719.30,85.25,TIMEOUT,9.0,0.00,0.00,0,BUY PE,BUY PE,BUY PE
OPEN,2026-05-24,09:20:12,23650,PE,BUY PE,38.3,23719.30,85.25,23679.0,23739.0,9.0,,0.00,0.00,,0.0,0.00,0.00,0,BUY PE,BUY PE,NO TRADE
EXIT,2026-05-24,09:20:12,23650,PE,BUY PE,38.3,23719.30,85.25,23679.0,23739.0,9.0,09:30:12,23719.30,85.25,TIMEOUT,10.0,0.00,0.00,0,BUY PE,BUY PE,NO TRADE
OPEN,2026-05-24,09:31:12,23650,PE,BUY PE,37.2,23719.30,85.25,23679.0,23739.0,9.0,,0.00,0.00,,0.0,0.00,0.00,0,NO TRADE,BUY PE,NO TRADE
EXIT,2026-05-24,09:31:12,23650,PE,BUY PE,37.2,23719.30,85.25,23679.0,23739.0,9.0,09:41:12,23719.30,85.25,TIMEOUT,10.0,0.00,0.00,0,NO TRADE,BUY PE,NO TRADE
OPEN,2026-05-24,12:25:12,23650,PE,BUY PE,35.7,23719.30,85.25,23679.0,23739.0,9.0,,0.00,0.00,,0.0,0.00,0.00,0,NO TRADE,BUY PE,BUY PE
EXIT,2026-05-24,12:25:12,23650,PE,BUY PE,35.7,23719.30,85.25,23679.0,23739.0,9.0,12:34:12,23719.30,85.25,TIMEOUT,9.0,0.00,0.00,0,NO TRADE,BUY PE,BUY PE
OPEN,2026-05-24,12:35:12,23650,PE,BUY PE,35.9,23719.30,85.25,23679.0,23739.0,9.0,,0.00,0.00,,0.0,0.00,0.00,0,NO TRADE,BUY PE,NO TRADE
EXIT,2026-05-24,12:35:12,23650,PE,BUY PE,35.9,23719.30,85.25,23679.0,23739.0,9.0,12:44:12,23719.30,85.25,TIMEOUT,9.0,0.00,0.00,0,NO TRADE,BUY PE,NO TRADE
OPEN,2026-05-24,12:45:12,23650,PE,BUY PE,35.2,23719.30,85.25,23679.0,23739.0,9.0,,0.00,0.00,,0.0,0.00,0.00,0,NO TRADE,BUY PE,NO TRADE
EXIT,2026-05-24,12:45:12,23650,PE,BUY PE,35.2,23719.30,85.25,23679.0,23739.0,9.0,12:55:12,23719.30,85.25,TIMEOUT,10.0,0.00,0.00,0,NO TRADE,BUY PE,NO TRADE
OPEN,2026-05-24,12:56:12,23650,PE,BUY PE,35.1,23719.30,85.25,23679.0,23739.0,9.0,,0.00,0.00,,0.0,0.00,0.00,0,NO TRADE,BUY PE,NO TRADE
EXIT,2026-05-24,12:56:12,23650,PE,BUY PE,35.1,23719.30,85.25,23679.0,23739.0,9.0,13:06:12,23719.30,85.25,TIMEOUT,10.0,0.00,0.00,0,NO TRADE,BUY PE,NO TRADE
OPEN,2026-05-24,13:07:12,23650,PE,BUY PE,36.3,23719.30,85.25,23679.0,23739.0,9.0,,0.00,0.00,,0.0,0.00,0.00,0,NO TRADE,BUY PE,NO TRADE
EXIT,2026-05-24,13:07:12,23650,PE,BUY PE,36.3,23719.30,85.25,23679.0,23739.0,9.0,13:16:12,23719.30,85.25,TIMEOUT,9.0,0.00,0.00,0,NO TRADE,BUY PE,NO TRADE
OPEN,2026-05-24,13:17:12,23650,PE,BUY PE,36.6,23719.30,85.25,23679.0,23739.0,9.0,,0.00,0.00,,0.0,0.00,0.00,0,NO TRADE,BUY PE,NO TRADE
EXIT,2026-05-24,13:17:12,23650,PE,BUY PE,36.6,23719.30,85.25,23679.0,23739.0,9.0,13:27:12,23719.30,85.25,TIMEOUT,10.0,0.00,0.00,0,NO TRADE,BUY PE,NO TRADE
OPEN,2026-05-24,13:28:12,23650,PE,BUY PE,36.9,23719.30,85.25,23679.0,23739.0,9.0,,0.00,0.00,,0.0,0.00,0.00,0,NO TRADE,BUY PE,NO TRADE
EXIT,2026-05-24,13:28:12,23650,PE,BUY PE,36.9,23719.30,85.25,23679.0,23739.0,9.0,13:37:12,23719.30,85.25,TIMEOUT,9.0,0.00,0.00,0,NO TRADE,BUY PE,NO TRADE
OPEN,2026-05-24,13:38:12,23650,PE,BUY PE,36.8,23719.30,85.25,23679.0,23739.0,9.0,,0.00,0.00,,0.0,0.00,0.00,0,NO TRADE,BUY PE,NO TRADE
EXIT,2026-05-24,13:38:12,23650,PE,BUY PE,36.8,23719.30,85.25,23679.0,23739.0,9.0,13:47:12,23719.30,85.25,TIMEOUT,9.0,0.00,0.00,0,NO TRADE,BUY PE,NO TRADE
OPEN,2026-05-24,13:48:12,23650,PE,BUY PE,37.8,23719.30,85.25,23679.0,23739.0,9.0,,0.00,0.00,,0.0,0.00,0.00,0,NO TRADE,BUY PE,NO TRADE
EXIT,2026-05-24,13:48:12,23650,PE,BUY PE,37.8,23719.30,85.25,23679.0,23739.0,9.0,13:57:12,23719.30,85.25,TIMEOUT,9.0,0.00,0.00,0,NO TRADE,BUY PE,NO TRADE
OPEN,2026-05-24,13:58:12,23650,PE,BUY PE,38.2,23719.30,85.25,23679.0,23739.0,9.0,,0.00,0.00,,0.0,0.00,0.00,0,NO TRADE,BUY PE,NO TRADE
EXIT,2026-05-24,13:58:12,23650,PE,BUY PE,38.2,23719.30,85.25,23679.0,23739.0,9.0,14:08:12,23719.30,85.25,TIMEOUT,10.0,0.00,0.00,0,NO TRADE,BUY PE,NO TRADE
OPEN,2026-05-24,14:09:12,23650,PE,BUY PE,39.1,23719.30,85.25,23679.0,23739.0,9.0,,0.00,0.00,,0.0,0.00,0.00,0,BUY PE,BUY PE,NO TRADE
EXIT,2026-05-24,14:09:12,23650,PE,BUY PE,39.1,23719.30,85.25,23679.0,23739.0,9.0,14:18:12,23719.30,85.25,TIMEOUT,9.0,0.00,0.00,0,BUY PE,BUY PE,NO TRADE
OPEN,2026-05-24,14:19:12,23650,PE,BUY PE,39.2,23719.30,85.25,23679.0,23739.0,9.0,,0.00,0.00,,0.0,0.00,0.00,0,BUY PE,BUY PE,NO TRADE
EXIT,2026-05-24,14:19:12,23650,PE,BUY PE,39.2,23719.30,85.25,23679.0,23739.0,9.0,14:28:12,23719.30,85.25,TIMEOUT,9.0,0.00,0.00,0,BUY PE,BUY PE,NO TRADE
OPEN,2026-05-24,14:29:12,23650,PE,BUY PE,39.2,23719.30,85.25,23679.0,23739.0,9.0,,0.00,0.00,,0.0,0.00,0.00,0,BUY PE,BUY PE,NO TRADE
EXIT,2026-05-24,14:29:12,23650,PE,BUY PE,39.2,23719.30,85.25,23679.0,23739.0,9.0,14:38:12,23719.30,85.25,TIMEOUT,9.0,0.00,0.00,0,BUY PE,BUY PE,NO TRADE
OPEN,2026-05-24,14:39:12,23650,PE,BUY PE,39.9,23719.30,85.25,23679.0,23739.0,9.0,,0.00,0.00,,0.0,0.00,0.00,0,BUY PE,BUY PE,NO TRADE
EXIT,2026-05-24,14:39:12,23650,PE,BUY PE,39.9,23719.30,85.25,23679.0,23739.0,9.0,14:48:12,23719.30,85.25,TIMEOUT,9.0,0.00,0.00,0,BUY PE,BUY PE,NO TRADE
OPEN,2026-05-24,14:49:12,23650,PE,BUY PE,39.9,23719.30,85.25,23679.0,23739.0,9.0,,0.00,0.00,,0.0,0.00,0.00,0,BUY PE,BUY PE,BUY PE
EXIT,2026-05-24,14:49:12,23650,PE,BUY PE,39.9,23719.30,85.25,23679.0,23739.0,9.0,14:59:12,23719.30,85.25,TIMEOUT,10.0,0.00,0.00,0,BUY PE,BUY PE,BUY PE
OPEN,2026-05-24,15:00:12,23700,CE,BUY CE,46.4,23719.30,182.70,23759.0,23699.0,29.0,,0.00,0.00,,0.0,0.00,0.00,0,BUY CE,BUY CE,BUY PE
EXIT,2026-05-24,15:00:12,23700,CE,BUY CE,46.4,23719.30,182.70,23759.0,23699.0,29.0,15:29:12,23719.30,182.70,TIMEOUT,29.0,0.00,0.00,0,BUY CE,BUY CE,BUY PE
OPEN,2026-05-24,15:30:12,23700,CE,BUY CE,45.7,23719.30,182.70,23759.0,23699.0,25.0,,0.00,0.00,,0.0,0.00,0.00,0,BUY CE,BUY CE,BUY PE
EXIT,2026-05-24,15:30:12,23700,CE,BUY CE,45.7,23719.30,182.70,23759.0,23699.0,25.0,15:30:12,23719.30,182.70,EOD,0.0,0.00,0.00,0,BUY CE,BUY CE,BUY PE
OPEN,2026-05-25,09:00:12,23650,PE,BUY PE,39.4,23719.30,85.25,23679.0,23739.0,9.0,,0.00,0.00,,0.0,0.00,0.00,0,BUY PE,BUY PE,BUY CE
EXIT,2026-05-25,09:00:12,23650,PE,BUY PE,39.4,23719.30,85.25,23679.0,23739.0,9.0,09:08:12,23719.30,85.25,FLIP,8.0,0.00,0.00,0,BUY PE,BUY PE,BUY CE
OPEN,2026-05-25,09:08:12,24000,CE,BUY CE,36.3,23940.25,58.65,24003.0,23909.0,18.0,,0.00,0.00,,0.0,0.00,0.00,0,BUY CE,BUY CE,BUY CE
EXIT,2026-05-25,09:08:12,24000,CE,BUY CE,36.3,23940.25,58.65,24003.0,23909.0,18.0,09:16:12,23940.25,58.65,FLIP,8.0,0.00,0.00,0,BUY CE,BUY CE,BUY CE
OPEN,2026-05-25,09:16:12,24000,PE,BUY PE,47.7,23975.70,0.00,23911.0,24008.0,9.0,,0.00,0.00,,0.0,0.00,0.00,0,BUY PE,BUY PE,NO TRADE
OPEN,2026-05-25,09:19:12,23950,PE,BUY PE,48.2,23964.90,95.60,23900.0,23997.0,9.0,,0.00,0.00,,0.0,0.00,0.00,0,BUY PE,BUY PE,BUY PE
EXIT,2026-05-25,09:16:12,24000,PE,BUY PE,47.7,23975.70,0.00,23911.0,24008.0,9.0,09:25:12,23978.65,117.20,TIMEOUT,9.0,-0.01,0.00,0,BUY PE,BUY PE,NO TRADE
OPEN,2026-05-25,09:26:12,24000,PE,BUY PE,48.1,23984.70,113.00,23924.0,24015.0,9.0,,0.00,0.00,,0.0,0.00,0.00,0,BUY PE,BUY PE,BUY PE
EXIT,2026-05-25,09:19:12,23950,PE,BUY PE,48.2,23964.90,95.60,23900.0,23997.0,9.0,09:28:12,23980.95,89.40,TIMEOUT,9.0,-0.07,-6.49,-403,BUY PE,BUY PE,BUY PE
OPEN,2026-05-25,09:31:12,23900,PE,BUY PE,44.4,23966.50,71.20,23907.0,23997.0,9.0,,0.00,0.00,,0.0,0.00,0.00,0,BUY PE,BUY PE,BUY PE
EXIT,2026-05-25,09:26:12,24000,PE,BUY PE,48.1,23984.70,113.00,23924.0,24015.0,9.0,09:35:12,23953.15,122.20,TIMEOUT,9.0,0.13,8.14,598,BUY PE,BUY PE,BUY PE
EXIT,2026-05-25,09:31:12,23900,PE,BUY PE,44.4,23966.50,71.20,23907.0,23997.0,9.0,09:40:12,23936.25,81.35,TIMEOUT,9.0,0.13,14.26,660,BUY PE,BUY PE,BUY PE
OPEN,2026-05-25,09:41:12,23900,PE,BUY PE,39.9,23943.85,82.25,23887.0,23972.0,9.0,,0.00,0.00,,0.0,0.00,0.00,0,BUY PE,BUY PE,NO TRADE
EXIT,2026-05-25,09:41:12,23900,PE,BUY PE,39.9,23943.85,82.25,23887.0,23972.0,9.0,09:50:12,23934.85,82.15,TIMEOUT,9.0,0.04,-0.12,-6,BUY PE,BUY PE,NO TRADE
OPEN,2026-05-25,09:51:12,23900,PE,BUY PE,40.6,23938.60,82.80,23885.0,23966.0,9.0,,0.00,0.00,,0.0,0.00,0.00,0,BUY PE,BUY PE,BUY PE
EXIT,2026-05-25,09:51:12,23900,PE,BUY PE,40.6,23938.60,82.80,23885.0,23966.0,9.0,10:00:12,23942.65,81.20,TIMEOUT,9.0,-0.02,-1.93,-104,BUY PE,BUY PE,BUY PE
OPEN,2026-05-25,14:40:12,24050,CE,BUY CE,38.2,23996.45,63.75,24021.0,23984.0,18.0,,0.00,0.00,,0.0,0.00,0.00,0,BUY CE,BUY CE,NO TRADE
EXIT,2026-05-25,14:40:12,24050,CE,BUY CE,38.2,23996.45,63.75,24021.0,23984.0,18.0,14:47:12,24023.90,78.85,TARGET,7.0,0.11,23.69,981,BUY CE,BUY CE,NO TRADE
OPEN,2026-05-25,14:48:12,24100,CE,BUY CE,44.0,24027.35,64.80,24054.0,24014.0,18.0,,0.00,0.00,,0.0,0.00,0.00,0,BUY CE,BUY CE,NO TRADE
OPEN,2026-05-25,14:49:12,24050,CE,BUY CE,44.0,24022.85,87.20,24050.0,24009.0,18.0,,0.00,0.00,,0.0,0.00,0.00,0,BUY CE,BUY CE,NO TRADE
EXIT,2026-05-25,14:48:12,24100,CE,BUY CE,44.0,24027.35,64.80,24054.0,24014.0,18.0,15:07:12,24026.55,61.05,TIMEOUT,19.0,-0.00,-5.79,-244,BUY CE,BUY CE,NO TRADE
EXIT,2026-05-25,14:49:12,24050,CE,BUY CE,44.0,24022.85,87.20,24050.0,24009.0,18.0,15:08:12,24028.85,82.95,TIMEOUT,19.0,0.02,-4.87,-276,BUY CE,BUY CE,NO TRADE
OPEN,2026-05-25,15:09:12,24000,CE,BUY CE,53.8,24024.30,105.05,24050.0,24011.0,20.0,,0.00,0.00,,0.0,0.00,0.00,0,BUY CE,BUY CE,NO TRADE
OPEN,2026-05-25,15:10:12,24050,CE,BUY CE,54.3,24026.10,79.00,24051.0,24014.0,19.0,,0.00,0.00,,0.0,0.00,0.00,0,BUY CE,BUY CE,NO TRADE
EXIT,2026-05-25,15:09:12,24000,CE,BUY CE,53.8,24024.30,105.05,24050.0,24011.0,20.0,15:29:12,24050.20,144.05,TARGET,20.0,0.11,37.13,2535,BUY CE,BUY CE,NO TRADE
EXIT,2026-05-25,15:10:12,24050,CE,BUY CE,54.3,24026.10,79.00,24051.0,24014.0,19.0,15:29:12,24050.20,110.60,TIMEOUT,19.0,0.10,40.00,2054,BUY CE,BUY CE,NO TRADE
OPEN,2026-05-25,15:30:12,24050,CE,BUY CE,51.2,24049.55,110.60,24077.0,24036.0,25.0,,0.00,0.00,,0.0,0.00,0.00,0,BUY CE,BUY CE,BUY CE
EXIT,2026-05-25,15:30:12,24050,CE,BUY CE,51.2,24049.55,110.60,24077.0,24036.0,25.0,15:30:12,24049.55,110.60,EOD,0.0,0.00,0.00,0,BUY CE,BUY CE,BUY CE
OPEN,2026-05-26,09:07:12,23950,PE,BUY PE,36.3,24004.10,29.30,23970.0,24021.0,9.0,,0.00,0.00,,0.0,0.00,0.00,0,NO TRADE,BUY PE,BUY PE
EXIT,2026-05-26,09:07:12,23950,PE,BUY PE,36.3,24004.10,29.30,23970.0,24021.0,9.0,09:16:12,23973.10,29.30,TIMEOUT,9.0,0.13,0.00,0,NO TRADE,BUY PE,BUY PE
OPEN,2026-05-26,09:17:12,24000,PE,BUY PE,48.0,23984.70,66.95,23949.0,24003.0,9.0,,0.00,0.00,,0.0,0.00,0.00,0,BUY PE,BUY PE,NO TRADE
EXIT,2026-05-26,09:17:12,24000,PE,BUY PE,48.0,23984.70,66.95,23949.0,24003.0,9.0,09:20:12,24019.55,68.10,SL,3.0,-0.15,1.72,75,BUY PE,BUY PE,NO TRADE
OPEN,2026-05-26,09:21:12,24000,PE,BUY PE,49.8,24014.40,68.10,23978.0,24032.0,9.0,,0.00,0.00,,0.0,0.00,0.00,0,BUY PE,BUY PE,BUY PE
OPEN,2026-05-26,09:28:12,24050,PE,BUY PE,47.2,24032.50,68.70,23997.0,24051.0,9.0,,0.00,0.00,,0.0,0.00,0.00,0,BUY PE,BUY PE,NO TRADE
EXIT,2026-05-26,09:21:12,24000,PE,BUY PE,49.8,24014.40,68.10,23978.0,24032.0,9.0,09:28:12,24032.50,44.55,SL,7.0,-0.08,-34.58,-1531,BUY PE,BUY PE,BUY PE
OPEN,2026-05-26,09:33:12,24000,PE,BUY PE,44.9,24038.60,43.00,24003.0,24057.0,9.0,,0.00,0.00,,0.0,0.00,0.00,0,BUY PE,BUY PE,NO TRADE
OPEN,2026-05-26,09:36:12,23950,PE,BUY PE,39.7,24018.95,23.15,23984.0,24036.0,9.0,,0.00,0.00,,0.0,0.00,0.00,0,BUY PE,BUY PE,NO TRADE
EXIT,2026-05-26,09:28:12,24050,PE,BUY PE,47.2,24032.50,68.70,23997.0,24051.0,9.0,09:37:12,24038.70,73.60,TIMEOUT,9.0,-0.03,7.13,318,BUY PE,BUY PE,NO TRADE
EXIT,2026-05-26,09:36:12,23950,PE,BUY PE,39.7,24018.95,23.15,23984.0,24036.0,9.0,09:37:12,24038.70,28.10,SL,1.0,-0.08,21.38,322,BUY PE,BUY PE,NO TRADE
EXIT,2026-05-26,09:33:12,24000,PE,BUY PE,44.9,24038.60,43.00,24003.0,24057.0,9.0,09:38:12,24063.85,47.50,SL,5.0,-0.11,10.47,292,BUY PE,BUY PE,NO TRADE
OPEN,2026-05-26,09:39:12,24000,PE,BUY PE,39.8,24068.65,47.50,24029.0,24089.0,9.0,,0.00,0.00,,0.0,0.00,0.00,0,BUY PE,BUY PE,BUY PE
EXIT,2026-05-26,09:39:12,24000,PE,BUY PE,39.8,24068.65,47.50,24029.0,24089.0,9.0,09:48:12,24055.70,32.65,TIMEOUT,9.0,0.05,-31.26,-965,BUY PE,BUY PE,BUY PE
OPEN,2026-05-26,09:49:12,24000,PE,BUY PE,38.1,24052.45,32.65,24012.0,24072.0,9.0,,0.00,0.00,,0.0,0.00,0.00,0,BUY PE,NO TRADE,BUY PE
EXIT,2026-05-26,09:49:12,24000,PE,BUY PE,38.1,24052.45,32.65,24012.0,24072.0,9.0,09:58:12,24020.35,40.70,TIMEOUT,9.0,0.13,24.66,523,BUY PE,NO TRADE,BUY PE
OPEN,2026-05-26,12:54:12,23950,PE,BUY PE,35.0,23989.25,21.10,23955.0,24006.0,9.0,,0.00,0.00,,0.0,0.00,0.00,0,BUY PE,NO TRADE,NO TRADE
EXIT,2026-05-26,12:54:12,23950,PE,BUY PE,35.0,23989.25,21.10,23955.0,24006.0,9.0,13:01:12,23996.50,19.40,FLIP,7.0,-0.03,-8.06,-111,BUY PE,NO TRADE,NO TRADE
OPEN,2026-05-26,13:01:12,24050,CE,BUY CE,35.5,23977.55,10.80,24012.0,23961.0,18.0,,0.00,0.00,,0.0,0.00,0.00,0,NO TRADE,BUY CE,BUY CE
OPEN,2026-05-26,13:03:12,24000,CE,BUY CE,36.0,23974.25,23.20,24010.0,23956.0,18.0,,0.00,0.00,,0.0,0.00,0.00,0,NO TRADE,BUY CE,BUY CE
EXIT,2026-05-26,13:01:12,24050,CE,BUY CE,35.5,23977.55,10.80,24012.0,23961.0,18.0,13:20:12,23977.45,8.30,TIMEOUT,19.0,-0.00,-23.15,-162,NO TRADE,BUY CE,BUY CE
EXIT,2026-05-26,13:03:12,24000,CE,BUY CE,36.0,23974.25,23.20,24010.0,23956.0,18.0,13:21:12,23981.40,20.30,TIMEOUT,18.0,0.03,-12.50,-188,NO TRADE,BUY CE,BUY CE
OPEN,2026-05-26,13:24:12,24050,CE,BUY CE,35.1,23978.90,9.60,24014.0,23961.0,18.0,,0.00,0.00,,0.0,0.00,0.00,0,BUY CE,BUY CE,NO TRADE
OPEN,2026-05-26,13:26:12,24000,CE,BUY CE,36.3,23972.75,22.75,24006.0,23956.0,18.0,,0.00,0.00,,0.0,0.00,0.00,0,BUY CE,BUY CE,BUY CE
EXIT,2026-05-26,13:24:12,24050,CE,BUY CE,35.1,23978.90,9.60,24014.0,23961.0,18.0,13:28:12,23987.15,9.20,FLIP,4.0,0.03,-4.17,-26,BUY CE,BUY CE,NO TRADE
EXIT,2026-05-26,13:26:12,24000,CE,BUY CE,36.3,23972.75,22.75,24006.0,23956.0,18.0,13:28:12,23987.15,22.75,FLIP,2.0,0.06,0.00,0,BUY CE,BUY CE,BUY CE
OPEN,2026-05-26,13:28:12,23950,PE,BUY PE,35.2,23986.70,20.20,23952.0,24004.0,9.0,,0.00,0.00,,0.0,0.00,0.00,0,NO TRADE,BUY PE,NO TRADE
EXIT,2026-05-26,13:28:12,23950,PE,BUY PE,35.2,23986.70,20.20,23952.0,24004.0,9.0,13:35:12,23982.35,19.20,FLIP,7.0,0.02,-4.95,-65,NO TRADE,BUY PE,NO TRADE
OPEN,2026-05-26,13:35:12,24050,CE,BUY CE,35.4,23980.55,9.20,24016.0,23963.0,18.0,,0.00,0.00,,0.0,0.00,0.00,0,NO TRADE,BUY CE,NO TRADE
EXIT,2026-05-26,13:35:12,24050,CE,BUY CE,35.4,23980.55,9.20,24016.0,23963.0,18.0,13:40:12,23973.00,8.05,FLIP,5.0,-0.03,-12.50,-75,NO TRADE,BUY CE,NO TRADE
OPEN,2026-05-26,13:40:12,23950,PE,BUY PE,35.4,23976.75,20.05,23942.0,23994.0,9.0,,0.00,0.00,,0.0,0.00,0.00,0,NO TRADE,BUY PE,BUY PE
EXIT,2026-05-26,13:40:12,23950,PE,BUY PE,35.4,23976.75,20.05,23942.0,23994.0,9.0,13:41:12,23976.75,20.05,FLIP,1.0,0.00,0.00,0,NO TRADE,BUY PE,BUY PE
OPEN,2026-05-26,13:41:12,24000,CE,BUY CE,35.5,23973.80,17.15,24007.0,23957.0,18.0,,0.00,0.00,,0.0,0.00,0.00,0,NO TRADE,BUY CE,NO TRADE
EXIT,2026-05-26,13:41:12,24000,CE,BUY CE,35.5,23973.80,17.15,24007.0,23957.0,18.0,13:45:12,23970.70,18.00,FLIP,4.0,-0.01,4.96,55,NO TRADE,BUY CE,NO TRADE
OPEN,2026-05-26,13:45:12,23900,PE,BUY PE,37.6,23961.00,7.80,23926.0,23979.0,9.0,,0.00,0.00,,0.0,0.00,0.00,0,NO TRADE,BUY PE,NO TRADE
EXIT,2026-05-26,13:45:12,23900,PE,BUY PE,37.6,23961.00,7.80,23926.0,23979.0,9.0,13:49:12,23962.55,10.55,FLIP,4.0,-0.01,35.26,179,NO TRADE,BUY PE,NO TRADE
OPEN,2026-05-26,13:49:12,24000,CE,BUY CE,36.2,23955.30,12.75,23990.0,23938.0,18.0,,0.00,0.00,,0.0,0.00,0.00,0,BUY CE,BUY CE,BUY CE
EXIT,2026-05-26,13:49:12,24000,CE,BUY CE,36.2,23955.30,12.75,23990.0,23938.0,18.0,13:50:12,23955.30,12.75,FLIP,1.0,0.00,0.00,0,BUY CE,BUY CE,BUY CE
OPEN,2026-05-26,13:50:12,23900,PE,BUY PE,35.7,23950.65,10.55,23915.0,23969.0,9.0,,0.00,0.00,,0.0,0.00,0.00,0,BUY CE,BUY PE,BUY CE
EXIT,2026-05-26,13:50:12,23900,PE,BUY PE,35.7,23950.65,10.55,23915.0,23969.0,9.0,13:52:12,23950.30,12.90,FLIP,2.0,0.00,22.27,153,BUY CE,BUY PE,BUY CE
OPEN,2026-05-26,13:52:12,24000,CE,BUY CE,36.0,23941.55,9.45,23977.0,23924.0,18.0,,0.00,0.00,,0.0,0.00,0.00,0,BUY CE,BUY PE,BUY CE
EXIT,2026-05-26,13:52:12,24000,CE,BUY CE,36.0,23941.55,9.45,23977.0,23924.0,18.0,13:53:12,23941.55,9.45,FLIP,1.0,0.00,0.00,0,BUY CE,BUY PE,BUY CE
OPEN,2026-05-26,13:53:12,23900,PE,BUY PE,35.9,23941.25,12.90,23906.0,23959.0,9.0,,0.00,0.00,,0.0,0.00,0.00,0,BUY CE,BUY PE,BUY CE
EXIT,2026-05-26,13:53:12,23900,PE,BUY PE,35.9,23941.25,12.90,23906.0,23959.0,9.0,13:56:12,23949.80,14.05,FLIP,3.0,-0.04,8.91,75,BUY CE,BUY PE,BUY CE
OPEN,2026-05-26,13:56:12,24000,CE,BUY CE,37.2,23946.40,7.90,23980.0,23929.0,18.0,,0.00,0.00,,0.0,0.00,0.00,0,BUY CE,BUY CE,BUY CE
EXIT,2026-05-26,13:56:12,24000,CE,BUY CE,37.2,23946.40,7.90,23980.0,23929.0,18.0,14:01:12,23927.85,6.70,SL,5.0,-0.08,-15.19,-78,BUY CE,BUY CE,BUY CE
OPEN,2026-05-26,14:02:12,24000,CE,BUY CE,37.8,23925.65,6.70,23961.0,23908.0,18.0,,0.00,0.00,,0.0,0.00,0.00,0,BUY CE,BUY CE,BUY CE
EXIT,2026-05-26,14:02:12,24000,CE,BUY CE,37.8,23925.65,6.70,23961.0,23908.0,18.0,14:04:12,23928.15,5.40,FLIP,2.0,0.01,-19.40,-84,BUY CE,BUY CE,BUY CE
OPEN,2026-05-26,14:04:12,23850,PE,BUY PE,36.3,23913.60,6.20,23878.0,23932.0,9.0,,0.00,0.00,,0.0,0.00,0.00,0,BUY CE,BUY PE,BUY CE
OPEN,2026-05-26,14:07:12,23900,PE,BUY PE,37.6,23933.40,22.00,23896.0,23952.0,9.0,,0.00,0.00,,0.0,0.00,0.00,0,BUY CE,BUY PE,BUY CE
EXIT,2026-05-26,14:04:12,23850,PE,BUY PE,36.3,23913.60,6.20,23878.0,23932.0,9.0,14:07:12,23933.40,7.75,SL,3.0,-0.08,25.00,101,BUY CE,BUY PE,BUY CE
OPEN,2026-05-26,14:10:12,23850,PE,BUY PE,38.4,23924.10,6.00,23886.0,23943.0,9.0,,0.00,0.00,,0.0,0.00,0.00,0,BUY CE,BUY PE,NO TRADE
EXIT,2026-05-26,14:07:12,23900,PE,BUY PE,37.6,23933.40,22.00,23896.0,23952.0,9.0,14:16:12,23920.35,15.30,TIMEOUT,9.0,0.05,-30.45,-435,BUY CE,BUY PE,BUY CE
EXIT,2026-05-26,14:10:12,23850,PE,BUY PE,38.4,23924.10,6.00,23886.0,23943.0,9.0,14:20:12,23924.85,5.85,TIMEOUT,10.0,-0.00,-2.50,-10,BUY CE,BUY PE,NO TRADE
OPEN,2026-05-26,14:21:12,23900,PE,BUY PE,38.4,23927.45,17.90,23892.0,23945.0,9.0,,0.00,0.00,,0.0,0.00,0.00,0,BUY PE,BUY PE,NO TRADE
OPEN,2026-05-26,14:22:12,23850,PE,BUY PE,38.5,23923.35,5.55,23888.0,23941.0,9.0,,0.00,0.00,,0.0,0.00,0.00,0,BUY PE,BUY PE,BUY PE
EXIT,2026-05-26,14:21:12,23900,PE,BUY PE,38.4,23927.45,17.90,23892.0,23945.0,9.0,14:30:12,23919.20,16.50,TIMEOUT,9.0,0.03,-7.82,-91,BUY PE,BUY PE,NO TRADE
OPEN,2026-05-26,14:31:12,23900,PE,BUY PE,39.1,23925.55,16.25,23890.0,23944.0,9.0,,0.00,0.00,,0.0,0.00,0.00,0,BUY PE,BUY PE,NO TRADE
EXIT,2026-05-26,14:22:12,23850,PE,BUY PE,38.5,23923.35,5.55,23888.0,23941.0,9.0,14:32:12,23924.60,4.50,TIMEOUT,10.0,-0.01,-18.92,-68,BUY PE,BUY PE,BUY PE
OPEN,2026-05-26,14:34:12,23850,PE,BUY PE,40.2,23922.45,3.30,23885.0,23941.0,9.0,,0.00,0.00,,0.0,0.00,0.00,0,BUY PE,BUY PE,BUY PE
EXIT,2026-05-26,14:31:12,23900,PE,BUY PE,39.1,23925.55,16.25,23890.0,23944.0,9.0,14:40:12,23902.30,15.10,TIMEOUT,9.0,0.10,-7.08,-75,BUY PE,BUY PE,NO TRADE
EXIT,2026-05-26,14:34:12,23850,PE,BUY PE,40.2,23922.45,3.30,23885.0,23941.0,9.0,14:44:12,23899.30,4.60,TIMEOUT,10.0,0.10,39.39,84,BUY PE,BUY PE,BUY PE
OPEN,2026-05-26,14:45:12,23850,PE,BUY PE,37.9,23895.35,4.60,23858.0,23914.0,9.0,,0.00,0.00,,0.0,0.00,0.00,0,BUY CE,BUY PE,BUY CE
EXIT,2026-05-26,14:45:12,23850,PE,BUY PE,37.9,23895.35,4.60,23858.0,23914.0,9.0,14:52:12,23891.15,2.60,FLIP,7.0,0.02,-43.48,-130,BUY CE,BUY PE,BUY CE
OPEN,2026-05-26,14:52:12,23950,CE,BUY CE,36.7,23891.05,1.20,23926.0,23874.0,18.0,,0.00,0.00,,0.0,0.00,0.00,0,BUY CE,BUY PE,BUY CE
EXIT,2026-05-26,14:52:12,23950,CE,BUY CE,36.7,23891.05,1.20,23926.0,23874.0,18.0,14:57:12,23894.40,1.10,FLIP,5.0,0.01,-8.33,-6,BUY CE,BUY PE,BUY CE
OPEN,2026-05-26,14:57:12,23850,PE,BUY PE,37.7,23901.00,2.85,23867.0,23918.0,9.0,,0.00,0.00,,0.0,0.00,0.00,0,BUY CE,BUY PE,BUY CE
EXIT,2026-05-26,14:57:12,23850,PE,BUY PE,37.7,23901.00,2.85,23867.0,23918.0,9.0,15:00:12,23914.75,0.85,FLIP,3.0,-0.06,-70.18,-130,BUY CE,BUY PE,BUY CE
OPEN,2026-05-26,15:00:12,23900,CE,BUY CE,45.7,23906.65,16.40,23944.0,23888.0,29.0,,0.00,0.00,,0.0,0.00,0.00,0,BUY CE,BUY CE,BUY PE
OPEN,2026-05-26,15:09:12,23950,CE,BUY CE,48.4,23925.10,0.25,23964.0,23906.0,20.0,,0.00,0.00,,0.0,0.00,0.00,0,BUY CE,BUY CE,NO TRADE
EXIT,2026-05-26,15:00:12,23900,CE,BUY CE,45.7,23906.65,16.40,23944.0,23888.0,29.0,15:29:12,23931.80,13.70,TIMEOUT,29.0,0.11,-16.46,-175,BUY CE,BUY CE,BUY PE
EXIT,2026-05-26,15:09:12,23950,CE,BUY CE,48.4,23925.10,0.25,23964.0,23906.0,20.0,15:29:12,23931.80,0.05,TIMEOUT,20.0,0.03,-80.00,-13,BUY CE,BUY CE,NO TRADE
OPEN,2026-05-26,15:30:12,23950,CE,BUY CE,48.7,23933.55,0.05,23972.0,23915.0,25.0,,0.00,0.00,,0.0,0.00,0.00,0,BUY CE,BUY CE,BUY PE
EXIT,2026-05-26,15:30:12,23950,CE,BUY CE,48.7,23933.55,0.05,23972.0,23915.0,25.0,15:30:12,23933.55,0.05,EOD,0.0,0.00,0.00,0,BUY CE,BUY CE,BUY PE
OPEN,2026-05-27,09:00:12,23850,PE,BUY PE,37.7,23913.70,0.05,23873.0,23934.0,9.0,,0.00,0.00,,0.0,0.00,0.00,0,BUY PE,BUY PE,BUY PE
EXIT,2026-05-27,09:00:12,23850,PE,BUY PE,37.7,23913.70,0.05,23873.0,23934.0,9.0,09:10:12,23880.35,137.75,TIMEOUT,10.0,0.14,275400.00,8950,BUY PE,BUY PE,BUY PE
OPEN,2026-05-27,09:11:12,23850,PE,BUY PE,37.3,23880.35,137.75,23835.0,23903.0,9.0,,0.00,0.00,,0.0,0.00,0.00,0,BUY PE,BUY PE,BUY PE
OPEN,2026-05-27,09:16:12,23900,PE,BUY PE,47.4,23906.15,0.00,23861.0,23929.0,9.0,,0.00,0.00,,0.0,0.00,0.00,0,BUY PE,BUY PE,NO TRADE
EXIT,2026-05-27,09:11:12,23850,PE,BUY PE,37.3,23880.35,137.75,23835.0,23903.0,9.0,09:16:12,23906.15,137.75,SL,5.0,-0.11,0.00,0,BUY PE,BUY PE,BUY PE
OPEN,2026-05-27,09:18:12,23950,PE,BUY PE,48.0,23927.70,183.00,23884.0,23950.0,9.0,,0.00,0.00,,0.0,0.00,0.00,0,BUY PE,BUY PE,NO TRADE
EXIT,2026-05-27,09:16:12,23900,PE,BUY PE,47.4,23906.15,0.00,23861.0,23929.0,9.0,09:20:12,23934.85,158.30,SL,4.0,-0.12,0.00,0,BUY PE,BUY PE,NO TRADE
OPEN,2026-05-27,09:26:12,23900,PE,BUY PE,47.7,23922.55,146.00,23879.0,23945.0,9.0,,0.00,0.00,,0.0,0.00,0.00,0,BUY PE,BUY PE,BUY CE
EXIT,2026-05-27,09:18:12,23950,PE,BUY PE,48.0,23927.70,183.00,23884.0,23950.0,9.0,09:27:12,23910.50,169.40,TIMEOUT,9.0,0.07,-7.43,-884,BUY PE,BUY PE,NO TRADE
OPEN,2026-05-27,09:33:12,23850,PE,BUY PE,46.8,23871.60,136.70,23824.0,23896.0,9.0,,0.00,0.00,,0.0,0.00,0.00,0,BUY PE,BUY PE,BUY CE
EXIT,2026-05-27,09:26:12,23900,PE,BUY PE,47.7,23922.55,146.00,23879.0,23945.0,9.0,09:33:12,23871.60,159.00,TARGET,7.0,0.21,8.90,845,BUY PE,BUY PE,BUY CE
EXIT,2026-05-27,09:33:12,23850,PE,BUY PE,46.8,23871.60,136.70,23824.0,23896.0,9.0,09:43:12,23914.25,135.20,SL,10.0,-0.18,-1.10,-98,BUY PE,BUY PE,BUY CE
OPEN,2026-05-27,09:44:12,23850,PE,BUY PE,41.4,23901.45,135.20,23853.0,23925.0,9.0,,0.00,0.00,,0.0,0.00,0.00,0,BUY PE,BUY PE,BUY PE
EXIT,2026-05-27,09:44:12,23850,PE,BUY PE,41.4,23901.45,135.20,23853.0,23925.0,9.0,09:54:12,23880.90,132.25,TIMEOUT,10.0,0.09,-2.18,-192,BUY PE,BUY PE,BUY PE
OPEN,2026-05-27,09:55:12,23850,PE,BUY PE,37.4,23883.60,132.25,23835.0,23908.0,9.0,,0.00,0.00,,0.0,0.00,0.00,0,BUY PE,BUY PE,BUY PE
EXIT,2026-05-27,09:55:12,23850,PE,BUY PE,37.4,23883.60,132.25,23835.0,23908.0,9.0,10:04:12,23894.45,139.30,TIMEOUT,9.0,-0.05,5.33,458,BUY PE,BUY PE,BUY PE
OPEN,2026-05-27,10:06:12,23850,PE,BUY PE,36.7,23924.65,117.85,23877.0,23949.0,9.0,,0.00,0.00,,0.0,0.00,0.00,0,BUY PE,BUY PE,BUY CE
OPEN,2026-05-27,10:09:12,23900,PE,BUY PE,37.7,23936.45,136.60,23885.0,23962.0,9.0,,0.00,0.00,,0.0,0.00,0.00,0,BUY PE,BUY PE,BUY CE
EXIT,2026-05-27,10:06:12,23850,PE,BUY PE,36.7,23924.65,117.85,23877.0,23949.0,9.0,10:15:12,23942.15,111.60,TIMEOUT,9.0,-0.07,-5.30,-406,BUY PE,BUY PE,BUY CE
EXIT,2026-05-27,10:09:12,23900,PE,BUY PE,37.7,23936.45,136.60,23885.0,23962.0,9.0,10:18:12,23952.95,124.95,TIMEOUT,9.0,-0.07,-8.53,-757,BUY PE,BUY PE,BUY CE
OPEN,2026-05-27,13:20:12,23950,CE,BUY CE,35.4,23884.25,132.95,23919.0,23867.0,18.0,,0.00,0.00,,0.0,0.00,0.00,0,BUY CE,NO TRADE,BUY PE
EXIT,2026-05-27,13:20:12,23950,CE,BUY CE,35.4,23884.25,132.95,23919.0,23867.0,18.0,13:38:12,23905.90,139.00,TIMEOUT,18.0,0.09,4.55,393,BUY CE,NO TRADE,BUY PE
OPEN,2026-05-27,14:29:12,23850,PE,BUY PE,36.1,23890.60,116.60,23856.0,23908.0,9.0,,0.00,0.00,,0.0,0.00,0.00,0,NO TRADE,BUY PE,BUY PE
OPEN,2026-05-27,14:34:12,23800,PE,BUY PE,37.0,23873.65,106.50,23839.0,23891.0,9.0,,0.00,0.00,,0.0,0.00,0.00,0,BUY CE,BUY PE,BUY PE
EXIT,2026-05-27,14:29:12,23850,PE,BUY PE,36.1,23890.60,116.60,23856.0,23908.0,9.0,14:38:12,23871.60,134.65,TIMEOUT,9.0,0.08,15.48,1173,NO TRADE,BUY PE,BUY PE
OPEN,2026-05-27,14:39:12,23850,PE,BUY PE,41.1,23882.75,134.65,23846.0,23901.0,9.0,,0.00,0.00,,0.0,0.00,0.00,0,BUY PE,BUY PE,BUY PE
EXIT,2026-05-27,14:34:12,23800,PE,BUY PE,37.0,23873.65,106.50,23839.0,23891.0,9.0,14:44:12,23876.45,106.85,TIMEOUT,10.0,-0.01,0.33,23,BUY CE,BUY PE,BUY PE
OPEN,2026-05-27,14:46:12,23800,PE,BUY PE,39.0,23874.10,109.40,23839.0,23892.0,9.0,,0.00,0.00,,0.0,0.00,0.00,0,BUY PE,BUY PE,BUY PE
EXIT,2026-05-27,14:39:12,23850,PE,BUY PE,41.1,23882.75,134.65,23846.0,23901.0,9.0,14:48:12,23871.60,129.10,TIMEOUT,9.0,0.05,-4.12,-361,BUY PE,BUY PE,BUY PE
OPEN,2026-05-27,14:50:12,23850,PE,BUY PE,37.4,23879.15,132.00,23844.0,23897.0,9.0,,0.00,0.00,,0.0,0.00,0.00,0,BUY CE,BUY PE,BUY CE
EXIT,2026-05-27,14:46:12,23800,PE,BUY PE,39.0,23874.10,109.40,23839.0,23892.0,9.0,14:55:12,23882.55,103.25,TIMEOUT,9.0,-0.04,-5.62,-400,BUY PE,BUY PE,BUY PE
EXIT,2026-05-27,14:50:12,23850,PE,BUY PE,37.4,23879.15,132.00,23844.0,23897.0,9.0,14:59:12,23900.05,119.60,SL,9.0,-0.09,-9.39,-806,BUY CE,BUY PE,BUY CE
OPEN,2026-05-27,15:00:12,23900,CE,BUY CE,47.3,23893.20,169.30,23929.0,23875.0,29.0,,0.00,0.00,,0.0,0.00,0.00,0,BUY CE,BUY CE,NO TRADE
OPEN,2026-05-27,15:23:12,23950,CE,BUY CE,52.1,23925.25,167.15,23959.0,23908.0,6.0,,0.00,0.00,,0.0,0.00,0.00,0,BUY CE,BUY CE,BUY PE
EXIT,2026-05-27,15:00:12,23900,CE,BUY CE,47.3,23893.20,169.30,23929.0,23875.0,29.0,15:29:12,23920.70,194.50,TIMEOUT,29.0,0.12,14.88,1638,BUY CE,BUY CE,NO TRADE
OPEN,2026-05-27,15:30:12,23900,CE,BUY CE,54.2,23920.65,194.50,23955.0,23904.0,25.0,,0.00,0.00,,0.0,0.00,0.00,0,BUY CE,BUY CE,BUY CE
EXIT,2026-05-27,15:30:12,23900,CE,BUY CE,54.2,23920.65,194.50,23955.0,23904.0,25.0,15:30:12,23920.65,194.50,EOD,0.0,0.00,0.00,0,BUY CE,BUY CE,BUY CE
EXIT,2026-05-27,15:23:12,23950,CE,BUY CE,52.1,23925.25,167.15,23959.0,23908.0,6.0,15:30:12,23920.65,166.75,EOD,7.0,-0.02,-0.24,-26,BUY CE,BUY CE,BUY PE
OPEN,2026-05-29,09:16:12,23950,PE,BUY PE,45.8,23952.55,145.50,23906.0,23976.0,9.0,,0.00,0.00,,0.0,0.00,0.00,0,BUY CE,BUY PE,NO TRADE
OPEN,2026-05-29,09:17:12,23900,PE,BUY PE,44.7,23940.75,106.00,23896.0,23963.0,9.0,,0.00,0.00,,0.0,0.00,0.00,0,BUY CE,BUY PE,NO TRADE
EXIT,2026-05-29,09:17:12,23900,PE,BUY PE,44.7,23940.75,106.00,23896.0,23963.0,9.0,09:20:12,23971.70,94.75,SL,3.0,-0.13,-10.61,-731,BUY CE,BUY PE,NO TRADE
OPEN,2026-05-29,09:23:12,23900,PE,BUY PE,43.8,23943.50,91.00,23899.0,23966.0,9.0,,0.00,0.00,,0.0,0.00,0.00,0,BUY CE,BUY PE,BUY PE
EXIT,2026-05-29,09:16:12,23950,PE,BUY PE,45.8,23952.55,145.50,23906.0,23976.0,9.0,09:25:12,23949.95,110.45,FLIP,9.0,0.01,-24.09,-2278,BUY CE,BUY PE,NO TRADE
EXIT,2026-05-29,09:23:12,23900,PE,BUY PE,43.8,23943.50,91.00,23899.0,23966.0,9.0,09:25:12,23949.95,91.00,FLIP,2.0,-0.03,0.00,0,BUY CE,BUY PE,BUY PE
OPEN,2026-05-29,09:25:12,24000,CE,BUY CE,44.4,23935.90,129.00,23983.0,23912.0,18.0,,0.00,0.00,,0.0,0.00,0.00,0,BUY CE,BUY PE,BUY PE
OPEN,2026-05-29,09:26:12,23950,CE,BUY CE,44.1,23923.35,155.75,23968.0,23901.0,18.0,,0.00,0.00,,0.0,0.00,0.00,0,BUY CE,BUY PE,BUY PE
EXIT,2026-05-29,09:25:12,24000,CE,BUY CE,44.4,23935.90,129.00,23983.0,23912.0,18.0,09:29:12,23890.80,124.60,SL,4.0,-0.19,-3.41,-286,BUY CE,BUY PE,BUY PE
EXIT,2026-05-29,09:26:12,23950,CE,BUY CE,44.1,23923.35,155.75,23968.0,23901.0,18.0,09:29:12,23890.80,150.10,SL,3.0,-0.14,-3.63,-367,BUY CE,BUY PE,BUY PE
OPEN,2026-05-29,09:30:12,23950,CE,BUY CE,43.8,23893.65,141.20,23944.0,23869.0,18.0,,0.00,0.00,,0.0,0.00,0.00,0,BUY CE,BUY PE,BUY PE
EXIT,2026-05-29,09:30:12,23950,CE,BUY CE,43.8,23893.65,141.20,23944.0,23869.0,18.0,09:31:12,23893.65,141.20,FLIP,1.0,0.00,0.00,0,BUY CE,BUY PE,BUY PE
OPEN,2026-05-29,09:31:12,23850,PE,BUY PE,44.2,23909.20,95.70,23859.0,23934.0,9.0,,0.00,0.00,,0.0,0.00,0.00,0,BUY CE,BUY PE,BUY PE
EXIT,2026-05-29,09:31:12,23850,PE,BUY PE,44.2,23909.20,95.70,23859.0,23934.0,9.0,09:33:12,23903.30,96.80,FLIP,2.0,0.02,1.15,71,BUY CE,BUY PE,BUY PE
OPEN,2026-05-29,09:33:12,23950,CE,BUY CE,43.2,23897.05,144.05,23948.0,23872.0,18.0,,0.00,0.00,,0.0,0.00,0.00,0,BUY CE,BUY PE,BUY PE
EXIT,2026-05-29,09:33:12,23950,CE,BUY CE,43.2,23897.05,144.05,23948.0,23872.0,18.0,09:34:12,23897.05,144.05,FLIP,1.0,0.00,0.00,0,BUY CE,BUY PE,BUY PE
OPEN,2026-05-29,09:34:12,23900,PE,BUY PE,46.7,23906.65,116.80,23857.0,23932.0,9.0,,0.00,0.00,,0.0,0.00,0.00,0,BUY PE,BUY PE,BUY PE
OPEN,2026-05-29,09:36:12,23850,PE,BUY PE,44.7,23920.90,99.75,23871.0,23946.0,9.0,,0.00,0.00,,0.0,0.00,0.00,0,BUY PE,BUY PE,BUY PE
OPEN,2026-05-29,09:37:12,23950,PE,BUY PE,45.0,23928.65,127.85,23878.0,23954.0,9.0,,0.00,0.00,,0.0,0.00,0.00,0,BUY PE,BUY PE,BUY CE
EXIT,2026-05-29,09:34:12,23900,PE,BUY PE,46.7,23906.65,116.80,23857.0,23932.0,9.0,09:44:12,23878.50,118.55,TIMEOUT,10.0,0.12,1.50,114,BUY PE,BUY PE,BUY PE
EXIT,2026-05-29,09:36:12,23850,PE,BUY PE,44.7,23920.90,99.75,23871.0,23946.0,9.0,09:45:12,23878.50,97.45,FLIP,9.0,0.18,-2.31,-149,BUY PE,BUY PE,BUY PE
EXIT,2026-05-29,09:37:12,23950,PE,BUY PE,45.0,23928.65,127.85,23878.0,23954.0,9.0,09:45:12,23878.50,140.80,FLIP,8.0,0.21,10.13,842,BUY PE,BUY PE,BUY CE
OPEN,2026-05-29,09:45:12,23900,CE,BUY CE,39.9,23872.30,167.00,23928.0,23844.0,18.0,,0.00,0.00,,0.0,0.00,0.00,0,BUY PE,BUY CE,BUY PE
EXIT,2026-05-29,09:45:12,23900,CE,BUY CE,39.9,23872.30,167.00,23928.0,23844.0,18.0,09:46:12,23872.30,167.00,FLIP,1.0,0.00,0.00,0,BUY PE,BUY CE,BUY PE
OPEN,2026-05-29,09:46:12,23850,PE,BUY PE,41.9,23900.25,107.50,23844.0,23928.0,9.0,,0.00,0.00,,0.0,0.00,0.00,0,BUY PE,BUY PE,BUY PE
EXIT,2026-05-29,09:46:12,23850,PE,BUY PE,41.9,23900.25,107.50,23844.0,23928.0,9.0,09:56:12,23891.95,86.75,TIMEOUT,10.0,0.03,-19.30,-1349,BUY PE,BUY PE,BUY PE
OPEN,2026-05-29,09:57:12,23850,PE,BUY PE,39.7,23893.60,86.75,23839.0,23921.0,9.0,,0.00,0.00,,0.0,0.00,0.00,0,BUY PE,BUY PE,BUY PE
OPEN,2026-05-29,10:04:12,23900,PE,BUY PE,40.2,23927.05,110.75,23871.0,23955.0,9.0,,0.00,0.00,,0.0,0.00,0.00,0,BUY PE,BUY PE,BUY PE
EXIT,2026-05-29,09:57:12,23850,PE,BUY PE,39.7,23893.60,86.75,23839.0,23921.0,9.0,10:04:12,23927.05,91.60,SL,7.0,-0.14,5.59,315,BUY PE,BUY PE,BUY PE
EXIT,2026-05-29,10:04:12,23900,PE,BUY PE,40.2,23927.05,110.75,23871.0,23955.0,9.0,10:14:12,23942.75,92.25,TIMEOUT,10.0,-0.07,-16.70,-1202,BUY PE,BUY PE,BUY PE
OPEN,2026-05-29,13:12:12,23850,CE,BUY CE,36.9,23788.55,143.30,23823.0,23772.0,18.0,,0.00,0.00,,0.0,0.00,0.00,0,BUY CE,NO TRADE,NO TRADE
OPEN,2026-05-29,13:15:12,23800,CE,BUY CE,35.6,23767.25,156.45,23803.0,23749.0,18.0,,0.00,0.00,,0.0,0.00,0.00,0,BUY CE,BUY CE,BUY CE
EXIT,2026-05-29,13:12:12,23850,CE,BUY CE,36.9,23788.55,143.30,23823.0,23772.0,18.0,13:15:12,23767.25,130.20,SL,3.0,-0.09,-9.14,-852,BUY CE,NO TRADE,NO TRADE
EXIT,2026-05-29,13:15:12,23800,CE,BUY CE,35.6,23767.25,156.45,23803.0,23749.0,18.0,13:17:12,23760.55,156.45,FLIP,2.0,-0.03,0.00,0,BUY CE,BUY CE,BUY CE
OPEN,2026-05-29,13:17:12,23700,PE,BUY PE,35.6,23771.60,85.35,23736.0,23790.0,9.0,,0.00,0.00,,0.0,0.00,0.00,0,BUY CE,BUY PE,BUY CE
OPEN,2026-05-29,13:18:12,23750,PE,BUY PE,36.6,23784.80,111.45,23748.0,23803.0,9.0,,0.00,0.00,,0.0,0.00,0.00,0,BUY PE,BUY PE,BUY CE
EXIT,2026-05-29,13:17:12,23700,PE,BUY PE,35.6,23771.60,85.35,23736.0,23790.0,9.0,13:27:12,23777.90,86.10,TIMEOUT,10.0,-0.03,0.88,49,BUY CE,BUY PE,BUY CE
OPEN,2026-05-29,13:28:12,23700,PE,BUY PE,35.7,23772.50,86.80,23736.0,23791.0,9.0,,0.00,0.00,,0.0,0.00,0.00,0,BUY CE,BUY PE,BUY CE
EXIT,2026-05-29,13:18:12,23750,PE,BUY PE,36.6,23784.80,111.45,23748.0,23803.0,9.0,13:28:12,23772.50,105.35,TIMEOUT,10.0,0.05,-5.47,-397,BUY PE,BUY PE,BUY CE
OPEN,2026-05-29,13:30:12,23750,PE,BUY PE,37.0,23775.55,107.60,23739.0,23794.0,9.0,,0.00,0.00,,0.0,0.00,0.00,0,BUY CE,BUY PE,BUY CE
EXIT,2026-05-29,13:28:12,23700,PE,BUY PE,35.7,23772.50,86.80,23736.0,23791.0,9.0,13:38:12,23775.45,90.65,TIMEOUT,10.0,-0.01,4.44,250,BUY CE,BUY PE,BUY CE
EXIT,2026-05-29,13:30:12,23750,PE,BUY PE,37.0,23775.55,107.60,23739.0,23794.0,9.0,13:39:12,23776.85,110.20,TIMEOUT,9.0,-0.01,2.42,169,BUY CE,BUY PE,BUY CE
OPEN,2026-05-29,13:40:12,23800,CE,BUY CE,35.6,23767.90,151.50,23804.0,23750.0,18.0,,0.00,0.00,,0.0,0.00,0.00,0,BUY CE,BUY CE,BUY CE
OPEN,2026-05-29,13:43:12,23850,CE,BUY CE,36.2,23776.35,128.00,23811.0,23759.0,18.0,,0.00,0.00,,0.0,0.00,0.00,0,BUY CE,BUY CE,NO TRADE
EXIT,2026-05-29,13:43:12,23850,CE,BUY CE,36.2,23776.35,128.00,23811.0,23759.0,18.0,13:50:12,23755.15,127.10,SL,7.0,-0.09,-0.70,-59,BUY CE,BUY CE,NO TRADE
EXIT,2026-05-29,13:40:12,23800,CE,BUY CE,35.6,23767.90,151.50,23804.0,23750.0,18.0,13:52:12,23745.20,145.65,SL,12.0,-0.10,-3.86,-380,BUY CE,BUY CE,BUY CE
OPEN,2026-05-29,13:53:12,23800,CE,BUY CE,35.4,23745.90,142.70,23782.0,23728.0,18.0,,0.00,0.00,,0.0,0.00,0.00,0,BUY CE,BUY PE,BUY CE
EXIT,2026-05-29,13:53:12,23800,CE,BUY CE,35.4,23745.90,142.70,23782.0,23728.0,18.0,13:57:12,23747.00,138.55,FLIP,4.0,0.00,-2.91,-270,BUY CE,BUY PE,BUY CE
OPEN,2026-05-29,13:57:12,23700,PE,BUY PE,36.2,23755.25,105.05,23720.0,23773.0,9.0,,0.00,0.00,,0.0,0.00,0.00,0,BUY CE,BUY PE,BUY CE
EXIT,2026-05-29,13:57:12,23700,PE,BUY PE,36.2,23755.25,105.05,23720.0,23773.0,9.0,14:06:12,23746.10,102.00,TIMEOUT,9.0,0.04,-2.90,-198,BUY CE,BUY PE,BUY CE
OPEN,2026-05-29,14:07:12,23700,PE,BUY PE,39.5,23743.45,102.00,23707.0,23761.0,9.0,,0.00,0.00,,0.0,0.00,0.00,0,BUY PE,BUY PE,BUY CE
EXIT,2026-05-29,14:07:12,23700,PE,BUY PE,39.5,23743.45,102.00,23707.0,23761.0,9.0,14:16:12,23739.50,100.15,TIMEOUT,9.0,0.02,-1.81,-120,BUY PE,BUY PE,BUY CE
OPEN,2026-05-29,14:17:12,23800,CE,BUY CE,37.2,23735.85,142.85,23769.0,23719.0,18.0,,0.00,0.00,,0.0,0.00,0.00,0,BUY CE,BUY CE,BUY CE
EXIT,2026-05-29,14:17:12,23800,CE,BUY CE,37.2,23735.85,142.85,23769.0,23719.0,18.0,14:25:12,23750.90,143.20,FLIP,8.0,0.06,0.25,23,BUY CE,BUY CE,BUY CE
OPEN,2026-05-29,14:25:12,23700,PE,BUY PE,35.5,23749.65,100.80,23716.0,23767.0,9.0,,0.00,0.00,,0.0,0.00,0.00,0,NO TRADE,BUY PE,NO TRADE
EXIT,2026-05-29,14:25:12,23700,PE,BUY PE,35.5,23749.65,100.80,23716.0,23767.0,9.0,14:31:12,23769.30,93.00,SL,6.0,-0.08,-7.74,-507,NO TRADE,BUY PE,NO TRADE
OPEN,2026-05-29,14:32:12,23700,PE,BUY PE,37.0,23774.60,93.00,23740.0,23792.0,9.0,,0.00,0.00,,0.0,0.00,0.00,0,BUY CE,BUY PE,NO TRADE
EXIT,2026-05-29,14:32:12,23700,PE,BUY PE,37.0,23774.60,93.00,23740.0,23792.0,9.0,14:33:12,23774.60,93.00,FLIP,1.0,0.00,0.00,0,BUY CE,BUY PE,NO TRADE
OPEN,2026-05-29,14:33:12,23850,CE,BUY CE,36.6,23789.75,122.45,23826.0,23772.0,18.0,,0.00,0.00,,0.0,0.00,0.00,0,BUY CE,BUY CE,NO TRADE
EXIT,2026-05-29,14:33:12,23850,CE,BUY CE,36.6,23789.75,122.45,23826.0,23772.0,18.0,14:51:12,23786.60,134.40,FLIP,18.0,-0.01,9.76,777,BUY CE,BUY CE,NO TRADE
OPEN,2026-05-29,14:51:12,23700,PE,BUY PE,37.9,23774.00,81.80,23738.0,23792.0,9.0,,0.00,0.00,,0.0,0.00,0.00,0,BUY PE,BUY PE,BUY CE
OPEN,2026-05-29,14:52:12,23750,PE,BUY PE,37.4,23775.75,101.35,23740.0,23794.0,9.0,,0.00,0.00,,0.0,0.00,0.00,0,BUY PE,BUY PE,BUY CE
EXIT,2026-05-29,14:51:12,23700,PE,BUY PE,37.9,23774.00,81.80,23738.0,23792.0,9.0,15:00:12,23757.50,90.45,FLIP,9.0,0.07,10.57,562,BUY PE,BUY PE,BUY CE
EXIT,2026-05-29,14:52:12,23750,PE,BUY PE,37.4,23775.75,101.35,23740.0,23794.0,9.0,15:00:12,23757.50,109.85,FLIP,8.0,0.08,8.39,552,BUY PE,BUY PE,BUY CE
OPEN,2026-05-29,15:00:12,23750,CE,BUY CE,45.5,23746.60,181.95,23789.0,23726.0,29.0,,0.00,0.00,,0.0,0.00,0.00,0,BUY CE,BUY CE,NO TRADE
OPEN,2026-05-29,15:01:12,23650,CE,BUY CE,46.6,23670.25,245.10,23720.0,23645.0,28.0,,0.00,0.00,,0.0,0.00,0.00,0,BUY CE,BUY CE,BUY PE
EXIT,2026-05-29,15:00:12,23750,CE,BUY CE,45.5,23746.60,181.95,23789.0,23726.0,29.0,15:01:12,23670.25,181.95,SL,1.0,-0.32,0.00,0,BUY CE,BUY CE,NO TRADE
EXIT,2026-05-29,15:01:12,23650,CE,BUY CE,46.6,23670.25,245.10,23720.0,23645.0,28.0,15:02:12,23628.30,193.60,SL,1.0,-0.18,-21.01,-3348,BUY CE,BUY CE,BUY PE
OPEN,2026-05-29,15:03:12,23600,CE,BUY CE,45.3,23600.60,223.65,23660.0,23571.0,26.0,,0.00,0.00,,0.0,0.00,0.00,0,BUY CE,BUY CE,BUY PE
OPEN,2026-05-29,15:05:12,23550,CE,BUY CE,46.0,23561.20,238.55,23625.0,23529.0,24.0,,0.00,0.00,,0.0,0.00,0.00,0,BUY CE,BUY CE,BUY PE
EXIT,2026-05-29,15:03:12,23600,CE,BUY CE,45.3,23600.60,223.65,23660.0,23571.0,26.0,15:05:12,23561.20,206.90,SL,2.0,-0.17,-7.49,-1089,BUY CE,BUY CE,BUY PE
EXIT,2026-05-29,15:05:12,23550,CE,BUY CE,46.0,23561.20,238.55,23625.0,23529.0,24.0,15:08:12,23525.10,227.90,SL,3.0,-0.15,-4.46,-692,BUY CE,BUY CE,BUY PE
OPEN,2026-05-29,15:09:12,23550,CE,BUY CE,44.8,23521.45,227.90,23587.0,23488.0,18.0,,0.00,0.00,,0.0,0.00,0.00,0,BUY CE,BUY CE,BUY CE
EXIT,2026-05-29,15:09:12,23550,CE,BUY CE,44.8,23521.45,227.90,23587.0,23488.0,18.0,15:10:12,23521.45,227.90,FLIP,1.0,0.00,0.00,0,BUY CE,BUY CE,BUY CE
OPEN,2026-05-29,15:10:12,23450,PE,BUY PE,43.8,23508.90,53.90,23442.0,23542.0,9.0,,0.00,0.00,,0.0,0.00,0.00,0,BUY CE,BUY PE,BUY PE
OPEN,2026-05-29,15:11:12,23500,PE,BUY PE,45.3,23519.95,67.25,23456.0,23552.0,9.0,,0.00,0.00,,0.0,0.00,0.00,0,BUY CE,BUY PE,BUY CE
OPEN,2026-05-29,15:14:12,23550,PE,BUY PE,47.7,23527.60,78.70,23463.0,23560.0,9.0,,0.00,0.00,,0.0,0.00,0.00,0,BUY CE,BUY PE,BUY PE
EXIT,2026-05-29,15:10:12,23450,PE,BUY PE,43.8,23508.90,53.90,23442.0,23542.0,9.0,15:16:12,23556.45,40.75,SL,6.0,-0.20,-24.40,-855,BUY CE,BUY PE,BUY PE
EXIT,2026-05-29,15:11:12,23500,PE,BUY PE,45.3,23519.95,67.25,23456.0,23552.0,9.0,15:16:12,23556.45,52.30,SL,5.0,-0.16,-22.23,-972,BUY CE,BUY PE,BUY CE
OPEN,2026-05-29,15:22:12,23500,PE,BUY PE,45.6,23518.15,51.30,23454.0,23550.0,7.0,,0.00,0.00,,0.0,0.00,0.00,0,BUY CE,BUY PE,BUY PE
EXIT,2026-05-29,15:14:12,23550,PE,BUY PE,47.7,23527.60,78.70,23463.0,23560.0,9.0,15:23:12,23522.15,63.20,TIMEOUT,9.0,0.02,-19.70,-1008,BUY CE,BUY PE,BUY PE
OPEN,2026-05-29,15:24:12,23450,PE,BUY PE,44.2,23498.65,40.50,23433.0,23532.0,5.0,,0.00,0.00,,0.0,0.00,0.00,0,BUY CE,BUY PE,BUY CE
OPEN,2026-05-29,15:29:12,23600,PE,BUY PE,52.2,23585.05,97.30,23508.0,23624.0,0.0,,0.00,0.00,,0.0,0.00,0.00,0,BUY PE,BUY PE,BUY PE
EXIT,2026-05-29,15:22:12,23500,PE,BUY PE,45.6,23518.15,51.30,23454.0,23550.0,7.0,15:29:12,23585.05,64.80,SL,7.0,-0.28,26.32,878,BUY CE,BUY PE,BUY PE
EXIT,2026-05-29,15:24:12,23450,PE,BUY PE,44.2,23498.65,40.50,23433.0,23532.0,5.0,15:29:12,23585.05,51.95,SL,5.0,-0.37,28.27,744,BUY CE,BUY PE,BUY CE
EXIT,2026-05-29,15:29:12,23600,PE,BUY PE,52.2,23585.05,97.30,23508.0,23624.0,0.0,15:29:12,23585.05,97.30,TIMEOUT,0.0,0.00,0.00,0,BUY PE,BUY PE,BUY PE
OPEN,2026-05-29,15:30:12,23600,PE,BUY PE,55.2,23608.20,95.80,23528.0,23648.0,25.0,,0.00,0.00,,0.0,0.00,0.00,0,BUY PE,BUY PE,BUY PE
EXIT,2026-05-29,15:30:12,23600,PE,BUY PE,55.2,23608.20,95.80,23528.0,23648.0,25.0,15:30:12,23608.20,95.80,EOD,0.0,0.00,0.00,0,BUY PE,BUY PE,BUY PE
OPEN,2026-05-30,09:00:12,23550,PE,BUY PE,52.2,23547.75,76.00,23459.0,23592.0,9.0,,0.00,0.00,,0.0,0.00,0.00,0,BUY PE,BUY PE,BUY PE
EXIT,2026-05-30,09:00:12,23550,PE,BUY PE,52.2,23547.75,76.00,23459.0,23592.0,9.0,09:09:12,23547.75,76.00,TIMEOUT,9.0,0.00,0.00,0,BUY PE,BUY PE,BUY PE
OPEN,2026-05-30,09:10:12,23550,PE,BUY PE,52.2,23547.75,76.00,23459.0,23592.0,9.0,,0.00,0.00,,0.0,0.00,0.00,0,BUY PE,BUY PE,BUY PE
EXIT,2026-05-30,09:10:12,23550,PE,BUY PE,52.2,23547.75,76.00,23459.0,23592.0,9.0,09:20:12,23547.75,76.00,TIMEOUT,10.0,0.00,0.00,0,BUY PE,BUY PE,BUY PE
OPEN,2026-05-30,09:21:12,23550,PE,BUY PE,52.2,23547.75,76.00,23459.0,23592.0,9.0,,0.00,0.00,,0.0,0.00,0.00,0,BUY PE,BUY PE,BUY PE
EXIT,2026-05-30,09:21:12,23550,PE,BUY PE,52.2,23547.75,76.00,23459.0,23592.0,9.0,09:31:12,23547.75,76.00,TIMEOUT,10.0,0.00,0.00,0,BUY PE,BUY PE,BUY PE
OPEN,2026-05-30,09:32:12,23550,PE,BUY PE,52.0,23547.75,76.00,23459.0,23592.0,9.0,,0.00,0.00,,0.0,0.00,0.00,0,BUY PE,BUY PE,BUY PE
EXIT,2026-05-30,09:32:12,23550,PE,BUY PE,52.0,23547.75,76.00,23459.0,23592.0,9.0,09:41:12,23547.75,76.00,TIMEOUT,9.0,0.00,0.00,0,BUY PE,BUY PE,BUY PE
OPEN,2026-05-30,09:42:12,23550,PE,BUY PE,50.7,23547.75,76.00,23459.0,23592.0,9.0,,0.00,0.00,,0.0,0.00,0.00,0,BUY PE,BUY PE,BUY PE
EXIT,2026-05-30,09:42:12,23550,PE,BUY PE,50.7,23547.75,76.00,23459.0,23592.0,9.0,09:52:12,23547.75,76.00,TIMEOUT,10.0,0.00,0.00,0,BUY PE,BUY PE,BUY PE
OPEN,2026-05-30,09:53:12,23550,PE,BUY PE,50.0,23547.75,76.00,23459.0,23592.0,9.0,,0.00,0.00,,0.0,0.00,0.00,0,BUY PE,BUY PE,BUY PE
EXIT,2026-05-30,09:53:12,23550,PE,BUY PE,50.0,23547.75,76.00,23459.0,23592.0,9.0,10:03:12,23547.75,76.00,TIMEOUT,10.0,0.00,0.00,0,BUY PE,BUY PE,BUY PE
OPEN,2026-05-30,10:04:12,23550,PE,BUY PE,48.7,23547.75,76.00,23459.0,23592.0,9.0,,0.00,0.00,,0.0,0.00,0.00,0,BUY PE,BUY PE,BUY PE
EXIT,2026-05-30,10:04:12,23550,PE,BUY PE,48.7,23547.75,76.00,23459.0,23592.0,9.0,10:13:12,23547.75,76.00,TIMEOUT,9.0,0.00,0.00,0,BUY PE,BUY PE,BUY PE
OPEN,2026-05-30,10:14:12,23550,PE,BUY PE,49.0,23547.75,76.00,23459.0,23592.0,9.0,,0.00,0.00,,0.0,0.00,0.00,0,BUY PE,BUY PE,BUY PE
EXIT,2026-05-30,10:14:12,23550,PE,BUY PE,49.0,23547.75,76.00,23459.0,23592.0,9.0,10:24:12,23547.75,76.00,TIMEOUT,10.0,0.00,0.00,0,BUY PE,BUY PE,BUY PE
OPEN,2026-05-30,10:25:12,23550,PE,BUY PE,49.5,23547.75,76.00,23459.0,23592.0,9.0,,0.00,0.00,,0.0,0.00,0.00,0,BUY PE,BUY PE,BUY PE
EXIT,2026-05-30,10:25:12,23550,PE,BUY PE,49.5,23547.75,76.00,23459.0,23592.0,9.0,10:35:12,23547.75,76.00,TIMEOUT,10.0,0.00,0.00,0,BUY PE,BUY PE,BUY PE
OPEN,2026-05-30,10:36:12,23550,PE,BUY PE,49.5,23547.75,76.00,23459.0,23592.0,9.0,,0.00,0.00,,0.0,0.00,0.00,0,BUY PE,BUY PE,BUY PE
EXIT,2026-05-30,10:36:12,23550,PE,BUY PE,49.5,23547.75,76.00,23459.0,23592.0,9.0,10:46:12,23547.75,76.00,TIMEOUT,10.0,0.00,0.00,0,BUY PE,BUY PE,BUY PE
OPEN,2026-05-30,10:47:12,23550,PE,BUY PE,49.8,23547.75,76.00,23459.0,23592.0,9.0,,0.00,0.00,,0.0,0.00,0.00,0,BUY PE,BUY PE,BUY PE
EXIT,2026-05-30,10:47:12,23550,PE,BUY PE,49.8,23547.75,76.00,23459.0,23592.0,9.0,10:57:12,23547.75,76.00,TIMEOUT,10.0,0.00,0.00,0,BUY PE,BUY PE,BUY PE
OPEN,2026-05-30,10:58:12,23550,PE,BUY PE,51.7,23547.75,76.00,23459.0,23592.0,9.0,,0.00,0.00,,0.0,0.00,0.00,0,BUY PE,BUY PE,BUY PE
EXIT,2026-05-30,10:58:12,23550,PE,BUY PE,51.7,23547.75,76.00,23459.0,23592.0,9.0,11:08:12,23547.75,76.00,TIMEOUT,10.0,0.00,0.00,0,BUY PE,BUY PE,BUY PE
OPEN,2026-05-30,11:09:12,23550,PE,BUY PE,51.7,23547.75,76.00,23459.0,23592.0,9.0,,0.00,0.00,,0.0,0.00,0.00,0,BUY PE,BUY PE,BUY PE
EXIT,2026-05-30,11:09:12,23550,PE,BUY PE,51.7,23547.75,76.00,23459.0,23592.0,9.0,11:19:12,23547.75,76.00,TIMEOUT,10.0,0.00,0.00,0,BUY PE,BUY PE,BUY PE
OPEN,2026-05-30,11:20:12,23550,PE,BUY PE,51.4,23547.75,76.00,23459.0,23592.0,9.0,,0.00,0.00,,0.0,0.00,0.00,0,BUY PE,BUY PE,BUY PE
EXIT,2026-05-30,11:20:12,23550,PE,BUY PE,51.4,23547.75,76.00,23459.0,23592.0,9.0,11:29:12,23547.75,76.00,TIMEOUT,9.0,0.00,0.00,0,BUY PE,BUY PE,BUY PE
OPEN,2026-05-30,11:30:12,23550,PE,BUY PE,51.0,23547.75,76.00,23459.0,23592.0,9.0,,0.00,0.00,,0.0,0.00,0.00,0,BUY PE,BUY PE,BUY PE
EXIT,2026-05-30,11:30:12,23550,PE,BUY PE,51.0,23547.75,76.00,23459.0,23592.0,9.0,11:39:12,23547.75,76.00,TIMEOUT,9.0,0.00,0.00,0,BUY PE,BUY PE,BUY PE
OPEN,2026-05-30,11:40:12,23550,PE,BUY PE,50.9,23547.75,76.00,23459.0,23592.0,9.0,,0.00,0.00,,0.0,0.00,0.00,0,BUY PE,BUY PE,BUY PE
EXIT,2026-05-30,11:40:12,23550,PE,BUY PE,50.9,23547.75,76.00,23459.0,23592.0,9.0,11:50:12,23547.75,76.00,TIMEOUT,10.0,0.00,0.00,0,BUY PE,BUY PE,BUY PE
OPEN,2026-05-30,11:51:12,23550,PE,BUY PE,50.9,23547.75,76.00,23459.0,23592.0,9.0,,0.00,0.00,,0.0,0.00,0.00,0,BUY PE,BUY PE,BUY PE
EXIT,2026-05-30,11:51:12,23550,PE,BUY PE,50.9,23547.75,76.00,23459.0,23592.0,9.0,12:00:12,23547.75,76.00,TIMEOUT,9.0,0.00,0.00,0,BUY PE,BUY PE,BUY PE
OPEN,2026-05-30,12:01:12,23550,PE,BUY PE,50.1,23547.75,76.00,23459.0,23592.0,9.0,,0.00,0.00,,0.0,0.00,0.00,0,BUY PE,BUY PE,BUY PE
EXIT,2026-05-30,12:01:12,23550,PE,BUY PE,50.1,23547.75,76.00,23459.0,23592.0,9.0,12:11:12,23547.75,76.00,TIMEOUT,10.0,0.00,0.00,0,BUY PE,BUY PE,BUY PE
OPEN,2026-05-30,12:12:12,23550,PE,BUY PE,50.1,23547.75,76.00,23459.0,23592.0,9.0,,0.00,0.00,,0.0,0.00,0.00,0,BUY PE,BUY PE,BUY PE
EXIT,2026-05-30,12:12:12,23550,PE,BUY PE,50.1,23547.75,76.00,23459.0,23592.0,9.0,12:22:12,23547.75,76.00,TIMEOUT,10.0,0.00,0.00,0,BUY PE,BUY PE,BUY PE
OPEN,2026-05-30,12:23:12,23550,PE,BUY PE,50.3,23547.75,76.00,23459.0,23592.0,9.0,,0.00,0.00,,0.0,0.00,0.00,0,BUY PE,BUY PE,BUY PE
EXIT,2026-05-30,12:23:12,23550,PE,BUY PE,50.3,23547.75,76.00,23459.0,23592.0,9.0,12:33:12,23547.75,76.00,TIMEOUT,10.0,0.00,0.00,0,BUY PE,BUY PE,BUY PE
OPEN,2026-05-30,12:34:12,23550,PE,BUY PE,51.2,23547.75,76.00,23459.0,23592.0,9.0,,0.00,0.00,,0.0,0.00,0.00,0,BUY PE,BUY PE,BUY PE
EXIT,2026-05-30,12:34:12,23550,PE,BUY PE,51.2,23547.75,76.00,23459.0,23592.0,9.0,12:43:12,23547.75,76.00,TIMEOUT,9.0,0.00,0.00,0,BUY PE,BUY PE,BUY PE
OPEN,2026-05-30,12:44:12,23550,PE,BUY PE,51.3,23547.75,76.00,23459.0,23592.0,9.0,,0.00,0.00,,0.0,0.00,0.00,0,BUY PE,BUY PE,BUY PE
EXIT,2026-05-30,12:44:12,23550,PE,BUY PE,51.3,23547.75,76.00,23459.0,23592.0,9.0,12:53:12,23547.75,76.00,TIMEOUT,9.0,0.00,0.00,0,BUY PE,BUY PE,BUY PE
OPEN,2026-05-30,12:54:12,23550,PE,BUY PE,51.0,23547.75,76.00,23459.0,23592.0,9.0,,0.00,0.00,,0.0,0.00,0.00,0,BUY PE,BUY PE,BUY PE
EXIT,2026-05-30,12:54:12,23550,PE,BUY PE,51.0,23547.75,76.00,23459.0,23592.0,9.0,13:04:12,23547.75,76.00,TIMEOUT,10.0,0.00,0.00,0,BUY PE,BUY PE,BUY PE
OPEN,2026-05-30,13:05:12,23550,PE,BUY PE,51.4,23547.75,76.00,23459.0,23592.0,9.0,,0.00,0.00,,0.0,0.00,0.00,0,BUY PE,BUY PE,BUY PE
EXIT,2026-05-30,13:05:12,23550,PE,BUY PE,51.4,23547.75,76.00,23459.0,23592.0,9.0,13:15:12,23547.75,76.00,TIMEOUT,10.0,0.00,0.00,0,BUY PE,BUY PE,BUY PE
OPEN,2026-05-30,13:16:12,23550,PE,BUY PE,52.0,23547.75,76.00,23459.0,23592.0,9.0,,0.00,0.00,,0.0,0.00,0.00,0,BUY PE,BUY PE,BUY PE
EXIT,2026-05-30,13:16:12,23550,PE,BUY PE,52.0,23547.75,76.00,23459.0,23592.0,9.0,13:26:12,23547.75,76.00,TIMEOUT,10.0,0.00,0.00,0,BUY PE,BUY PE,BUY PE
OPEN,2026-05-30,13:27:12,23550,PE,BUY PE,51.4,23547.75,76.00,23459.0,23592.0,9.0,,0.00,0.00,,0.0,0.00,0.00,0,BUY PE,BUY PE,BUY PE
EXIT,2026-05-30,13:27:12,23550,PE,BUY PE,51.4,23547.75,76.00,23459.0,23592.0,9.0,13:37:12,23547.75,76.00,TIMEOUT,10.0,0.00,0.00,0,BUY PE,BUY PE,BUY PE
OPEN,2026-05-30,13:38:12,23550,PE,BUY PE,51.4,23547.75,76.00,23459.0,23592.0,9.0,,0.00,0.00,,0.0,0.00,0.00,0,BUY PE,BUY PE,BUY PE
EXIT,2026-05-30,13:38:12,23550,PE,BUY PE,51.4,23547.75,76.00,23459.0,23592.0,9.0,13:47:12,23547.75,76.00,TIMEOUT,9.0,0.00,0.00,0,BUY PE,BUY PE,BUY PE
OPEN,2026-05-30,13:48:12,23550,PE,BUY PE,50.5,23547.75,76.00,23459.0,23592.0,9.0,,0.00,0.00,,0.0,0.00,0.00,0,BUY PE,BUY PE,BUY PE
EXIT,2026-05-30,13:48:12,23550,PE,BUY PE,50.5,23547.75,76.00,23459.0,23592.0,9.0,13:57:12,23547.75,76.00,TIMEOUT,9.0,0.00,0.00,0,BUY PE,BUY PE,BUY PE
OPEN,2026-05-30,13:58:12,23550,PE,BUY PE,50.5,23547.75,76.00,23459.0,23592.0,9.0,,0.00,0.00,,0.0,0.00,0.00,0,BUY PE,BUY PE,BUY PE
EXIT,2026-05-30,13:58:12,23550,PE,BUY PE,50.5,23547.75,76.00,23459.0,23592.0,9.0,14:08:12,23547.75,76.00,TIMEOUT,10.0,0.00,0.00,0,BUY PE,BUY PE,BUY PE
OPEN,2026-05-30,14:09:12,23550,PE,BUY PE,50.6,23547.75,76.00,23459.0,23592.0,9.0,,0.00,0.00,,0.0,0.00,0.00,0,BUY PE,BUY PE,BUY PE
EXIT,2026-05-30,14:09:12,23550,PE,BUY PE,50.6,23547.75,76.00,23459.0,23592.0,9.0,14:19:12,23547.75,76.00,TIMEOUT,10.0,0.00,0.00,0,BUY PE,BUY PE,BUY PE
OPEN,2026-05-30,14:20:12,23550,PE,BUY PE,50.6,23547.75,76.00,23459.0,23592.0,9.0,,0.00,0.00,,0.0,0.00,0.00,0,BUY PE,BUY PE,BUY PE
EXIT,2026-05-30,14:20:12,23550,PE,BUY PE,50.6,23547.75,76.00,23459.0,23592.0,9.0,14:30:12,23547.75,76.00,TIMEOUT,10.0,0.00,0.00,0,BUY PE,BUY PE,BUY PE
OPEN,2026-05-30,14:31:12,23550,PE,BUY PE,51.0,23547.75,76.00,23459.0,23592.0,9.0,,0.00,0.00,,0.0,0.00,0.00,0,BUY PE,BUY PE,BUY PE
EXIT,2026-05-30,14:31:12,23550,PE,BUY PE,51.0,23547.75,76.00,23459.0,23592.0,9.0,14:41:12,23547.75,76.00,TIMEOUT,10.0,0.00,0.00,0,BUY PE,BUY PE,BUY PE
OPEN,2026-05-30,14:42:12,23550,PE,BUY PE,51.1,23547.75,76.00,23459.0,23592.0,9.0,,0.00,0.00,,0.0,0.00,0.00,0,BUY PE,BUY PE,BUY PE
EXIT,2026-05-30,14:42:12,23550,PE,BUY PE,51.1,23547.75,76.00,23459.0,23592.0,9.0,14:51:12,23547.75,76.00,TIMEOUT,9.0,0.00,0.00,0,BUY PE,BUY PE,BUY PE
OPEN,2026-05-30,14:52:12,23550,PE,BUY PE,51.1,23547.75,76.00,23459.0,23592.0,9.0,,0.00,0.00,,0.0,0.00,0.00,0,BUY PE,BUY PE,BUY PE
EXIT,2026-05-30,14:52:12,23550,PE,BUY PE,51.1,23547.75,76.00,23459.0,23592.0,9.0,15:02:12,23547.75,76.00,TIMEOUT,10.0,0.00,0.00,0,BUY PE,BUY PE,BUY PE
OPEN,2026-05-30,15:03:12,23550,PE,BUY PE,51.7,23547.75,76.00,23459.0,23592.0,9.0,,0.00,0.00,,0.0,0.00,0.00,0,BUY PE,BUY PE,BUY PE
EXIT,2026-05-30,15:03:12,23550,PE,BUY PE,51.7,23547.75,76.00,23459.0,23592.0,9.0,15:13:12,23547.75,76.00,TIMEOUT,10.0,0.00,0.00,0,BUY PE,BUY PE,BUY PE
OPEN,2026-05-30,15:14:12,23550,PE,BUY PE,52.3,23547.75,76.00,23459.0,23592.0,9.0,,0.00,0.00,,0.0,0.00,0.00,0,BUY PE,BUY PE,BUY PE
EXIT,2026-05-30,15:14:12,23550,PE,BUY PE,52.3,23547.75,76.00,23459.0,23592.0,9.0,15:24:12,23547.75,76.00,TIMEOUT,10.0,0.00,0.00,0,BUY PE,BUY PE,BUY PE
OPEN,2026-05-30,15:25:12,23550,PE,BUY PE,53.0,23547.75,76.00,23459.0,23592.0,4.0,,0.00,0.00,,0.0,0.00,0.00,0,BUY PE,BUY PE,BUY PE
EXIT,2026-05-30,15:25:12,23550,PE,BUY PE,53.0,23547.75,76.00,23459.0,23592.0,4.0,15:30:12,23547.75,76.00,EOD,5.0,0.00,0.00,0,BUY PE,BUY PE,BUY PE
OPEN,2026-05-31,09:00:12,23550,PE,BUY PE,52.2,23547.75,76.00,23459.0,23592.0,9.0,,0.00,0.00,,0.0,0.00,0.00,0,BUY PE,BUY PE,BUY PE
EXIT,2026-05-31,09:00:12,23550,PE,BUY PE,52.2,23547.75,76.00,23459.0,23592.0,9.0,09:10:12,23547.75,76.00,TIMEOUT,10.0,0.00,0.00,0,BUY PE,BUY PE,BUY PE
OPEN,2026-05-31,09:11:12,23550,PE,BUY PE,52.2,23547.75,76.00,23459.0,23592.0,9.0,,0.00,0.00,,0.0,0.00,0.00,0,BUY PE,BUY PE,BUY PE
EXIT,2026-05-31,09:11:12,23550,PE,BUY PE,52.2,23547.75,76.00,23459.0,23592.0,9.0,09:21:12,23547.75,76.00,TIMEOUT,10.0,0.00,0.00,0,BUY PE,BUY PE,BUY PE
OPEN,2026-05-31,09:22:12,23550,PE,BUY PE,52.2,23547.75,76.00,23459.0,23592.0,9.0,,0.00,0.00,,0.0,0.00,0.00,0,BUY PE,BUY PE,BUY PE
EXIT,2026-05-31,09:22:12,23550,PE,BUY PE,52.2,23547.75,76.00,23459.0,23592.0,9.0,09:32:12,23547.75,76.00,TIMEOUT,10.0,0.00,0.00,0,BUY PE,BUY PE,BUY PE
OPEN,2026-05-31,09:33:12,23550,PE,BUY PE,52.0,23547.75,76.00,23459.0,23592.0,9.0,,0.00,0.00,,0.0,0.00,0.00,0,BUY PE,BUY PE,BUY PE
EXIT,2026-05-31,09:33:12,23550,PE,BUY PE,52.0,23547.75,76.00,23459.0,23592.0,9.0,09:43:12,23547.75,76.00,TIMEOUT,10.0,0.00,0.00,0,BUY PE,BUY PE,BUY PE
OPEN,2026-05-31,09:44:12,23550,PE,BUY PE,50.7,23547.75,76.00,23459.0,23592.0,9.0,,0.00,0.00,,0.0,0.00,0.00,0,BUY PE,BUY PE,BUY PE
EXIT,2026-05-31,09:44:12,23550,PE,BUY PE,50.7,23547.75,76.00,23459.0,23592.0,9.0,09:53:12,23547.75,76.00,TIMEOUT,9.0,0.00,0.00,0,BUY PE,BUY PE,BUY PE
OPEN,2026-05-31,09:54:12,23550,PE,BUY PE,49.9,23547.75,76.00,23459.0,23592.0,9.0,,0.00,0.00,,0.0,0.00,0.00,0,BUY PE,BUY PE,BUY PE
EXIT,2026-05-31,09:54:12,23550,PE,BUY PE,49.9,23547.75,76.00,23459.0,23592.0,9.0,10:04:12,23547.75,76.00,TIMEOUT,10.0,0.00,0.00,0,BUY PE,BUY PE,BUY PE
OPEN,2026-05-31,10:05:12,23550,PE,BUY PE,48.7,23547.75,76.00,23459.0,23592.0,9.0,,0.00,0.00,,0.0,0.00,0.00,0,BUY PE,BUY PE,BUY PE
EXIT,2026-05-31,10:05:12,23550,PE,BUY PE,48.7,23547.75,76.00,23459.0,23592.0,9.0,10:14:12,23547.75,76.00,TIMEOUT,9.0,0.00,0.00,0,BUY PE,BUY PE,BUY PE
OPEN,2026-05-31,10:15:12,23550,PE,BUY PE,49.4,23547.75,76.00,23459.0,23592.0,9.0,,0.00,0.00,,0.0,0.00,0.00,0,BUY PE,BUY PE,BUY PE
EXIT,2026-05-31,10:15:12,23550,PE,BUY PE,49.4,23547.75,76.00,23459.0,23592.0,9.0,10:25:12,23547.75,76.00,TIMEOUT,10.0,0.00,0.00,0,BUY PE,BUY PE,BUY PE
OPEN,2026-05-31,10:26:12,23550,PE,BUY PE,49.5,23547.75,76.00,23459.0,23592.0,9.0,,0.00,0.00,,0.0,0.00,0.00,0,BUY PE,BUY PE,BUY PE
EXIT,2026-05-31,10:26:12,23550,PE,BUY PE,49.5,23547.75,76.00,23459.0,23592.0,9.0,10:36:12,23547.75,76.00,TIMEOUT,10.0,0.00,0.00,0,BUY PE,BUY PE,BUY PE
OPEN,2026-05-31,10:37:12,23550,PE,BUY PE,49.5,23547.75,76.00,23459.0,23592.0,9.0,,0.00,0.00,,0.0,0.00,0.00,0,BUY PE,BUY PE,BUY PE
EXIT,2026-05-31,10:37:12,23550,PE,BUY PE,49.5,23547.75,76.00,23459.0,23592.0,9.0,10:47:12,23547.75,76.00,TIMEOUT,10.0,0.00,0.00,0,BUY PE,BUY PE,BUY PE
OPEN,2026-05-31,10:48:12,23550,PE,BUY PE,49.8,23547.75,76.00,23459.0,23592.0,9.0,,0.00,0.00,,0.0,0.00,0.00,0,BUY PE,BUY PE,BUY PE
EXIT,2026-05-31,10:48:12,23550,PE,BUY PE,49.8,23547.75,76.00,23459.0,23592.0,9.0,10:57:12,23547.75,76.00,TIMEOUT,9.0,0.00,0.00,0,BUY PE,BUY PE,BUY PE
OPEN,2026-05-31,10:58:12,23550,PE,BUY PE,51.7,23547.75,76.00,23459.0,23592.0,9.0,,0.00,0.00,,0.0,0.00,0.00,0,BUY PE,BUY PE,BUY PE
EXIT,2026-05-31,10:58:12,23550,PE,BUY PE,51.7,23547.75,76.00,23459.0,23592.0,9.0,11:08:12,23547.75,76.00,TIMEOUT,10.0,0.00,0.00,0,BUY PE,BUY PE,BUY PE
OPEN,2026-05-31,11:09:12,23550,PE,BUY PE,51.7,23547.75,76.00,23459.0,23592.0,9.0,,0.00,0.00,,0.0,0.00,0.00,0,BUY PE,BUY PE,BUY PE
EXIT,2026-05-31,11:09:12,23550,PE,BUY PE,51.7,23547.75,76.00,23459.0,23592.0,9.0,11:19:12,23547.75,76.00,TIMEOUT,10.0,0.00,0.00,0,BUY PE,BUY PE,BUY PE
OPEN,2026-05-31,11:20:12,23550,PE,BUY PE,51.4,23547.75,76.00,23459.0,23592.0,9.0,,0.00,0.00,,0.0,0.00,0.00,0,BUY PE,BUY PE,BUY PE
EXIT,2026-05-31,11:20:12,23550,PE,BUY PE,51.4,23547.75,76.00,23459.0,23592.0,9.0,11:29:12,23547.75,76.00,TIMEOUT,9.0,0.00,0.00,0,BUY PE,BUY PE,BUY PE
OPEN,2026-05-31,11:30:12,23550,PE,BUY PE,51.0,23547.75,76.00,23459.0,23592.0,9.0,,0.00,0.00,,0.0,0.00,0.00,0,BUY PE,BUY PE,BUY PE
EXIT,2026-05-31,11:30:12,23550,PE,BUY PE,51.0,23547.75,76.00,23459.0,23592.0,9.0,11:40:12,23547.75,76.00,TIMEOUT,10.0,0.00,0.00,0,BUY PE,BUY PE,BUY PE
OPEN,2026-05-31,11:41:12,23550,PE,BUY PE,50.9,23547.75,76.00,23459.0,23592.0,9.0,,0.00,0.00,,0.0,0.00,0.00,0,BUY PE,BUY PE,BUY PE
EXIT,2026-05-31,11:41:12,23550,PE,BUY PE,50.9,23547.75,76.00,23459.0,23592.0,9.0,11:51:12,23547.75,76.00,TIMEOUT,10.0,0.00,0.00,0,BUY PE,BUY PE,BUY PE
OPEN,2026-05-31,11:52:12,23550,PE,BUY PE,50.9,23547.75,76.00,23459.0,23592.0,9.0,,0.00,0.00,,0.0,0.00,0.00,0,BUY PE,BUY PE,BUY PE
EXIT,2026-05-31,11:52:12,23550,PE,BUY PE,50.9,23547.75,76.00,23459.0,23592.0,9.0,12:02:12,23547.75,76.00,TIMEOUT,10.0,0.00,0.00,0,BUY PE,BUY PE,BUY PE
OPEN,2026-05-31,12:03:12,23550,PE,BUY PE,50.1,23547.75,76.00,23459.0,23592.0,9.0,,0.00,0.00,,0.0,0.00,0.00,0,BUY PE,BUY PE,BUY PE
EXIT,2026-05-31,12:03:12,23550,PE,BUY PE,50.1,23547.75,76.00,23459.0,23592.0,9.0,12:13:12,23547.75,76.00,TIMEOUT,10.0,0.00,0.00,0,BUY PE,BUY PE,BUY PE
OPEN,2026-05-31,12:14:12,23550,PE,BUY PE,50.1,23547.75,76.00,23459.0,23592.0,9.0,,0.00,0.00,,0.0,0.00,0.00,0,BUY PE,BUY PE,BUY PE
EXIT,2026-05-31,12:14:12,23550,PE,BUY PE,50.1,23547.75,76.00,23459.0,23592.0,9.0,12:23:12,23547.75,76.00,TIMEOUT,9.0,0.00,0.00,0,BUY PE,BUY PE,BUY PE
OPEN,2026-05-31,12:24:12,23550,PE,BUY PE,50.3,23547.75,76.00,23459.0,23592.0,9.0,,0.00,0.00,,0.0,0.00,0.00,0,BUY PE,BUY PE,BUY PE
EXIT,2026-05-31,12:24:12,23550,PE,BUY PE,50.3,23547.75,76.00,23459.0,23592.0,9.0,12:33:12,23547.75,76.00,TIMEOUT,9.0,0.00,0.00,0,BUY PE,BUY PE,BUY PE
OPEN,2026-05-31,12:34:12,23550,PE,BUY PE,51.2,23547.75,76.00,23459.0,23592.0,9.0,,0.00,0.00,,0.0,0.00,0.00,0,BUY PE,BUY PE,BUY PE
EXIT,2026-05-31,12:34:12,23550,PE,BUY PE,51.2,23547.75,76.00,23459.0,23592.0,9.0,12:44:12,23547.75,76.00,TIMEOUT,10.0,0.00,0.00,0,BUY PE,BUY PE,BUY PE
OPEN,2026-05-31,12:45:12,23550,PE,BUY PE,50.9,23547.75,76.00,23459.0,23592.0,9.0,,0.00,0.00,,0.0,0.00,0.00,0,BUY PE,BUY PE,BUY PE
EXIT,2026-05-31,12:45:12,23550,PE,BUY PE,50.9,23547.75,76.00,23459.0,23592.0,9.0,12:55:12,23547.75,76.00,TIMEOUT,10.0,0.00,0.00,0,BUY PE,BUY PE,BUY PE
OPEN,2026-05-31,12:56:12,23550,PE,BUY PE,51.0,23547.75,76.00,23459.0,23592.0,9.0,,0.00,0.00,,0.0,0.00,0.00,0,BUY PE,BUY PE,BUY PE
EXIT,2026-05-31,12:56:12,23550,PE,BUY PE,51.0,23547.75,76.00,23459.0,23592.0,9.0,13:05:12,23547.75,76.00,TIMEOUT,9.0,0.00,0.00,0,BUY PE,BUY PE,BUY PE
OPEN,2026-05-31,13:06:12,23550,PE,BUY PE,51.4,23547.75,76.00,23459.0,23592.0,9.0,,0.00,0.00,,0.0,0.00,0.00,0,BUY PE,BUY PE,BUY PE
EXIT,2026-05-31,13:06:12,23550,PE,BUY PE,51.4,23547.75,76.00,23459.0,23592.0,9.0,13:16:12,23547.75,76.00,TIMEOUT,10.0,0.00,0.00,0,BUY PE,BUY PE,BUY PE
OPEN,2026-05-31,13:17:12,23550,PE,BUY PE,51.9,23547.75,76.00,23459.0,23592.0,9.0,,0.00,0.00,,0.0,0.00,0.00,0,BUY PE,BUY PE,BUY PE
EXIT,2026-05-31,13:17:12,23550,PE,BUY PE,51.9,23547.75,76.00,23459.0,23592.0,9.0,13:27:12,23547.75,76.00,TIMEOUT,10.0,0.00,0.00,0,BUY PE,BUY PE,BUY PE
OPEN,2026-05-31,13:28:12,23550,PE,BUY PE,51.5,23547.75,76.00,23459.0,23592.0,9.0,,0.00,0.00,,0.0,0.00,0.00,0,BUY PE,BUY PE,BUY PE
EXIT,2026-05-31,13:28:12,23550,PE,BUY PE,51.5,23547.75,76.00,23459.0,23592.0,9.0,13:37:12,23547.75,76.00,TIMEOUT,9.0,0.00,0.00,0,BUY PE,BUY PE,BUY PE
OPEN,2026-05-31,13:38:12,23550,PE,BUY PE,51.4,23547.75,76.00,23459.0,23592.0,9.0,,0.00,0.00,,0.0,0.00,0.00,0,BUY PE,BUY PE,BUY PE
EXIT,2026-05-31,13:38:12,23550,PE,BUY PE,51.4,23547.75,76.00,23459.0,23592.0,9.0,13:47:12,23547.75,76.00,TIMEOUT,9.0,0.00,0.00,0,BUY PE,BUY PE,BUY PE
OPEN,2026-05-31,13:48:12,23550,PE,BUY PE,50.5,23547.75,76.00,23459.0,23592.0,9.0,,0.00,0.00,,0.0,0.00,0.00,0,BUY PE,BUY PE,BUY PE
EXIT,2026-05-31,13:48:12,23550,PE,BUY PE,50.5,23547.75,76.00,23459.0,23592.0,9.0,13:57:12,23547.75,76.00,TIMEOUT,9.0,0.00,0.00,0,BUY PE,BUY PE,BUY PE
OPEN,2026-05-31,13:58:12,23550,PE,BUY PE,50.5,23547.75,76.00,23459.0,23592.0,9.0,,0.00,0.00,,0.0,0.00,0.00,0,BUY PE,BUY PE,BUY PE
EXIT,2026-05-31,13:58:12,23550,PE,BUY PE,50.5,23547.75,76.00,23459.0,23592.0,9.0,14:07:12,23547.75,76.00,TIMEOUT,9.0,0.00,0.00,0,BUY PE,BUY PE,BUY PE
OPEN,2026-05-31,14:08:12,23550,PE,BUY PE,50.6,23547.75,76.00,23459.0,23592.0,9.0,,0.00,0.00,,0.0,0.00,0.00,0,BUY PE,BUY PE,BUY PE
EXIT,2026-05-31,14:08:12,23550,PE,BUY PE,50.6,23547.75,76.00,23459.0,23592.0,9.0,14:17:12,23547.75,76.00,TIMEOUT,9.0,0.00,0.00,0,BUY PE,BUY PE,BUY PE
OPEN,2026-05-31,14:18:12,23550,PE,BUY PE,50.6,23547.75,76.00,23459.0,23592.0,9.0,,0.00,0.00,,0.0,0.00,0.00,0,BUY PE,BUY PE,BUY PE
EXIT,2026-05-31,14:18:12,23550,PE,BUY PE,50.6,23547.75,76.00,23459.0,23592.0,9.0,14:27:12,23547.75,76.00,TIMEOUT,9.0,0.00,0.00,0,BUY PE,BUY PE,BUY PE
OPEN,2026-05-31,14:28:12,23550,PE,BUY PE,50.8,23547.75,76.00,23459.0,23592.0,9.0,,0.00,0.00,,0.0,0.00,0.00,0,BUY PE,BUY PE,BUY PE
EXIT,2026-05-31,14:28:12,23550,PE,BUY PE,50.8,23547.75,76.00,23459.0,23592.0,9.0,14:38:12,23547.75,76.00,TIMEOUT,10.0,0.00,0.00,0,BUY PE,BUY PE,BUY PE
OPEN,2026-05-31,14:39:12,23550,PE,BUY PE,51.1,23547.75,76.00,23459.0,23592.0,9.0,,0.00,0.00,,0.0,0.00,0.00,0,BUY PE,BUY PE,BUY PE
EXIT,2026-05-31,14:39:12,23550,PE,BUY PE,51.1,23547.75,76.00,23459.0,23592.0,9.0,14:49:12,23547.75,76.00,TIMEOUT,10.0,0.00,0.00,0,BUY PE,BUY PE,BUY PE
OPEN,2026-05-31,14:50:12,23550,PE,BUY PE,51.1,23547.75,76.00,23459.0,23592.0,9.0,,0.00,0.00,,0.0,0.00,0.00,0,BUY PE,BUY PE,BUY PE
EXIT,2026-05-31,14:50:12,23550,PE,BUY PE,51.1,23547.75,76.00,23459.0,23592.0,9.0,15:00:12,23547.75,76.00,TIMEOUT,10.0,0.00,0.00,0,BUY PE,BUY PE,BUY PE
OPEN,2026-05-31,15:01:12,23550,PE,BUY PE,51.7,23547.75,76.00,23459.0,23592.0,9.0,,0.00,0.00,,0.0,0.00,0.00,0,BUY PE,BUY PE,BUY PE
EXIT,2026-05-31,15:01:12,23550,PE,BUY PE,51.7,23547.75,76.00,23459.0,23592.0,9.0,15:10:12,23547.75,76.00,TIMEOUT,9.0,0.00,0.00,0,BUY PE,BUY PE,BUY PE
OPEN,2026-05-31,15:11:12,23550,PE,BUY PE,52.3,23547.75,76.00,23459.0,23592.0,9.0,,0.00,0.00,,0.0,0.00,0.00,0,BUY PE,BUY PE,BUY PE
EXIT,2026-05-31,15:11:12,23550,PE,BUY PE,52.3,23547.75,76.00,23459.0,23592.0,9.0,15:20:12,23547.75,76.00,TIMEOUT,9.0,0.00,0.00,0,BUY PE,BUY PE,BUY PE
OPEN,2026-05-31,15:21:12,23550,PE,BUY PE,53.0,23547.75,76.00,23459.0,23592.0,8.0,,0.00,0.00,,0.0,0.00,0.00,0,BUY PE,BUY PE,BUY PE
EXIT,2026-05-31,15:21:12,23550,PE,BUY PE,53.0,23547.75,76.00,23459.0,23592.0,8.0,15:30:12,23547.75,76.00,EOD,9.0,0.00,0.00,0,BUY PE,BUY PE,BUY PE
OPEN,2026-06-01,09:00:12,23550,PE,BUY PE,51.3,23547.75,76.00,23459.0,23592.0,9.0,,0.00,0.00,,0.0,0.00,0.00,0,BUY PE,BUY PE,BUY PE
OPEN,2026-06-01,09:08:12,23650,PE,BUY PE,47.8,23654.50,112.80,23569.0,23698.0,9.0,,0.00,0.00,,0.0,0.00,0.00,0,BUY PE,BUY PE,BUY CE
EXIT,2026-06-01,09:00:12,23550,PE,BUY PE,51.3,23547.75,76.00,23459.0,23592.0,9.0,09:08:12,23654.50,76.00,SL,8.0,-0.45,0.00,0,BUY PE,BUY PE,BUY PE
EXIT,2026-06-01,09:08:12,23650,PE,BUY PE,47.8,23654.50,112.80,23569.0,23698.0,9.0,09:18:12,23644.15,94.05,TIMEOUT,10.0,0.04,-16.62,-1219,BUY PE,BUY PE,BUY CE
OPEN,2026-06-01,09:19:12,23650,PE,BUY PE,48.2,23645.30,99.80,23555.0,23690.0,9.0,,0.00,0.00,,0.0,0.00,0.00,0,BUY PE,BUY PE,BUY PE
OPEN,2026-06-01,09:21:12,23600,PE,BUY PE,47.1,23617.45,79.30,23529.0,23661.0,9.0,,0.00,0.00,,0.0,0.00,0.00,0,BUY PE,BUY PE,BUY PE
EXIT,2026-06-01,09:19:12,23650,PE,BUY PE,48.2,23645.30,99.80,23555.0,23690.0,9.0,09:28:12,23606.15,118.50,TIMEOUT,9.0,0.17,18.74,1216,BUY PE,BUY PE,BUY PE
EXIT,2026-06-01,09:21:12,23600,PE,BUY PE,47.1,23617.45,79.30,23529.0,23661.0,9.0,09:30:12,23591.10,91.00,TIMEOUT,9.0,0.11,14.75,761,BUY PE,BUY PE,BUY PE
OPEN,2026-06-01,09:31:12,23600,PE,BUY PE,47.2,23605.75,91.00,23522.0,23648.0,9.0,,0.00,0.00,,0.0,0.00,0.00,0,BUY PE,BUY PE,BUY CE
OPEN,2026-06-01,09:35:12,23550,PE,BUY PE,44.6,23606.60,68.10,23521.0,23650.0,9.0,,0.00,0.00,,0.0,0.00,0.00,0,BUY PE,BUY PE,BUY CE
OPEN,2026-06-01,09:37:12,23500,PE,BUY PE,43.4,23574.60,55.15,23490.0,23617.0,9.0,,0.00,0.00,,0.0,0.00,0.00,0,BUY PE,BUY PE,BUY CE
EXIT,2026-06-01,09:37:12,23500,PE,BUY PE,43.4,23574.60,55.15,23490.0,23617.0,9.0,09:40:12,23621.00,61.00,SL,3.0,-0.20,10.61,380,BUY PE,BUY PE,BUY CE
EXIT,2026-06-01,09:31:12,23600,PE,BUY PE,47.2,23605.75,91.00,23522.0,23648.0,9.0,09:41:12,23611.75,100.20,TIMEOUT,10.0,-0.03,10.11,598,BUY PE,BUY PE,BUY CE
EXIT,2026-06-01,09:35:12,23550,PE,BUY PE,44.6,23606.60,68.10,23521.0,23650.0,9.0,09:44:12,23591.05,62.65,TIMEOUT,9.0,0.07,-8.00,-354,BUY PE,BUY PE,BUY CE
OPEN,2026-06-01,09:45:12,23550,PE,BUY PE,39.5,23580.70,71.80,23494.0,23624.0,9.0,,0.00,0.00,,0.0,0.00,0.00,0,BUY PE,BUY CE,BUY PE
EXIT,2026-06-01,09:45:12,23550,PE,BUY PE,39.5,23580.70,71.80,23494.0,23624.0,9.0,09:54:12,23586.50,76.05,TIMEOUT,9.0,-0.02,5.92,276,BUY PE,BUY CE,BUY PE
OPEN,2026-06-01,09:55:12,23550,PE,BUY PE,39.9,23586.70,72.25,23506.0,23627.0,9.0,,0.00,0.00,,0.0,0.00,0.00,0,BUY PE,BUY PE,BUY PE
OPEN,2026-06-01,09:57:12,23500,PE,BUY PE,36.5,23569.35,57.85,23492.0,23608.0,9.0,,0.00,0.00,,0.0,0.00,0.00,0,BUY PE,BUY CE,BUY PE
EXIT,2026-06-01,09:55:12,23550,PE,BUY PE,39.9,23586.70,72.25,23506.0,23627.0,9.0,10:00:12,23568.15,76.20,FLIP,5.0,0.08,5.47,257,BUY PE,BUY PE,BUY PE
EXIT,2026-06-01,09:57:12,23500,PE,BUY PE,36.5,23569.35,57.85,23492.0,23608.0,9.0,10:00:12,23568.15,57.85,FLIP,3.0,0.01,0.00,0,BUY PE,BUY CE,BUY PE
OPEN,2026-06-01,10:00:12,23600,CE,BUY CE,36.2,23563.70,107.45,23643.0,23524.0,18.0,,0.00,0.00,,0.0,0.00,0.00,0,BUY PE,BUY CE,BUY PE
EXIT,2026-06-01,10:00:12,23600,CE,BUY CE,36.2,23563.70,107.45,23643.0,23524.0,18.0,10:01:12,23563.70,107.45,FLIP,1.0,0.00,0.00,0,BUY PE,BUY CE,BUY PE
OPEN,2026-06-01,10:01:12,23500,PE,BUY PE,37.0,23563.35,59.75,23489.0,23600.0,9.0,,0.00,0.00,,0.0,0.00,0.00,0,BUY PE,BUY CE,BUY CE
EXIT,2026-06-01,10:01:12,23500,PE,BUY PE,37.0,23563.35,59.75,23489.0,23600.0,9.0,10:03:12,23557.90,63.40,FLIP,2.0,0.02,6.11,237,BUY PE,BUY CE,BUY CE
OPEN,2026-06-01,10:03:12,23600,CE,BUY CE,36.7,23554.35,102.75,23630.0,23516.0,18.0,,0.00,0.00,,0.0,0.00,0.00,0,BUY PE,BUY CE,BUY CE
EXIT,2026-06-01,10:03:12,23600,CE,BUY CE,36.7,23554.35,102.75,23630.0,23516.0,18.0,10:06:12,23542.30,99.85,FLIP,3.0,-0.05,-2.82,-189,BUY PE,BUY CE,BUY CE
OPEN,2026-06-01,10:06:12,23500,PE,BUY PE,36.2,23545.95,65.00,23472.0,23583.0,9.0,,0.00,0.00,,0.0,0.00,0.00,0,BUY PE,BUY PE,BUY PE
EXIT,2026-06-01,10:06:12,23500,PE,BUY PE,36.2,23545.95,65.00,23472.0,23583.0,9.0,10:16:12,23551.85,63.05,TIMEOUT,10.0,-0.03,-3.00,-127,BUY PE,BUY PE,BUY PE
OPEN,2026-06-01,10:17:12,23500,PE,BUY PE,37.3,23551.95,63.05,23482.0,23587.0,9.0,,0.00,0.00,,0.0,0.00,0.00,0,BUY PE,BUY PE,BUY PE
EXIT,2026-06-01,10:17:12,23500,PE,BUY PE,37.3,23551.95,63.05,23482.0,23587.0,9.0,10:27:12,23550.65,65.40,TIMEOUT,10.0,0.01,3.73,153,BUY PE,BUY PE,BUY PE
OPEN,2026-06-01,10:40:12,23500,PE,BUY PE,36.2,23545.80,71.05,23479.0,23579.0,9.0,,0.00,0.00,,0.0,0.00,0.00,0,BUY PE,NO TRADE,BUY CE
EXIT,2026-06-01,10:40:12,23500,PE,BUY PE,36.2,23545.80,71.05,23479.0,23579.0,9.0,10:50:12,23565.65,62.95,TIMEOUT,10.0,-0.08,-11.40,-526,BUY PE,NO TRADE,BUY CE
OPEN,2026-06-01,11:59:12,23550,CE,BUY CE,35.9,23499.95,104.65,23555.0,23472.0,18.0,,0.00,0.00,,0.0,0.00,0.00,0,BUY CE,BUY CE,BUY PE
EXIT,2026-06-01,11:59:12,23550,CE,BUY CE,35.9,23499.95,104.65,23555.0,23472.0,18.0,12:08:12,23514.05,95.55,FLIP,9.0,0.06,-8.70,-592,BUY CE,BUY CE,BUY PE
OPEN,2026-06-01,12:08:12,23450,PE,BUY PE,36.2,23511.80,66.55,23458.0,23539.0,9.0,,0.00,0.00,,0.0,0.00,0.00,0,BUY PE,BUY PE,BUY PE
OPEN,2026-06-01,12:14:12,23500,PE,BUY PE,38.1,23526.35,81.05,23473.0,23553.0,9.0,,0.00,0.00,,0.0,0.00,0.00,0,BUY PE,BUY PE,BUY PE
EXIT,2026-06-01,12:08:12,23450,PE,BUY PE,36.2,23511.80,66.55,23458.0,23539.0,9.0,12:17:12,23521.15,59.95,TIMEOUT,9.0,-0.04,-9.92,-429,BUY PE,BUY PE,BUY PE
OPEN,2026-06-01,12:18:12,23450,PE,BUY PE,36.5,23519.05,59.95,23467.0,23545.0,9.0,,0.00,0.00,,0.0,0.00,0.00,0,BUY PE,BUY PE,BUY PE
EXIT,2026-06-01,12:14:12,23500,PE,BUY PE,38.1,23526.35,81.05,23473.0,23553.0,9.0,12:23:12,23525.20,80.10,TIMEOUT,9.0,0.00,-1.17,-62,BUY PE,BUY PE,BUY PE
EXIT,2026-06-01,12:18:12,23450,PE,BUY PE,36.5,23519.05,59.95,23467.0,23545.0,9.0,12:28:12,23518.75,61.80,TIMEOUT,10.0,0.00,3.09,120,BUY PE,BUY PE,BUY PE
OPEN,2026-06-01,12:59:12,23450,PE,BUY PE,35.4,23506.25,67.70,23462.0,23528.0,9.0,,0.00,0.00,,0.0,0.00,0.00,0,BUY PE,NO TRADE,BUY PE
EXIT,2026-06-01,12:59:12,23450,PE,BUY PE,35.4,23506.25,67.70,23462.0,23528.0,9.0,13:08:12,23494.10,67.70,FLIP,9.0,0.05,0.00,0,BUY PE,NO TRADE,BUY PE
OPEN,2026-06-01,13:08:12,23550,CE,BUY CE,35.5,23480.00,87.30,23525.0,23458.0,18.0,,0.00,0.00,,0.0,0.00,0.00,0,BUY CE,BUY CE,BUY CE
EXIT,2026-06-01,13:08:12,23550,CE,BUY CE,35.5,23480.00,87.30,23525.0,23458.0,18.0,13:11:12,23476.80,79.50,FLIP,3.0,-0.01,-8.93,-507,BUY CE,BUY CE,BUY CE
OPEN,2026-06-01,13:11:12,23400,PE,BUY PE,35.2,23470.30,56.05,23426.0,23492.0,9.0,,0.00,0.00,,0.0,0.00,0.00,0,BUY CE,BUY PE,BUY PE
EXIT,2026-06-01,13:11:12,23400,PE,BUY PE,35.2,23470.30,56.05,23426.0,23492.0,9.0,13:12:12,23470.30,56.05,FLIP,1.0,0.00,0.00,0,BUY CE,BUY PE,BUY PE
OPEN,2026-06-01,13:12:12,23500,CE,BUY CE,37.5,23458.15,102.40,23503.0,23436.0,18.0,,0.00,0.00,,0.0,0.00,0.00,0,BUY CE,BUY CE,BUY CE
EXIT,2026-06-01,13:12:12,23500,CE,BUY CE,37.5,23458.15,102.40,23503.0,23436.0,18.0,13:13:12,23458.15,102.40,FLIP,1.0,0.00,0.00,0,BUY CE,BUY CE,BUY CE
OPEN,2026-06-01,13:13:12,23400,PE,BUY PE,36.9,23463.90,58.50,23418.0,23487.0,9.0,,0.00,0.00,,0.0,0.00,0.00,0,BUY CE,BUY PE,BUY CE
EXIT,2026-06-01,13:13:12,23400,PE,BUY PE,36.9,23463.90,58.50,23418.0,23487.0,9.0,13:15:12,23462.65,58.50,FLIP,2.0,0.01,0.00,0,BUY CE,BUY PE,BUY CE
OPEN,2026-06-01,13:15:12,23500,CE,BUY CE,37.0,23459.65,91.55,23506.0,23437.0,18.0,,0.00,0.00,,0.0,0.00,0.00,0,BUY CE,BUY CE,BUY CE
EXIT,2026-06-01,13:15:12,23500,CE,BUY CE,37.0,23459.65,91.55,23506.0,23437.0,18.0,13:17:12,23467.05,91.55,FLIP,2.0,0.03,0.00,0,BUY CE,BUY CE,BUY CE
OPEN,2026-06-01,13:17:12,23400,PE,BUY PE,35.3,23472.05,62.70,23428.0,23494.0,9.0,,0.00,0.00,,0.0,0.00,0.00,0,BUY CE,BUY PE,BUY CE
EXIT,2026-06-01,13:17:12,23400,PE,BUY PE,35.3,23472.05,62.70,23428.0,23494.0,9.0,13:18:12,23472.05,62.70,FLIP,1.0,0.00,0.00,0,BUY CE,BUY PE,BUY CE
OPEN,2026-06-01,13:18:12,23500,CE,BUY CE,35.5,23467.05,95.70,23511.0,23445.0,18.0,,0.00,0.00,,0.0,0.00,0.00,0,BUY PE,BUY CE,BUY CE
EXIT,2026-06-01,13:18:12,23500,CE,BUY CE,35.5,23467.05,95.70,23511.0,23445.0,18.0,13:20:12,23471.45,95.70,FLIP,2.0,0.02,0.00,0,BUY PE,BUY CE,BUY CE
OPEN,2026-06-01,13:20:12,23450,PE,BUY PE,35.4,23478.80,77.95,23434.0,23501.0,9.0,,0.00,0.00,,0.0,0.00,0.00,0,BUY CE,BUY PE,NO TRADE
OPEN,2026-06-01,13:22:12,23400,PE,BUY PE,35.5,23471.70,58.05,23428.0,23494.0,9.0,,0.00,0.00,,0.0,0.00,0.00,0,BUY CE,BUY PE,NO TRADE
EXIT,2026-06-01,13:20:12,23450,PE,BUY PE,35.4,23478.80,77.95,23434.0,23501.0,9.0,13:28:12,23465.20,77.70,FLIP,8.0,0.06,-0.32,-16,BUY CE,BUY PE,NO TRADE
EXIT,2026-06-01,13:22:12,23400,PE,BUY PE,35.5,23471.70,58.05,23428.0,23494.0,9.0,13:28:12,23465.20,58.10,FLIP,6.0,0.03,0.09,3,BUY CE,BUY PE,NO TRADE
OPEN,2026-06-01,13:28:12,23500,CE,BUY CE,35.1,23472.60,93.35,23515.0,23452.0,18.0,,0.00,0.00,,0.0,0.00,0.00,0,BUY CE,BUY PE,NO TRADE
EXIT,2026-06-01,13:28:12,23500,CE,BUY CE,35.1,23472.60,93.35,23515.0,23452.0,18.0,13:30:12,23473.35,93.35,FLIP,2.0,0.00,0.00,0,BUY CE,BUY PE,NO TRADE
OPEN,2026-06-01,13:30:12,23450,PE,BUY PE,36.7,23482.65,79.00,23440.0,23504.0,9.0,,0.00,0.00,,0.0,0.00,0.00,0,NO TRADE,BUY PE,NO TRADE
EXIT,2026-06-01,13:30:12,23450,PE,BUY PE,36.7,23482.65,79.00,23440.0,23504.0,9.0,13:40:12,23483.55,68.20,TIMEOUT,10.0,-0.00,-13.67,-702,NO TRADE,BUY PE,NO TRADE
OPEN,2026-06-01,13:41:12,23450,PE,BUY PE,36.8,23482.65,70.55,23442.0,23503.0,9.0,,0.00,0.00,,0.0,0.00,0.00,0,BUY PE,BUY PE,NO TRADE
OPEN,2026-06-01,13:46:12,23400,PE,BUY PE,36.5,23474.00,51.35,23434.0,23494.0,9.0,,0.00,0.00,,0.0,0.00,0.00,0,NO TRADE,BUY PE,NO TRADE
EXIT,2026-06-01,13:41:12,23450,PE,BUY PE,36.8,23482.65,70.55,23442.0,23503.0,9.0,13:50:12,23463.85,73.05,TIMEOUT,9.0,0.08,3.54,162,BUY PE,BUY PE,NO TRADE
EXIT,2026-06-01,13:46:12,23400,PE,BUY PE,36.5,23474.00,51.35,23434.0,23494.0,9.0,13:55:12,23459.55,56.90,TIMEOUT,9.0,0.06,10.81,361,NO TRADE,BUY PE,NO TRADE
OPEN,2026-06-01,13:56:12,23400,PE,BUY PE,38.5,23459.20,56.90,23419.0,23479.0,9.0,,0.00,0.00,,0.0,0.00,0.00,0,BUY CE,BUY PE,NO TRADE
EXIT,2026-06-01,13:56:12,23400,PE,BUY PE,38.5,23459.20,56.90,23419.0,23479.0,9.0,14:02:12,23450.50,58.35,FLIP,6.0,0.04,2.55,94,BUY CE,BUY PE,NO TRADE
OPEN,2026-06-01,14:02:12,23500,CE,BUY CE,36.1,23441.55,90.60,23482.0,23422.0,18.0,,0.00,0.00,,0.0,0.00,0.00,0,BUY CE,BUY PE,BUY CE
EXIT,2026-06-01,14:02:12,23500,CE,BUY CE,36.1,23441.55,90.60,23482.0,23422.0,18.0,14:04:12,23431.40,90.60,FLIP,2.0,-0.04,0.00,0,BUY CE,BUY PE,BUY CE
OPEN,2026-06-01,14:04:12,23400,PE,BUY PE,36.0,23440.80,67.60,23399.0,23462.0,9.0,,0.00,0.00,,0.0,0.00,0.00,0,BUY CE,BUY PE,BUY CE
EXIT,2026-06-01,14:04:12,23400,PE,BUY PE,36.0,23440.80,67.60,23399.0,23462.0,9.0,14:13:12,23431.70,68.70,FLIP,9.0,0.04,1.63,72,BUY CE,BUY PE,BUY CE
OPEN,2026-06-01,14:13:12,23500,CE,BUY CE,36.5,23425.35,74.60,23465.0,23405.0,18.0,,0.00,0.00,,0.0,0.00,0.00,0,BUY CE,BUY CE,BUY CE
OPEN,2026-06-01,14:14:12,23450,CE,BUY CE,36.6,23416.95,98.75,23458.0,23396.0,18.0,,0.00,0.00,,0.0,0.00,0.00,0,BUY CE,BUY CE,BUY CE
EXIT,2026-06-01,14:13:12,23500,CE,BUY CE,36.5,23425.35,74.60,23465.0,23405.0,18.0,14:15:12,23416.95,75.55,FLIP,2.0,-0.04,1.27,62,BUY CE,BUY CE,BUY CE
EXIT,2026-06-01,14:14:12,23450,CE,BUY CE,36.6,23416.95,98.75,23458.0,23396.0,18.0,14:15:12,23416.95,98.75,FLIP,1.0,0.00,0.00,0,BUY CE,BUY CE,BUY CE
OPEN,2026-06-01,14:15:12,23350,PE,BUY PE,37.0,23418.10,49.10,23377.0,23439.0,9.0,,0.00,0.00,,0.0,0.00,0.00,0,BUY CE,BUY PE,BUY CE
EXIT,2026-06-01,14:15:12,23350,PE,BUY PE,37.0,23418.10,49.10,23377.0,23439.0,9.0,14:24:12,23397.55,53.35,TIMEOUT,9.0,0.09,8.66,276,BUY CE,BUY PE,BUY CE
OPEN,2026-06-01,14:25:12,23350,PE,BUY PE,38.5,23400.65,53.35,23357.0,23423.0,9.0,,0.00,0.00,,0.0,0.00,0.00,0,BUY PE,BUY PE,BUY CE
EXIT,2026-06-01,14:25:12,23350,PE,BUY PE,38.5,23400.65,53.35,23357.0,23423.0,9.0,14:34:12,23399.75,58.50,TIMEOUT,9.0,0.00,9.65,335,BUY PE,BUY PE,BUY CE
OPEN,2026-06-01,14:35:12,23350,PE,BUY PE,41.3,23395.95,58.50,23353.0,23417.0,9.0,,0.00,0.00,,0.0,0.00,0.00,0,BUY PE,BUY PE,BUY CE
EXIT,2026-06-01,14:35:12,23350,PE,BUY PE,41.3,23395.95,58.50,23353.0,23417.0,9.0,14:40:12,23419.85,55.55,SL,5.0,-0.10,-5.04,-192,BUY PE,BUY PE,BUY CE
OPEN,2026-06-01,14:41:12,23350,PE,BUY PE,40.0,23418.55,49.35,23378.0,23439.0,9.0,,0.00,0.00,,0.0,0.00,0.00,0,BUY PE,BUY PE,NO TRADE
EXIT,2026-06-01,14:41:12,23350,PE,BUY PE,40.0,23418.55,49.35,23378.0,23439.0,9.0,14:50:12,23404.25,49.85,TIMEOUT,9.0,0.06,1.01,32,BUY PE,BUY PE,NO TRADE
OPEN,2026-06-01,14:51:12,23350,PE,BUY PE,41.2,23393.40,49.85,23351.0,23414.0,9.0,,0.00,0.00,,0.0,0.00,0.00,0,BUY PE,BUY PE,BUY PE
OPEN,2026-06-01,14:53:12,23300,PE,BUY PE,42.3,23374.05,41.45,23329.0,23397.0,9.0,,0.00,0.00,,0.0,0.00,0.00,0,BUY PE,BUY PE,BUY CE
EXIT,2026-06-01,14:51:12,23350,PE,BUY PE,41.2,23393.40,49.85,23351.0,23414.0,9.0,15:00:12,23381.05,63.10,FLIP,9.0,0.05,26.58,861,BUY PE,BUY PE,BUY PE
EXIT,2026-06-01,14:53:12,23300,PE,BUY PE,42.3,23374.05,41.45,23329.0,23397.0,9.0,15:00:12,23381.05,45.35,FLIP,7.0,-0.03,9.41,253,BUY PE,BUY PE,BUY CE
OPEN,2026-06-01,15:00:12,23350,CE,BUY CE,46.0,23365.95,126.00,23412.0,23343.0,29.0,,0.00,0.00,,0.0,0.00,0.00,0,BUY CE,BUY CE,BUY CE
OPEN,2026-06-01,15:01:12,23450,CE,BUY CE,44.2,23379.85,75.40,23424.0,23358.0,18.0,,0.00,0.00,,0.0,0.00,0.00,0,BUY CE,BUY PE,NO TRADE
OPEN,2026-06-01,15:02:12,23400,CE,BUY CE,46.4,23376.50,89.40,23422.0,23354.0,27.0,,0.00,0.00,,0.0,0.00,0.00,0,BUY CE,BUY CE,NO TRADE
EXIT,2026-06-01,15:02:12,23400,CE,BUY CE,46.4,23376.50,89.40,23422.0,23354.0,27.0,15:17:12,23401.00,107.75,FLIP,15.0,0.10,20.53,1193,BUY CE,BUY CE,NO TRADE
EXIT,2026-06-01,15:00:12,23350,CE,BUY CE,46.0,23365.95,126.00,23412.0,23343.0,29.0,15:17:12,23401.00,137.45,FLIP,17.0,0.15,9.09,744,BUY CE,BUY CE,BUY CE
EXIT,2026-06-01,15:01:12,23450,CE,BUY CE,44.2,23379.85,75.40,23424.0,23358.0,18.0,15:17:12,23401.00,83.00,FLIP,16.0,0.09,10.08,494,BUY CE,BUY PE,NO TRADE
OPEN,2026-06-01,15:17:12,23350,PE,BUY PE,43.1,23396.80,54.25,23350.0,23420.0,9.0,,0.00,0.00,,0.0,0.00,0.00,0,BUY CE,BUY PE,BUY PE
EXIT,2026-06-01,15:17:12,23350,PE,BUY PE,43.1,23396.80,54.25,23350.0,23420.0,9.0,15:18:12,23396.80,54.25,FLIP,1.0,0.00,0.00,0,BUY CE,BUY PE,BUY PE
OPEN,2026-06-01,15:18:12,23450,CE,BUY CE,44.3,23386.80,83.00,23434.0,23363.0,11.0,,0.00,0.00,,0.0,0.00,0.00,0,BUY CE,BUY CE,BUY PE
OPEN,2026-06-01,15:22:12,23400,CE,BUY CE,44.2,23367.70,99.60,23414.0,23345.0,7.0,,0.00,0.00,,0.0,0.00,0.00,0,BUY CE,BUY CE,BUY PE
EXIT,2026-06-01,15:18:12,23450,CE,BUY CE,44.3,23386.80,83.00,23434.0,23363.0,11.0,15:30:12,23378.70,74.15,EOD,12.0,-0.03,-10.66,-575,BUY CE,BUY CE,BUY PE
EXIT,2026-06-01,15:22:12,23400,CE,BUY CE,44.2,23367.70,99.60,23414.0,23345.0,7.0,15:30:12,23378.70,98.30,EOD,8.0,0.05,-1.31,-84,BUY CE,BUY CE,BUY PE
OPEN,2026-06-02,09:00:12,23350,PE,BUY PE,41.9,23382.60,52.35,23336.0,23406.0,9.0,,0.00,0.00,,0.0,0.00,0.00,0,BUY PE,BUY PE,BUY PE
EXIT,2026-06-02,09:00:12,23350,PE,BUY PE,41.9,23382.60,52.35,23336.0,23406.0,9.0,09:07:12,23382.60,52.35,FLIP,7.0,0.00,0.00,0,BUY PE,BUY PE,BUY PE
OPEN,2026-06-02,09:07:12,23300,CE,BUY CE,39.0,23229.15,154.95,23297.0,23195.0,18.0,,0.00,0.00,,0.0,0.00,0.00,0,BUY PE,BUY CE,BUY CE
EXIT,2026-06-02,09:07:12,23300,CE,BUY CE,39.0,23229.15,154.95,23297.0,23195.0,18.0,09:16:12,23229.15,154.95,FLIP,9.0,0.00,0.00,0,BUY PE,BUY CE,BUY CE
OPEN,2026-06-02,09:16:12,23250,PE,BUY PE,48.0,23247.80,0.00,23184.0,23280.0,9.0,,0.00,0.00,,0.0,0.00,0.00,0,BUY PE,BUY PE,NO TRADE
OPEN,2026-06-02,09:19:12,23300,PE,BUY PE,48.6,23275.30,91.35,23211.0,23307.0,9.0,,0.00,0.00,,0.0,0.00,0.00,0,BUY PE,BUY PE,BUY PE
EXIT,2026-06-02,09:16:12,23250,PE,BUY PE,48.0,23247.80,0.00,23184.0,23280.0,9.0,09:20:12,23280.50,47.45,SL,4.0,-0.14,0.00,0,BUY PE,BUY PE,NO TRADE
OPEN,2026-06-02,09:23:12,23250,PE,BUY PE,48.7,23274.90,43.70,23213.0,23306.0,9.0,,0.00,0.00,,0.0,0.00,0.00,0,BUY PE,BUY PE,BUY PE
EXIT,2026-06-02,09:19:12,23300,PE,BUY PE,48.6,23275.30,91.35,23211.0,23307.0,9.0,09:29:12,23291.10,59.60,TIMEOUT,10.0,-0.07,-34.76,-2064,BUY PE,BUY PE,BUY PE
OPEN,2026-06-02,09:33:12,23200,PE,BUY PE,44.9,23270.85,25.25,23210.0,23301.0,9.0,,0.00,0.00,,0.0,0.00,0.00,0,BUY PE,BUY PE,BUY CE
EXIT,2026-06-02,09:23:12,23250,PE,BUY PE,48.7,23274.90,43.70,23213.0,23306.0,9.0,09:33:12,23270.85,41.85,TIMEOUT,10.0,0.02,-4.23,-120,BUY PE,BUY PE,BUY PE
OPEN,2026-06-02,09:35:12,23250,PE,BUY PE,41.9,23284.45,41.85,23223.0,23315.0,9.0,,0.00,0.00,,0.0,0.00,0.00,0,BUY PE,BUY PE,BUY CE
EXIT,2026-06-02,09:33:12,23200,PE,BUY PE,44.9,23270.85,25.25,23210.0,23301.0,9.0,09:42:12,23282.95,16.95,TIMEOUT,9.0,-0.05,-32.87,-540,BUY PE,BUY PE,BUY CE
OPEN,2026-06-02,09:43:12,23200,PE,BUY PE,40.7,23272.20,22.80,23212.0,23302.0,9.0,,0.00,0.00,,0.0,0.00,0.00,0,BUY PE,BUY PE,BUY PE
EXIT,2026-06-02,09:35:12,23250,PE,BUY PE,41.9,23284.45,41.85,23223.0,23315.0,9.0,09:44:12,23287.20,39.15,TIMEOUT,9.0,-0.01,-6.45,-176,BUY PE,BUY PE,BUY CE
OPEN,2026-06-02,09:45:12,23250,PE,BUY PE,43.6,23303.80,39.15,23244.0,23334.0,9.0,,0.00,0.00,,0.0,0.00,0.00,0,BUY PE,BUY PE,BUY PE
EXIT,2026-06-02,09:43:12,23200,PE,BUY PE,40.7,23272.20,22.80,23212.0,23302.0,9.0,09:45:12,23303.80,22.80,SL,2.0,-0.14,0.00,0,BUY PE,BUY PE,BUY PE
EXIT,2026-06-02,09:45:12,23250,PE,BUY PE,43.6,23303.80,39.15,23244.0,23334.0,9.0,09:55:12,23309.60,29.50,TIMEOUT,10.0,-0.02,-24.65,-627,BUY PE,BUY PE,BUY PE
OPEN,2026-06-02,09:56:12,23250,PE,BUY PE,39.3,23319.00,29.50,23261.0,23348.0,9.0,,0.00,0.00,,0.0,0.00,0.00,0,BUY PE,BUY PE,BUY PE
EXIT,2026-06-02,09:56:12,23250,PE,BUY PE,39.3,23319.00,29.50,23261.0,23348.0,9.0,10:06:12,23319.35,23.25,TIMEOUT,10.0,-0.00,-21.19,-406,BUY PE,BUY PE,BUY PE
OPEN,2026-06-02,10:21:12,23250,PE,BUY PE,36.9,23315.60,19.75,23261.0,23343.0,9.0,,0.00,0.00,,0.0,0.00,0.00,0,BUY PE,NO TRADE,BUY CE
OPEN,2026-06-02,10:23:12,23300,PE,BUY PE,37.8,23332.95,36.95,23276.0,23361.0,9.0,,0.00,0.00,,0.0,0.00,0.00,0,BUY PE,BUY PE,BUY CE
EXIT,2026-06-02,10:21:12,23250,PE,BUY PE,36.9,23315.60,19.75,23261.0,23343.0,9.0,10:24:12,23356.55,18.15,SL,3.0,-0.18,-8.10,-104,BUY PE,NO TRADE,BUY CE
EXIT,2026-06-02,10:23:12,23300,PE,BUY PE,37.8,23332.95,36.95,23276.0,23361.0,9.0,10:27:12,23366.40,25.40,SL,4.0,-0.14,-31.26,-751,BUY PE,BUY PE,BUY CE
OPEN,2026-06-02,10:28:12,23300,PE,BUY PE,35.8,23373.45,25.40,23312.0,23404.0,9.0,,0.00,0.00,,0.0,0.00,0.00,0,NO TRADE,BUY PE,BUY CE
EXIT,2026-06-02,10:28:12,23300,PE,BUY PE,35.8,23373.45,25.40,23312.0,23404.0,9.0,10:38:12,23341.35,30.10,TIMEOUT,10.0,0.14,18.50,306,NO TRADE,BUY PE,BUY CE
OPEN,2026-06-02,10:39:12,23300,PE,BUY PE,36.9,23348.60,30.10,23289.0,23379.0,9.0,,0.00,0.00,,0.0,0.00,0.00,0,BUY PE,NO TRADE,BUY PE
EXIT,2026-06-02,10:39:12,23300,PE,BUY PE,36.9,23348.60,30.10,23289.0,23379.0,9.0,10:49:12,23344.10,24.50,TIMEOUT,10.0,0.02,-18.60,-364,BUY PE,NO TRADE,BUY PE
OPEN,2026-06-02,10:56:12,23250,PE,BUY PE,35.3,23289.15,22.60,23233.0,23317.0,9.0,,0.00,0.00,,0.0,0.00,0.00,0,NO TRADE,BUY PE,BUY PE
EXIT,2026-06-02,10:56:12,23250,PE,BUY PE,35.3,23289.15,22.60,23233.0,23317.0,9.0,11:05:12,23300.85,20.65,TIMEOUT,9.0,-0.05,-8.63,-127,NO TRADE,BUY PE,BUY PE
OPEN,2026-06-02,11:06:12,23250,PE,BUY PE,36.0,23305.45,20.65,23252.0,23332.0,9.0,,0.00,0.00,,0.0,0.00,0.00,0,BUY PE,NO TRADE,BUY CE
EXIT,2026-06-02,11:06:12,23250,PE,BUY PE,36.0,23305.45,20.65,23252.0,23332.0,9.0,11:15:12,23310.15,16.35,TIMEOUT,9.0,-0.02,-20.82,-279,BUY PE,NO TRADE,BUY CE
OPEN,2026-06-02,11:28:12,23300,PE,BUY PE,35.2,23337.70,18.75,23282.0,23366.0,9.0,,0.00,0.00,,0.0,0.00,0.00,0,BUY PE,NO TRADE,BUY CE
EXIT,2026-06-02,11:28:12,23300,PE,BUY PE,35.2,23337.70,18.75,23282.0,23366.0,9.0,11:38:12,23306.45,23.80,TIMEOUT,10.0,0.13,26.93,328,BUY PE,NO TRADE,BUY CE
OPEN,2026-06-02,11:40:12,23350,CE,BUY CE,35.1,23292.00,22.65,23348.0,23264.0,18.0,,0.00,0.00,,0.0,0.00,0.00,0,BUY PE,BUY CE,BUY PE
EXIT,2026-06-02,11:40:12,23350,CE,BUY CE,35.1,23292.00,22.65,23348.0,23264.0,18.0,11:41:12,23292.00,22.65,FLIP,1.0,0.00,0.00,0,BUY PE,BUY CE,BUY PE
OPEN,2026-06-02,11:41:12,23250,PE,BUY PE,35.0,23300.75,18.05,23248.0,23327.0,9.0,,0.00,0.00,,0.0,0.00,0.00,0,BUY PE,NO TRADE,BUY PE
EXIT,2026-06-02,11:41:12,23250,PE,BUY PE,35.0,23300.75,18.05,23248.0,23327.0,9.0,11:45:12,23312.40,16.30,FLIP,4.0,-0.05,-9.70,-114,BUY PE,NO TRADE,BUY PE
OPEN,2026-06-02,11:45:12,23350,CE,BUY CE,35.1,23293.40,23.60,23349.0,23265.0,18.0,,0.00,0.00,,0.0,0.00,0.00,0,BUY PE,BUY CE,BUY PE
EXIT,2026-06-02,11:45:12,23350,CE,BUY CE,35.1,23293.40,23.60,23349.0,23265.0,18.0,12:04:12,23297.90,17.65,TIMEOUT,19.0,0.02,-25.21,-387,BUY PE,BUY CE,BUY PE
OPEN,2026-06-02,12:35:12,23300,PE,BUY PE,37.1,23332.20,20.20,23278.0,23359.0,9.0,,0.00,0.00,,0.0,0.00,0.00,0,BUY PE,BUY PE,BUY CE
OPEN,2026-06-02,12:36:12,23250,PE,BUY PE,37.6,23324.05,9.15,23272.0,23350.0,9.0,,0.00,0.00,,0.0,0.00,0.00,0,BUY PE,BUY PE,BUY CE
EXIT,2026-06-02,12:35:12,23300,PE,BUY PE,37.1,23332.20,20.20,23278.0,23359.0,9.0,12:44:12,23360.05,17.65,SL,9.0,-0.12,-12.62,-166,BUY PE,BUY PE,BUY CE
EXIT,2026-06-02,12:36:12,23250,PE,BUY PE,37.6,23324.05,9.15,23272.0,23350.0,9.0,12:44:12,23360.05,7.80,SL,8.0,-0.15,-14.75,-88,BUY PE,BUY PE,BUY CE
OPEN,2026-06-02,12:47:12,23450,CE,BUY CE,36.7,23422.80,15.50,23481.0,23394.0,18.0,,0.00,0.00,,0.0,0.00,0.00,0,BUY CE,BUY PE,BUY CE
OPEN,2026-06-02,12:48:12,23500,CE,BUY CE,36.5,23429.75,20.50,23489.0,23400.0,18.0,,0.00,0.00,,0.0,0.00,0.00,0,BUY CE,BUY PE,BUY CE
EXIT,2026-06-02,12:47:12,23450,CE,BUY CE,36.7,23422.80,15.50,23481.0,23394.0,18.0,13:06:12,23452.20,52.10,TIMEOUT,19.0,0.13,236.13,2379,BUY CE,BUY PE,BUY CE
EXIT,2026-06-02,12:48:12,23500,CE,BUY CE,36.5,23429.75,20.50,23489.0,23400.0,18.0,13:07:12,23457.90,29.05,TIMEOUT,19.0,0.12,41.71,556,BUY CE,BUY PE,BUY CE
OPEN,2026-06-02,13:08:12,23500,CE,BUY CE,39.4,23456.35,29.05,23514.0,23427.0,18.0,,0.00,0.00,,0.0,0.00,0.00,0,BUY CE,BUY CE,BUY CE
OPEN,2026-06-02,13:13:12,23550,CE,BUY CE,39.1,23485.70,14.65,23546.0,23456.0,18.0,,0.00,0.00,,0.0,0.00,0.00,0,BUY CE,BUY CE,BUY PE
EXIT,2026-06-02,13:08:12,23500,CE,BUY CE,39.4,23456.35,29.05,23514.0,23427.0,18.0,13:27:12,23482.40,39.95,TIMEOUT,19.0,0.11,37.52,709,BUY CE,BUY CE,BUY CE
EXIT,2026-06-02,13:13:12,23550,CE,BUY CE,39.1,23485.70,14.65,23546.0,23456.0,18.0,13:31:12,23517.05,23.15,TIMEOUT,18.0,0.13,58.02,552,BUY CE,BUY CE,BUY PE
OPEN,2026-06-02,13:32:12,23550,CE,BUY CE,38.8,23514.35,23.15,23569.0,23487.0,18.0,,0.00,0.00,,0.0,0.00,0.00,0,BUY CE,BUY CE,BUY CE
OPEN,2026-06-02,13:35:12,23600,CE,BUY CE,38.3,23526.60,11.85,23584.0,23498.0,18.0,,0.00,0.00,,0.0,0.00,0.00,0,BUY CE,BUY CE,BUY CE
EXIT,2026-06-02,13:35:12,23600,CE,BUY CE,38.3,23526.60,11.85,23584.0,23498.0,18.0,13:42:12,23495.60,7.95,SL,7.0,-0.13,-32.91,-253,BUY CE,BUY CE,BUY CE
EXIT,2026-06-02,13:32:12,23550,CE,BUY CE,38.8,23514.35,23.15,23569.0,23487.0,18.0,13:50:12,23519.65,21.00,TIMEOUT,18.0,0.02,-9.29,-140,BUY CE,BUY CE,BUY CE
OPEN,2026-06-02,13:51:12,23550,CE,BUY CE,39.8,23515.15,21.00,23566.0,23490.0,18.0,,0.00,0.00,,0.0,0.00,0.00,0,BUY CE,BUY CE,BUY CE
OPEN,2026-06-02,14:05:12,23600,CE,BUY CE,36.2,23528.05,6.55,23578.0,23503.0,18.0,,0.00,0.00,,0.0,0.00,0.00,0,BUY CE,NO TRADE,BUY PE
EXIT,2026-06-02,13:51:12,23550,CE,BUY CE,39.8,23515.15,21.00,23566.0,23490.0,18.0,14:10:12,23539.85,21.80,TIMEOUT,19.0,0.11,3.81,52,BUY CE,BUY CE,BUY CE
OPEN,2026-06-02,14:20:12,23550,CE,BUY CE,37.4,23516.75,16.00,23566.0,23492.0,18.0,,0.00,0.00,,0.0,0.00,0.00,0,BUY CE,BUY CE,BUY CE
EXIT,2026-06-02,14:05:12,23600,CE,BUY CE,36.2,23528.05,6.55,23578.0,23503.0,18.0,14:24:12,23550.05,6.20,TIMEOUT,19.0,0.09,-5.34,-23,BUY CE,NO TRADE,BUY PE
OPEN,2026-06-02,14:25:12,23600,CE,BUY CE,37.5,23538.00,6.20,23590.0,23512.0,18.0,,0.00,0.00,,0.0,0.00,0.00,0,BUY CE,BUY CE,BUY CE
EXIT,2026-06-02,14:20:12,23550,CE,BUY CE,37.4,23516.75,16.00,23566.0,23492.0,18.0,14:28:12,23538.15,17.55,FLIP,8.0,0.09,9.69,101,BUY CE,BUY CE,BUY CE
EXIT,2026-06-02,14:25:12,23600,CE,BUY CE,37.5,23538.00,6.20,23590.0,23512.0,18.0,14:28:12,23538.15,4.40,FLIP,3.0,0.00,-29.03,-117,BUY CE,BUY CE,BUY CE
OPEN,2026-06-02,14:28:12,23500,PE,BUY PE,36.4,23539.20,8.95,23487.0,23565.0,9.0,,0.00,0.00,,0.0,0.00,0.00,0,BUY PE,BUY PE,BUY CE
EXIT,2026-06-02,14:28:12,23500,PE,BUY PE,36.4,23539.20,8.95,23487.0,23565.0,9.0,14:29:12,23539.20,8.95,FLIP,1.0,0.00,0.00,0,BUY PE,BUY PE,BUY CE
OPEN,2026-06-02,14:29:12,23600,CE,BUY CE,36.9,23534.35,3.75,23585.0,23509.0,18.0,,0.00,0.00,,0.0,0.00,0.00,0,BUY PE,BUY CE,BUY CE
OPEN,2026-06-02,14:30:12,23550,CE,BUY CE,38.3,23512.75,15.35,23565.0,23487.0,18.0,,0.00,0.00,,0.0,0.00,0.00,0,BUY PE,BUY CE,BUY CE
EXIT,2026-06-02,14:29:12,23600,CE,BUY CE,36.9,23534.35,3.75,23585.0,23509.0,18.0,14:32:12,23512.75,3.75,FLIP,3.0,-0.09,0.00,0,BUY PE,BUY CE,BUY CE
EXIT,2026-06-02,14:30:12,23550,CE,BUY CE,38.3,23512.75,15.35,23565.0,23487.0,18.0,14:32:12,23512.75,15.35,FLIP,2.0,0.00,0.00,0,BUY PE,BUY CE,BUY CE
OPEN,2026-06-02,14:32:12,23450,PE,BUY PE,37.6,23523.75,3.45,23473.0,23549.0,9.0,,0.00,0.00,,0.0,0.00,0.00,0,BUY PE,BUY CE,BUY CE
EXIT,2026-06-02,14:32:12,23450,PE,BUY PE,37.6,23523.75,3.45,23473.0,23549.0,9.0,14:33:12,23523.75,3.45,FLIP,1.0,0.00,0.00,0,BUY PE,BUY CE,BUY CE
OPEN,2026-06-02,14:33:12,23550,CE,BUY CE,37.7,23518.35,12.20,23569.0,23493.0,18.0,,0.00,0.00,,0.0,0.00,0.00,0,BUY PE,BUY CE,BUY CE
EXIT,2026-06-02,14:33:12,23550,CE,BUY CE,37.7,23518.35,12.20,23569.0,23493.0,18.0,14:34:12,23518.35,12.20,FLIP,1.0,0.00,0.00,0,BUY PE,BUY CE,BUY CE
OPEN,2026-06-02,14:34:12,23450,PE,BUY PE,37.5,23523.30,2.65,23472.0,23549.0,9.0,,0.00,0.00,,0.0,0.00,0.00,0,BUY PE,BUY CE,BUY CE
OPEN,2026-06-02,14:35:12,23500,PE,BUY PE,37.7,23525.65,11.40,23474.0,23552.0,9.0,,0.00,0.00,,0.0,0.00,0.00,0,BUY PE,BUY PE,BUY CE
EXIT,2026-06-02,14:35:12,23500,PE,BUY PE,37.7,23525.65,11.40,23474.0,23552.0,9.0,14:36:12,23525.65,11.40,FLIP,1.0,0.00,0.00,0,BUY PE,BUY PE,BUY CE
EXIT,2026-06-02,14:34:12,23450,PE,BUY PE,37.5,23523.30,2.65,23472.0,23549.0,9.0,14:36:12,23525.65,2.65,FLIP,2.0,-0.01,0.00,0,BUY PE,BUY CE,BUY CE
OPEN,2026-06-02,14:36:12,23550,CE,BUY CE,37.4,23524.85,10.90,23574.0,23500.0,18.0,,0.00,0.00,,0.0,0.00,0.00,0,BUY PE,BUY CE,BUY CE
EXIT,2026-06-02,14:36:12,23550,CE,BUY CE,37.4,23524.85,10.90,23574.0,23500.0,18.0,14:37:12,23524.85,10.90,FLIP,1.0,0.00,0.00,0,BUY PE,BUY CE,BUY CE
OPEN,2026-06-02,14:37:12,23450,PE,BUY PE,38.5,23501.35,2.70,23450.0,23527.0,9.0,,0.00,0.00,,0.0,0.00,0.00,0,BUY PE,BUY CE,BUY PE
OPEN,2026-06-02,14:41:12,23400,PE,BUY PE,43.0,23469.60,2.00,23417.0,23496.0,9.0,,0.00,0.00,,0.0,0.00,0.00,0,BUY PE,BUY PE,BUY CE
EXIT,2026-06-02,14:37:12,23450,PE,BUY PE,38.5,23501.35,2.70,23450.0,23527.0,9.0,14:46:12,23433.80,17.15,TARGET,9.0,0.29,535.19,939,BUY PE,BUY CE,BUY PE
OPEN,2026-06-02,14:47:12,23450,PE,BUY PE,45.3,23446.60,23.70,23392.0,23474.0,9.0,,0.00,0.00,,0.0,0.00,0.00,0,BUY PE,BUY PE,BUY PE
EXIT,2026-06-02,14:41:12,23400,PE,BUY PE,43.0,23469.60,2.00,23417.0,23496.0,9.0,14:50:12,23468.40,1.85,TIMEOUT,9.0,0.01,-7.50,-10,BUY PE,BUY PE,BUY CE
OPEN,2026-06-02,14:51:12,23400,PE,BUY PE,44.7,23464.65,1.85,23410.0,23492.0,9.0,,0.00,0.00,,0.0,0.00,0.00,0,BUY PE,BUY PE,BUY CE
EXIT,2026-06-02,14:47:12,23450,PE,BUY PE,45.3,23446.60,23.70,23392.0,23474.0,9.0,14:56:12,23466.60,6.10,TIMEOUT,9.0,-0.09,-74.26,-1144,BUY PE,BUY PE,BUY PE
EXIT,2026-06-02,14:51:12,23400,PE,BUY PE,44.7,23464.65,1.85,23410.0,23492.0,9.0,15:00:12,23453.50,0.70,FLIP,9.0,0.05,-62.16,-75,BUY PE,BUY PE,BUY CE
OPEN,2026-06-02,15:00:12,23450,CE,BUY CE,47.2,23427.85,14.30,23485.0,23399.0,29.0,,0.00,0.00,,0.0,0.00,0.00,0,BUY CE,BUY CE,BUY CE
OPEN,2026-06-02,15:01:12,23500,CE,BUY CE,44.9,23449.70,1.00,23506.0,23422.0,18.0,,0.00,0.00,,0.0,0.00,0.00,0,BUY CE,BUY PE,BUY CE
EXIT,2026-06-02,15:00:12,23450,CE,BUY CE,47.2,23427.85,14.30,23485.0,23399.0,29.0,15:02:12,23449.70,14.30,FLIP,2.0,0.09,0.00,0,BUY CE,BUY CE,BUY CE
EXIT,2026-06-02,15:01:12,23500,CE,BUY CE,44.9,23449.70,1.00,23506.0,23422.0,18.0,15:02:12,23449.70,1.00,FLIP,1.0,0.00,0.00,0,BUY CE,BUY PE,BUY CE
OPEN,2026-06-02,15:02:12,23400,PE,BUY PE,43.9,23455.35,1.00,23399.0,23483.0,9.0,,0.00,0.00,,0.0,0.00,0.00,0,BUY CE,BUY PE,BUY PE
EXIT,2026-06-02,15:02:12,23400,PE,BUY PE,43.9,23455.35,1.00,23399.0,23483.0,9.0,15:03:12,23455.35,1.00,FLIP,1.0,0.00,0.00,0,BUY CE,BUY PE,BUY PE
OPEN,2026-06-02,15:03:12,23450,CE,BUY CE,45.2,23461.40,9.60,23519.0,23432.0,26.0,,0.00,0.00,,0.0,0.00,0.00,0,BUY CE,BUY CE,BUY PE
OPEN,2026-06-02,15:04:12,23500,CE,BUY CE,44.0,23467.80,0.50,23526.0,23439.0,18.0,,0.00,0.00,,0.0,0.00,0.00,0,BUY CE,BUY PE,BUY PE
EXIT,2026-06-02,15:03:12,23450,CE,BUY CE,45.2,23461.40,9.60,23519.0,23432.0,26.0,15:05:12,23467.80,9.60,FLIP,2.0,0.03,0.00,0,BUY CE,BUY CE,BUY PE
EXIT,2026-06-02,15:04:12,23500,CE,BUY CE,44.0,23467.80,0.50,23526.0,23439.0,18.0,15:05:12,23467.80,0.50,FLIP,1.0,0.00,0.00,0,BUY CE,BUY PE,BUY PE
OPEN,2026-06-02,15:05:12,23400,PE,BUY PE,44.1,23469.25,0.25,23411.0,23498.0,9.0,,0.00,0.00,,0.0,0.00,0.00,0,BUY CE,BUY PE,BUY PE
OPEN,2026-06-02,15:06:12,23450,PE,BUY PE,44.7,23485.45,2.70,23429.0,23513.0,9.0,,0.00,0.00,,0.0,0.00,0.00,0,BUY CE,BUY PE,BUY PE
OPEN,2026-06-02,15:07:12,23500,PE,BUY PE,45.1,23484.60,38.50,23428.0,23513.0,9.0,,0.00,0.00,,0.0,0.00,0.00,0,BUY CE,BUY PE,BUY PE
EXIT,2026-06-02,15:05:12,23400,PE,BUY PE,44.1,23469.25,0.25,23411.0,23498.0,9.0,15:09:12,23474.75,0.15,FLIP,4.0,-0.02,-40.00,-6,BUY CE,BUY PE,BUY PE
EXIT,2026-06-02,15:06:12,23450,PE,BUY PE,44.7,23485.45,2.70,23429.0,23513.0,9.0,15:09:12,23474.75,0.40,FLIP,3.0,0.05,-85.19,-150,BUY CE,BUY PE,BUY PE
EXIT,2026-06-02,15:07:12,23500,PE,BUY PE,45.1,23484.60,38.50,23428.0,23513.0,9.0,15:09:12,23474.75,21.85,FLIP,2.0,0.04,-43.25,-1082,BUY CE,BUY PE,BUY PE
OPEN,2026-06-02,15:09:12,23550,CE,BUY CE,44.0,23477.10,0.20,23535.0,23448.0,18.0,,0.00,0.00,,0.0,0.00,0.00,0,BUY CE,BUY PE,BUY CE
OPEN,2026-06-02,15:12:12,23500,CE,BUY CE,45.8,23497.65,0.55,23553.0,23470.0,17.0,,0.00,0.00,,0.0,0.00,0.00,0,BUY CE,BUY CE,BUY CE
EXIT,2026-06-02,15:09:12,23550,CE,BUY CE,44.0,23477.10,0.20,23535.0,23448.0,18.0,15:27:12,23507.35,0.10,TIMEOUT,18.0,0.13,-50.00,-6,BUY CE,BUY PE,BUY CE
EXIT,2026-06-02,15:12:12,23500,CE,BUY CE,45.8,23497.65,0.55,23553.0,23470.0,17.0,15:30:12,23523.30,0.10,EOD,18.0,0.11,-81.82,-29,BUY CE,BUY CE,BUY CE
OPEN,2026-06-03,09:00:12,23450,PE,BUY PE,38.6,23483.55,0.05,23426.0,23513.0,9.0,,0.00,0.00,,0.0,0.00,0.00,0,BUY PE,BUY PE,BUY CE
OPEN,2026-06-03,09:08:12,23350,PE,BUY PE,40.9,23415.95,89.45,23348.0,23450.0,9.0,,0.00,0.00,,0.0,0.00,0.00,0,BUY PE,BUY PE,BUY CE
EXIT,2026-06-03,09:00:12,23450,PE,BUY PE,38.6,23483.55,0.05,23426.0,23513.0,9.0,09:08:12,23415.95,120.35,TARGET,8.0,0.29,240600.00,7820,BUY PE,BUY PE,BUY CE
OPEN,2026-06-03,09:16:12,23300,PE,BUY PE,47.7,23314.65,128.40,23237.0,23354.0,9.0,,0.00,0.00,,0.0,0.00,0.00,0,BUY PE,BUY PE,NO TRADE
EXIT,2026-06-03,09:08:12,23350,PE,BUY PE,40.9,23415.95,89.45,23348.0,23450.0,9.0,09:16:12,23314.65,149.25,TARGET,8.0,0.43,66.85,3887,BUY PE,BUY PE,BUY CE
EXIT,2026-06-03,09:16:12,23300,PE,BUY PE,47.7,23314.65,128.40,23237.0,23354.0,9.0,09:25:12,23306.55,184.00,TIMEOUT,9.0,0.03,43.30,3614,BUY PE,BUY PE,NO TRADE
OPEN,2026-06-03,09:26:12,23300,PE,BUY PE,48.0,23300.90,184.00,23228.0,23337.0,9.0,,0.00,0.00,,0.0,0.00,0.00,0,BUY PE,BUY PE,BUY PE
OPEN,2026-06-03,09:28:12,23250,PE,BUY PE,46.9,23269.65,161.60,23192.0,23309.0,9.0,,0.00,0.00,,0.0,0.00,0.00,0,BUY PE,BUY PE,BUY CE
OPEN,2026-06-03,09:34:12,23200,PE,BUY PE,44.1,23268.75,152.20,23191.0,23308.0,9.0,,0.00,0.00,,0.0,0.00,0.00,0,BUY PE,BUY PE,BUY CE
EXIT,2026-06-03,09:26:12,23300,PE,BUY PE,48.0,23300.90,184.00,23228.0,23337.0,9.0,09:35:12,23246.35,197.50,TIMEOUT,9.0,0.23,7.34,878,BUY PE,BUY PE,BUY PE
EXIT,2026-06-03,09:28:12,23250,PE,BUY PE,46.9,23269.65,161.60,23192.0,23309.0,9.0,09:38:12,23272.85,176.40,TIMEOUT,10.0,-0.01,9.16,962,BUY PE,BUY PE,BUY CE
EXIT,2026-06-03,09:34:12,23200,PE,BUY PE,44.1,23268.75,152.20,23191.0,23308.0,9.0,09:44:12,23258.35,155.30,TIMEOUT,10.0,0.04,2.04,202,BUY PE,BUY PE,BUY CE
OPEN,2026-06-03,09:45:12,23200,PE,BUY PE,41.1,23266.70,155.30,23191.0,23305.0,9.0,,0.00,0.00,,0.0,0.00,0.00,0,BUY PE,BUY PE,BUY PE
OPEN,2026-06-03,09:48:12,23250,PE,BUY PE,43.2,23278.95,179.75,23205.0,23316.0,9.0,,0.00,0.00,,0.0,0.00,0.00,0,BUY PE,BUY PE,BUY PE
EXIT,2026-06-03,09:45:12,23200,PE,BUY PE,41.1,23266.70,155.30,23191.0,23305.0,9.0,09:55:12,23281.25,141.00,FLIP,10.0,-0.06,-9.21,-930,BUY PE,BUY PE,BUY PE
EXIT,2026-06-03,09:48:12,23250,PE,BUY PE,43.2,23278.95,179.75,23205.0,23316.0,9.0,09:55:12,23281.25,162.10,FLIP,7.0,-0.01,-9.82,-1147,BUY PE,BUY PE,BUY PE
OPEN,2026-06-03,09:55:12,23300,CE,BUY CE,40.3,23239.95,215.20,23316.0,23202.0,18.0,,0.00,0.00,,0.0,0.00,0.00,0,BUY PE,BUY CE,BUY CE
EXIT,2026-06-03,09:55:12,23300,CE,BUY CE,40.3,23239.95,215.20,23316.0,23202.0,18.0,09:58:12,23229.80,193.70,FLIP,3.0,-0.04,-9.99,-1398,BUY PE,BUY CE,BUY CE
OPEN,2026-06-03,09:58:12,23200,PE,BUY PE,38.7,23233.75,165.15,23162.0,23270.0,9.0,,0.00,0.00,,0.0,0.00,0.00,0,BUY PE,BUY CE,BUY PE
EXIT,2026-06-03,09:58:12,23200,PE,BUY PE,38.7,23233.75,165.15,23162.0,23270.0,9.0,10:04:12,23270.50,158.20,SL,6.0,-0.16,-4.21,-452,BUY PE,BUY CE,BUY PE
OPEN,2026-06-03,10:05:12,23250,PE,BUY PE,41.9,23279.05,180.45,23204.0,23317.0,9.0,,0.00,0.00,,0.0,0.00,0.00,0,BUY PE,BUY PE,BUY PE
OPEN,2026-06-03,10:08:12,23200,PE,BUY PE,42.6,23272.05,148.65,23200.0,23308.0,9.0,,0.00,0.00,,0.0,0.00,0.00,0,BUY PE,BUY PE,BUY PE
EXIT,2026-06-03,10:05:12,23250,PE,BUY PE,41.9,23279.05,180.45,23204.0,23317.0,9.0,10:15:12,23242.20,189.95,TIMEOUT,10.0,0.16,5.26,618,BUY PE,BUY PE,BUY PE
EXIT,2026-06-03,10:08:12,23200,PE,BUY PE,42.6,23272.05,148.65,23200.0,23308.0,9.0,10:17:12,23231.55,168.10,TIMEOUT,9.0,0.17,13.08,1264,BUY PE,BUY PE,BUY PE
OPEN,2026-06-03,10:18:12,23200,PE,BUY PE,40.8,23241.15,168.10,23172.0,23276.0,9.0,,0.00,0.00,,0.0,0.00,0.00,0,BUY PE,BUY PE,BUY CE
OPEN,2026-06-03,10:22:12,23250,PE,BUY PE,41.6,23280.65,178.60,23212.0,23315.0,9.0,,0.00,0.00,,0.0,0.00,0.00,0,BUY PE,BUY PE,BUY PE
EXIT,2026-06-03,10:18:12,23200,PE,BUY PE,40.8,23241.15,168.10,23172.0,23276.0,9.0,10:22:12,23280.65,156.65,SL,4.0,-0.17,-6.81,-744,BUY PE,BUY PE,BUY CE
OPEN,2026-06-03,10:24:12,23200,PE,BUY PE,41.8,23271.25,156.65,23202.0,23306.0,9.0,,0.00,0.00,,0.0,0.00,0.00,0,BUY PE,BUY PE,BUY PE
EXIT,2026-06-03,10:22:12,23250,PE,BUY PE,41.6,23280.65,178.60,23212.0,23315.0,9.0,10:32:12,23235.30,187.10,TIMEOUT,10.0,0.19,4.76,552,BUY PE,BUY PE,BUY PE
EXIT,2026-06-03,10:24:12,23200,PE,BUY PE,41.8,23271.25,156.65,23202.0,23306.0,9.0,10:33:12,23228.50,164.90,TIMEOUT,9.0,0.18,5.27,536,BUY PE,BUY PE,BUY PE
OPEN,2026-06-03,10:34:12,23150,PE,BUY PE,38.1,23213.10,143.75,23143.0,23248.0,9.0,,0.00,0.00,,0.0,0.00,0.00,0,BUY PE,BUY PE,BUY CE
OPEN,2026-06-03,10:37:12,23200,PE,BUY PE,39.2,23227.85,172.05,23161.0,23261.0,9.0,,0.00,0.00,,0.0,0.00,0.00,0,BUY PE,BUY PE,BUY PE
EXIT,2026-06-03,10:34:12,23150,PE,BUY PE,38.1,23213.10,143.75,23143.0,23248.0,9.0,10:43:12,23237.20,143.00,TIMEOUT,9.0,-0.10,-0.52,-49,BUY PE,BUY PE,BUY CE
EXIT,2026-06-03,10:37:12,23200,PE,BUY PE,39.2,23227.85,172.05,23161.0,23261.0,9.0,10:46:12,23234.25,168.05,TIMEOUT,9.0,-0.03,-2.32,-260,BUY PE,BUY PE,BUY PE
OPEN,2026-06-03,10:48:12,23200,PE,BUY PE,35.7,23238.25,170.50,23174.0,23270.0,9.0,,0.00,0.00,,0.0,0.00,0.00,0,BUY PE,NO TRADE,BUY PE
EXIT,2026-06-03,10:48:12,23200,PE,BUY PE,35.7,23238.25,170.50,23174.0,23270.0,9.0,10:58:12,23219.05,167.50,TIMEOUT,10.0,0.08,-1.76,-195,BUY PE,NO TRADE,BUY PE
OPEN,2026-06-03,11:33:12,23200,PE,BUY PE,35.2,23232.40,175.00,23177.0,23260.0,9.0,,0.00,0.00,,0.0,0.00,0.00,0,NO TRADE,NO TRADE,BUY CE
EXIT,2026-06-03,11:33:12,23200,PE,BUY PE,35.2,23232.40,175.00,23177.0,23260.0,9.0,11:42:12,23204.10,179.20,TIMEOUT,9.0,0.12,2.40,273,NO TRADE,NO TRADE,BUY CE
OPEN,2026-06-03,12:04:12,23200,CE,BUY CE,36.3,23155.75,218.25,23209.0,23129.0,18.0,,0.00,0.00,,0.0,0.00,0.00,0,BUY CE,BUY CE,BUY PE
EXIT,2026-06-03,12:04:12,23200,CE,BUY CE,36.3,23155.75,218.25,23209.0,23129.0,18.0,12:05:12,23155.75,218.25,FLIP,1.0,0.00,0.00,0,BUY CE,BUY CE,BUY PE
OPEN,2026-06-03,12:05:12,23100,PE,BUY PE,36.1,23168.95,163.80,23116.0,23195.0,9.0,,0.00,0.00,,0.0,0.00,0.00,0,BUY CE,BUY PE,BUY PE
OPEN,2026-06-03,12:07:12,23150,PE,BUY PE,35.7,23179.45,185.05,23128.0,23205.0,9.0,,0.00,0.00,,0.0,0.00,0.00,0,BUY CE,BUY PE,BUY PE
EXIT,2026-06-03,12:07:12,23150,PE,BUY PE,35.7,23179.45,185.05,23128.0,23205.0,9.0,12:12:12,23185.70,174.00,FLIP,5.0,-0.03,-5.97,-718,BUY CE,BUY PE,BUY PE
EXIT,2026-06-03,12:05:12,23100,PE,BUY PE,36.1,23168.95,163.80,23116.0,23195.0,9.0,12:12:12,23185.70,153.45,FLIP,7.0,-0.07,-6.32,-673,BUY CE,BUY PE,BUY PE
OPEN,2026-06-03,12:12:12,23250,CE,BUY CE,35.4,23177.90,184.40,23227.0,23153.0,18.0,,0.00,0.00,,0.0,0.00,0.00,0,BUY CE,NO TRADE,BUY CE
EXIT,2026-06-03,12:12:12,23250,CE,BUY CE,35.4,23177.90,184.40,23227.0,23153.0,18.0,12:29:12,23231.10,195.00,TARGET,17.0,0.23,5.75,689,BUY CE,NO TRADE,BUY CE
OPEN,2026-06-03,12:30:12,23200,PE,BUY PE,36.1,23241.40,185.85,23189.0,23267.0,9.0,,0.00,0.00,,0.0,0.00,0.00,0,BUY PE,BUY PE,BUY CE
OPEN,2026-06-03,12:32:12,23250,PE,BUY PE,36.7,23277.85,175.00,23225.0,23304.0,9.0,,0.00,0.00,,0.0,0.00,0.00,0,BUY PE,BUY PE,BUY CE
EXIT,2026-06-03,12:30:12,23200,PE,BUY PE,36.1,23241.40,185.85,23189.0,23267.0,9.0,12:32:12,23277.85,153.60,SL,2.0,-0.16,-17.35,-2096,BUY PE,BUY PE,BUY CE
EXIT,2026-06-03,12:32:12,23250,PE,BUY PE,36.7,23277.85,175.00,23225.0,23304.0,9.0,12:34:12,23286.10,175.00,FLIP,2.0,-0.04,0.00,0,BUY PE,BUY PE,BUY CE
OPEN,2026-06-03,12:34:12,23350,CE,BUY CE,36.4,23284.85,190.25,23340.0,23257.0,18.0,,0.00,0.00,,0.0,0.00,0.00,0,BUY PE,BUY CE,BUY PE
EXIT,2026-06-03,12:34:12,23350,CE,BUY CE,36.4,23284.85,190.25,23340.0,23257.0,18.0,12:36:12,23289.85,190.25,FLIP,2.0,0.02,0.00,0,BUY PE,BUY CE,BUY PE
OPEN,2026-06-03,12:36:12,23300,PE,BUY PE,39.1,23331.45,164.05,23274.0,23360.0,9.0,,0.00,0.00,,0.0,0.00,0.00,0,BUY CE,BUY PE,BUY CE
EXIT,2026-06-03,12:36:12,23300,PE,BUY PE,39.1,23331.45,164.05,23274.0,23360.0,9.0,12:37:12,23331.45,164.05,FLIP,1.0,0.00,0.00,0,BUY CE,BUY PE,BUY CE
OPEN,2026-06-03,12:37:12,23400,CE,BUY CE,37.8,23330.65,181.00,23389.0,23302.0,18.0,,0.00,0.00,,0.0,0.00,0.00,0,BUY CE,BUY PE,BUY CE
OPEN,2026-06-03,12:39:12,23350,CE,BUY CE,37.6,23323.80,213.10,23382.0,23295.0,18.0,,0.00,0.00,,0.0,0.00,0.00,0,BUY CE,BUY PE,BUY PE
EXIT,2026-06-03,12:39:12,23350,CE,BUY CE,37.6,23323.80,213.10,23382.0,23295.0,18.0,12:40:12,23323.80,213.10,FLIP,1.0,0.00,0.00,0,BUY CE,BUY PE,BUY PE
EXIT,2026-06-03,12:37:12,23400,CE,BUY CE,37.8,23330.65,181.00,23389.0,23302.0,18.0,12:40:12,23323.80,186.80,FLIP,3.0,-0.03,3.20,377,BUY CE,BUY PE,BUY CE
OPEN,2026-06-03,12:40:12,23300,PE,BUY PE,37.8,23334.10,159.40,23275.0,23364.0,9.0,,0.00,0.00,,0.0,0.00,0.00,0,BUY CE,BUY PE,BUY CE
EXIT,2026-06-03,12:40:12,23300,PE,BUY PE,37.8,23334.10,159.40,23275.0,23364.0,9.0,12:41:12,23334.10,159.40,FLIP,1.0,0.00,0.00,0,BUY CE,BUY PE,BUY CE
OPEN,2026-06-03,12:41:12,23400,CE,BUY CE,38.1,23332.60,186.80,23389.0,23305.0,18.0,,0.00,0.00,,0.0,0.00,0.00,0,BUY CE,BUY PE,BUY CE
EXIT,2026-06-03,12:41:12,23400,CE,BUY CE,38.1,23332.60,186.80,23389.0,23305.0,18.0,12:42:12,23332.60,186.80,FLIP,1.0,0.00,0.00,0,BUY CE,BUY PE,BUY CE
OPEN,2026-06-03,12:42:12,23300,PE,BUY PE,37.8,23344.80,149.00,23288.0,23373.0,9.0,,0.00,0.00,,0.0,0.00,0.00,0,BUY CE,BUY PE,BUY CE
EXIT,2026-06-03,12:42:12,23300,PE,BUY PE,37.8,23344.80,149.00,23288.0,23373.0,9.0,12:43:12,23344.80,149.00,FLIP,1.0,0.00,0.00,0,BUY CE,BUY PE,BUY CE
OPEN,2026-06-03,12:43:12,23400,CE,BUY CE,37.8,23335.45,193.50,23392.0,23307.0,18.0,,0.00,0.00,,0.0,0.00,0.00,0,BUY CE,BUY PE,BUY CE
OPEN,2026-06-03,12:47:12,23350,CE,BUY CE,39.5,23322.95,224.00,23378.0,23295.0,18.0,,0.00,0.00,,0.0,0.00,0.00,0,BUY CE,BUY CE,BUY CE
EXIT,2026-06-03,12:43:12,23400,CE,BUY CE,37.8,23335.45,193.50,23392.0,23307.0,18.0,12:49:12,23308.10,185.40,FLIP,6.0,-0.12,-4.19,-526,BUY CE,BUY PE,BUY CE
EXIT,2026-06-03,12:47:12,23350,CE,BUY CE,39.5,23322.95,224.00,23378.0,23295.0,18.0,12:49:12,23308.10,211.40,FLIP,2.0,-0.06,-5.62,-819,BUY CE,BUY CE,BUY CE
OPEN,2026-06-03,12:49:12,23250,PE,BUY PE,39.1,23297.00,135.20,23239.0,23326.0,9.0,,0.00,0.00,,0.0,0.00,0.00,0,BUY PE,BUY CE,BUY CE
EXIT,2026-06-03,12:49:12,23250,PE,BUY PE,39.1,23297.00,135.20,23239.0,23326.0,9.0,12:52:12,23302.95,143.10,FLIP,3.0,-0.03,5.84,514,BUY PE,BUY CE,BUY CE
OPEN,2026-06-03,12:52:12,23350,CE,BUY CE,38.6,23303.85,200.35,23362.0,23275.0,18.0,,0.00,0.00,,0.0,0.00,0.00,0,BUY PE,BUY CE,BUY CE
EXIT,2026-06-03,12:52:12,23350,CE,BUY CE,38.6,23303.85,200.35,23362.0,23275.0,18.0,12:53:12,23303.85,200.35,FLIP,1.0,0.00,0.00,0,BUY PE,BUY CE,BUY CE
OPEN,2026-06-03,12:53:12,23250,PE,BUY PE,39.8,23292.00,142.25,23234.0,23321.0,9.0,,0.00,0.00,,0.0,0.00,0.00,0,BUY PE,BUY PE,BUY CE
OPEN,2026-06-03,12:55:12,23200,PE,BUY PE,39.7,23273.65,126.00,23214.0,23304.0,9.0,,0.00,0.00,,0.0,0.00,0.00,0,BUY PE,BUY CE,BUY CE
EXIT,2026-06-03,12:53:12,23250,PE,BUY PE,39.8,23292.00,142.25,23234.0,23321.0,9.0,13:02:12,23302.65,149.00,TIMEOUT,9.0,-0.05,4.75,439,BUY PE,BUY PE,BUY CE
OPEN,2026-06-03,13:03:12,23250,PE,BUY PE,39.3,23298.65,149.00,23240.0,23328.0,9.0,,0.00,0.00,,0.0,0.00,0.00,0,BUY PE,BUY PE,BUY CE
EXIT,2026-06-03,12:55:12,23200,PE,BUY PE,39.7,23273.65,126.00,23214.0,23304.0,9.0,13:05:12,23293.45,130.00,TIMEOUT,10.0,-0.09,3.17,260,BUY PE,BUY CE,BUY CE
EXIT,2026-06-03,13:03:12,23250,PE,BUY PE,39.3,23298.65,149.00,23240.0,23328.0,9.0,13:13:12,23283.40,153.25,TIMEOUT,10.0,0.07,2.85,276,BUY PE,BUY PE,BUY CE
OPEN,2026-06-03,13:14:12,23350,CE,BUY CE,36.6,23286.70,192.60,23342.0,23259.0,18.0,,0.00,0.00,,0.0,0.00,0.00,0,BUY PE,BUY CE,BUY PE
EXIT,2026-06-03,13:14:12,23350,CE,BUY CE,36.6,23286.70,192.60,23342.0,23259.0,18.0,13:15:12,23286.70,192.60,FLIP,1.0,0.00,0.00,0,BUY PE,BUY CE,BUY PE
OPEN,2026-06-03,13:15:12,23250,PE,BUY PE,38.9,23317.35,152.45,23258.0,23347.0,9.0,,0.00,0.00,,0.0,0.00,0.00,0,BUY PE,BUY PE,BUY PE
OPEN,2026-06-03,13:21:12,23300,PE,BUY PE,39.0,23325.55,157.30,23272.0,23353.0,9.0,,0.00,0.00,,0.0,0.00,0.00,0,BUY PE,BUY PE,BUY CE
EXIT,2026-06-03,13:15:12,23250,PE,BUY PE,38.9,23317.35,152.45,23258.0,23347.0,9.0,13:25:12,23340.60,136.80,TIMEOUT,10.0,-0.10,-10.27,-1017,BUY PE,BUY PE,BUY PE
EXIT,2026-06-03,13:21:12,23300,PE,BUY PE,39.0,23325.55,157.30,23272.0,23353.0,9.0,13:30:12,23348.75,150.70,TIMEOUT,9.0,-0.10,-4.20,-429,BUY PE,BUY PE,BUY CE
OPEN,2026-06-03,13:32:12,23400,CE,BUY CE,37.1,23338.85,185.85,23392.0,23312.0,18.0,,0.00,0.00,,0.0,0.00,0.00,0,BUY CE,BUY CE,BUY CE
EXIT,2026-06-03,13:32:12,23400,CE,BUY CE,37.1,23338.85,185.85,23392.0,23312.0,18.0,13:34:12,23340.00,185.85,FLIP,2.0,0.00,0.00,0,BUY CE,BUY CE,BUY CE
OPEN,2026-06-03,13:34:12,23300,PE,BUY PE,36.9,23339.40,155.50,23285.0,23366.0,9.0,,0.00,0.00,,0.0,0.00,0.00,0,BUY PE,BUY CE,BUY CE
EXIT,2026-06-03,13:34:12,23300,PE,BUY PE,36.9,23339.40,155.50,23285.0,23366.0,9.0,13:35:12,23339.40,155.50,FLIP,1.0,0.00,0.00,0,BUY PE,BUY CE,BUY CE
OPEN,2026-06-03,13:35:12,23400,CE,BUY CE,36.8,23343.60,180.30,23398.0,23317.0,18.0,,0.00,0.00,,0.0,0.00,0.00,0,BUY CE,BUY CE,BUY CE
EXIT,2026-06-03,13:35:12,23400,CE,BUY CE,36.8,23343.60,180.30,23398.0,23317.0,18.0,13:47:12,23337.70,200.00,FLIP,12.0,-0.03,10.93,1280,BUY CE,BUY CE,BUY CE
OPEN,2026-06-03,13:47:12,23300,PE,BUY PE,37.0,23363.40,149.95,23307.0,23391.0,9.0,,0.00,0.00,,0.0,0.00,0.00,0,BUY PE,BUY PE,BUY CE
EXIT,2026-06-03,13:47:12,23300,PE,BUY PE,37.0,23363.40,149.95,23307.0,23391.0,9.0,13:48:12,23363.40,149.95,FLIP,1.0,0.00,0.00,0,BUY PE,BUY PE,BUY CE
OPEN,2026-06-03,13:48:12,23450,CE,BUY CE,37.5,23390.95,167.40,23450.0,23361.0,18.0,,0.00,0.00,,0.0,0.00,0.00,0,BUY CE,BUY CE,BUY CE
EXIT,2026-06-03,13:48:12,23450,CE,BUY CE,37.5,23390.95,167.40,23450.0,23361.0,18.0,13:51:12,23395.00,224.80,FLIP,3.0,0.02,34.29,3731,BUY CE,BUY CE,BUY CE
OPEN,2026-06-03,13:51:12,23300,PE,BUY PE,42.0,23372.55,109.85,23310.0,23404.0,9.0,,0.00,0.00,,0.0,0.00,0.00,0,BUY PE,BUY PE,BUY CE
OPEN,2026-06-03,13:53:12,23350,PE,BUY PE,41.0,23384.40,148.50,23321.0,23416.0,9.0,,0.00,0.00,,0.0,0.00,0.00,0,BUY PE,BUY PE,BUY CE
EXIT,2026-06-03,13:51:12,23300,PE,BUY PE,42.0,23372.55,109.85,23310.0,23404.0,9.0,14:01:12,23367.30,135.70,TIMEOUT,10.0,0.02,23.53,1680,BUY PE,BUY PE,BUY CE
OPEN,2026-06-03,14:02:12,23300,PE,BUY PE,42.2,23374.65,135.70,23313.0,23406.0,9.0,,0.00,0.00,,0.0,0.00,0.00,0,BUY PE,BUY PE,BUY CE
EXIT,2026-06-03,13:53:12,23350,PE,BUY PE,41.0,23384.40,148.50,23321.0,23416.0,9.0,14:02:12,23374.65,155.00,TIMEOUT,9.0,0.04,4.38,422,BUY PE,BUY PE,BUY CE
OPEN,2026-06-03,14:04:12,23350,PE,BUY PE,42.2,23389.90,148.25,23327.0,23421.0,9.0,,0.00,0.00,,0.0,0.00,0.00,0,BUY PE,BUY PE,BUY CE
EXIT,2026-06-03,14:02:12,23300,PE,BUY PE,42.2,23374.65,135.70,23313.0,23406.0,9.0,14:12:12,23378.60,121.00,TIMEOUT,10.0,-0.02,-10.83,-955,BUY PE,BUY PE,BUY CE
EXIT,2026-06-03,14:04:12,23350,PE,BUY PE,42.2,23389.90,148.25,23327.0,23421.0,9.0,14:13:12,23380.95,138.35,TIMEOUT,9.0,0.04,-6.68,-644,BUY PE,BUY PE,BUY CE
OPEN,2026-06-03,14:14:12,23350,PE,BUY PE,40.5,23384.10,138.35,23322.0,23415.0,9.0,,0.00,0.00,,0.0,0.00,0.00,0,BUY PE,BUY PE,BUY CE
OPEN,2026-06-03,14:23:12,23400,PE,BUY PE,39.5,23433.20,147.40,23372.0,23464.0,9.0,,0.00,0.00,,0.0,0.00,0.00,0,BUY PE,BUY PE,BUY CE
EXIT,2026-06-03,14:14:12,23350,PE,BUY PE,40.5,23384.10,138.35,23322.0,23415.0,9.0,14:23:12,23433.20,128.95,SL,9.0,-0.21,-6.79,-611,BUY PE,BUY PE,BUY CE
OPEN,2026-06-03,14:26:12,23350,PE,BUY PE,39.7,23424.95,125.50,23365.0,23455.0,9.0,,0.00,0.00,,0.0,0.00,0.00,0,BUY PE,BUY CE,BUY CE
EXIT,2026-06-03,14:26:12,23350,PE,BUY PE,39.7,23424.95,125.50,23365.0,23455.0,9.0,14:30:12,23413.70,130.20,FLIP,4.0,0.05,3.75,305,BUY PE,BUY CE,BUY CE
EXIT,2026-06-03,14:23:12,23400,PE,BUY PE,39.5,23433.20,147.40,23372.0,23464.0,9.0,14:30:12,23413.70,149.45,FLIP,7.0,0.08,1.39,133,BUY PE,BUY PE,BUY CE
OPEN,2026-06-03,14:30:12,23450,CE,BUY CE,39.3,23405.95,242.00,23468.0,23375.0,18.0,,0.00,0.00,,0.0,0.00,0.00,0,BUY PE,BUY CE,BUY PE
EXIT,2026-06-03,14:30:12,23450,CE,BUY CE,39.3,23405.95,242.00,23468.0,23375.0,18.0,14:31:12,23405.95,242.00,FLIP,1.0,0.00,0.00,0,BUY PE,BUY CE,BUY PE
OPEN,2026-06-03,14:31:12,23350,PE,BUY PE,40.3,23412.90,129.70,23354.0,23442.0,9.0,,0.00,0.00,,0.0,0.00,0.00,0,BUY PE,BUY CE,BUY CE
EXIT,2026-06-03,14:31:12,23350,PE,BUY PE,40.3,23412.90,129.70,23354.0,23442.0,9.0,14:37:12,23408.55,126.05,FLIP,6.0,0.02,-2.81,-237,BUY PE,BUY CE,BUY CE
OPEN,2026-06-03,14:37:12,23450,CE,BUY CE,39.9,23402.25,254.05,23463.0,23372.0,18.0,,0.00,0.00,,0.0,0.00,0.00,0,BUY PE,BUY CE,BUY CE
EXIT,2026-06-03,14:37:12,23450,CE,BUY CE,39.9,23402.25,254.05,23463.0,23372.0,18.0,14:38:12,23402.25,254.05,FLIP,1.0,0.00,0.00,0,BUY PE,BUY CE,BUY CE
OPEN,2026-06-03,14:38:12,23350,PE,BUY PE,38.8,23415.90,136.00,23355.0,23446.0,9.0,,0.00,0.00,,0.0,0.00,0.00,0,BUY PE,BUY CE,BUY PE
OPEN,2026-06-03,14:40:12,23400,PE,BUY PE,38.1,23432.60,154.80,23371.0,23464.0,9.0,,0.00,0.00,,0.0,0.00,0.00,0,BUY PE,BUY CE,BUY PE
EXIT,2026-06-03,14:38:12,23350,PE,BUY PE,38.8,23415.90,136.00,23355.0,23446.0,9.0,14:45:12,23442.55,126.60,FLIP,7.0,-0.11,-6.91,-611,BUY PE,BUY CE,BUY PE
EXIT,2026-06-03,14:40:12,23400,PE,BUY PE,38.1,23432.60,154.80,23371.0,23464.0,9.0,14:45:12,23442.55,144.60,FLIP,5.0,-0.04,-6.59,-663,BUY PE,BUY CE,BUY PE
OPEN,2026-06-03,14:45:12,23500,CE,BUY CE,38.6,23440.95,228.75,23500.0,23411.0,18.0,,0.00,0.00,,0.0,0.00,0.00,0,BUY CE,BUY CE,BUY PE
OPEN,2026-06-03,15:00:12,23450,CE,BUY CE,50.3,23458.10,255.55,23517.0,23429.0,29.0,,0.00,0.00,,0.0,0.00,0.00,0,BUY CE,BUY CE,BUY CE
OPEN,2026-06-03,15:01:12,23400,CE,BUY CE,49.3,23405.10,282.30,23466.0,23375.0,28.0,,0.00,0.00,,0.0,0.00,0.00,0,BUY CE,BUY CE,BUY CE
EXIT,2026-06-03,14:45:12,23500,CE,BUY CE,38.6,23440.95,228.75,23500.0,23411.0,18.0,15:01:12,23405.10,222.60,SL,16.0,-0.15,-2.69,-400,BUY CE,BUY CE,BUY PE
EXIT,2026-06-03,15:00:12,23450,CE,BUY CE,50.3,23458.10,255.55,23517.0,23429.0,29.0,15:01:12,23405.10,251.65,SL,1.0,-0.23,-1.53,-254,BUY CE,BUY CE,BUY CE
OPEN,2026-06-03,15:04:12,23450,CE,BUY CE,48.0,23440.75,235.00,23503.0,23410.0,25.0,,0.00,0.00,,0.0,0.00,0.00,0,BUY CE,BUY CE,BUY CE
EXIT,2026-06-03,15:04:12,23450,CE,BUY CE,48.0,23440.75,235.00,23503.0,23410.0,25.0,15:09:12,23388.85,232.55,SL,5.0,-0.22,-1.04,-159,BUY CE,BUY CE,BUY CE
EXIT,2026-06-03,15:01:12,23400,CE,BUY CE,49.3,23405.10,282.30,23466.0,23375.0,28.0,15:30:12,23396.20,227.95,EOD,29.0,-0.04,-19.25,-3533,BUY CE,BUY CE,BUY CE
OPEN,2026-06-04,09:00:12,23350,PE,BUY PE,42.6,23405.60,132.00,23348.0,23435.0,9.0,,0.00,0.00,,0.0,0.00,0.00,0,BUY PE,BUY PE,BUY PE
OPEN,2026-06-04,09:08:12,23250,PE,BUY PE,39.5,23282.45,97.90,23209.0,23319.0,9.0,,0.00,0.00,,0.0,0.00,0.00,0,BUY PE,BUY CE,BUY CE
EXIT,2026-06-04,09:00:12,23350,PE,BUY PE,42.6,23405.60,132.00,23348.0,23435.0,9.0,09:08:12,23282.45,132.00,TARGET,8.0,0.53,0.00,0,BUY PE,BUY PE,BUY PE
OPEN,2026-06-04,09:16:12,23300,PE,BUY PE,47.0,23278.30,0.00,23205.0,23315.0,9.0,,0.00,0.00,,0.0,0.00,0.00,0,BUY PE,BUY PE,NO TRADE
EXIT,2026-06-04,09:16:12,23300,PE,BUY PE,47.0,23278.30,0.00,23205.0,23315.0,9.0,09:17:12,23315.90,0.00,SL,1.0,-0.16,0.00,0,BUY PE,BUY PE,NO TRADE
EXIT,2026-06-04,09:08:12,23250,PE,BUY PE,39.5,23282.45,97.90,23209.0,23319.0,9.0,09:17:12,23315.90,97.90,TIMEOUT,9.0,-0.14,0.00,0,BUY PE,BUY CE,BUY CE
OPEN,2026-06-04,09:18:12,23350,PE,BUY PE,48.1,23341.80,187.25,23268.0,23379.0,9.0,,0.00,0.00,,0.0,0.00,0.00,0,BUY PE,BUY PE,NO TRADE
OPEN,2026-06-04,09:22:12,23300,PE,BUY PE,46.4,23322.70,139.30,23251.0,23359.0,9.0,,0.00,0.00,,0.0,0.00,0.00,0,BUY PE,BUY PE,BUY PE
EXIT,2026-06-04,09:18:12,23350,PE,BUY PE,48.1,23341.80,187.25,23268.0,23379.0,9.0,09:28:12,23338.95,162.40,TIMEOUT,10.0,0.01,-13.27,-1615,BUY PE,BUY PE,NO TRADE
OPEN,2026-06-04,09:29:12,23350,PE,BUY PE,47.8,23347.35,166.60,23275.0,23383.0,9.0,,0.00,0.00,,0.0,0.00,0.00,0,BUY PE,BUY PE,BUY PE
EXIT,2026-06-04,09:22:12,23300,PE,BUY PE,46.4,23322.70,139.30,23251.0,23359.0,9.0,09:32:12,23327.05,147.10,TIMEOUT,10.0,-0.02,5.60,507,BUY PE,BUY PE,BUY PE
OPEN,2026-06-04,09:34:12,23300,PE,BUY PE,44.9,23326.45,147.10,23255.0,23362.0,9.0,,0.00,0.00,,0.0,0.00,0.00,0,BUY PE,BUY PE,BUY CE
EXIT,2026-06-04,09:34:12,23300,PE,BUY PE,44.9,23326.45,147.10,23255.0,23362.0,9.0,09:37:12,23364.15,149.10,SL,3.0,-0.16,1.36,130,BUY PE,BUY PE,BUY CE
OPEN,2026-06-04,09:39:12,23300,PE,BUY PE,44.9,23337.75,136.20,23266.0,23374.0,9.0,,0.00,0.00,,0.0,0.00,0.00,0,BUY PE,BUY PE,BUY PE
EXIT,2026-06-04,09:29:12,23350,PE,BUY PE,47.8,23347.35,166.60,23275.0,23383.0,9.0,09:39:12,23337.75,157.80,TIMEOUT,10.0,0.04,-5.28,-572,BUY PE,BUY PE,BUY PE
OPEN,2026-06-04,09:40:12,23250,PE,BUY PE,43.5,23320.85,117.30,23249.0,23357.0,9.0,,0.00,0.00,,0.0,0.00,0.00,0,BUY PE,BUY PE,BUY PE
OPEN,2026-06-04,09:42:12,23350,PE,BUY PE,46.1,23329.90,157.30,23260.0,23365.0,9.0,,0.00,0.00,,0.0,0.00,0.00,0,BUY PE,BUY PE,BUY PE
EXIT,2026-06-04,09:40:12,23250,PE,BUY PE,43.5,23320.85,117.30,23249.0,23357.0,9.0,09:45:12,23363.05,128.70,SL,5.0,-0.18,9.72,741,BUY PE,BUY PE,BUY PE
EXIT,2026-06-04,09:42:12,23350,PE,BUY PE,46.1,23329.90,157.30,23260.0,23365.0,9.0,09:46:12,23368.25,158.65,SL,4.0,-0.16,0.86,88,BUY PE,BUY PE,BUY PE
OPEN,2026-06-04,09:47:12,23350,PE,BUY PE,46.0,23362.45,158.65,23291.0,23398.0,9.0,,0.00,0.00,,0.0,0.00,0.00,0,BUY PE,BUY PE,BUY PE
EXIT,2026-06-04,09:39:12,23300,PE,BUY PE,44.9,23337.75,136.20,23266.0,23374.0,9.0,09:48:12,23374.15,128.70,SL,9.0,-0.16,-5.51,-488,BUY PE,BUY PE,BUY PE
OPEN,2026-06-04,09:49:12,23400,PE,BUY PE,48.5,23386.45,171.60,23314.0,23422.0,9.0,,0.00,0.00,,0.0,0.00,0.00,0,BUY PE,BUY PE,BUY PE
EXIT,2026-06-04,09:47:12,23350,PE,BUY PE,46.0,23362.45,158.65,23291.0,23398.0,9.0,09:56:12,23405.25,141.25,SL,9.0,-0.18,-10.97,-1131,BUY PE,BUY PE,BUY PE
EXIT,2026-06-04,09:49:12,23400,PE,BUY PE,48.5,23386.45,171.60,23314.0,23422.0,9.0,09:57:12,23433.70,163.85,SL,8.0,-0.20,-4.52,-504,BUY PE,BUY PE,BUY PE
OPEN,2026-06-04,09:58:12,23400,PE,BUY PE,38.1,23431.80,150.30,23359.0,23468.0,9.0,,0.00,0.00,,0.0,0.00,0.00,0,BUY CE,BUY PE,BUY PE
OPEN,2026-06-04,09:59:12,23350,PE,BUY PE,37.4,23405.25,129.80,23332.0,23442.0,9.0,,0.00,0.00,,0.0,0.00,0.00,0,BUY PE,BUY CE,BUY PE
EXIT,2026-06-04,09:58:12,23400,PE,BUY PE,38.1,23431.80,150.30,23359.0,23468.0,9.0,10:00:12,23405.25,150.30,FLIP,2.0,0.11,0.00,0,BUY CE,BUY PE,BUY PE
EXIT,2026-06-04,09:59:12,23350,PE,BUY PE,37.4,23405.25,129.80,23332.0,23442.0,9.0,10:00:12,23405.25,129.80,FLIP,1.0,0.00,0.00,0,BUY PE,BUY CE,BUY PE
OPEN,2026-06-04,10:00:12,23450,CE,BUY CE,36.2,23408.95,182.00,23482.0,23372.0,18.0,,0.00,0.00,,0.0,0.00,0.00,0,BUY PE,BUY CE,BUY PE
EXIT,2026-06-04,10:00:12,23450,CE,BUY CE,36.2,23408.95,182.00,23482.0,23372.0,18.0,10:02:12,23404.20,179.60,FLIP,2.0,-0.02,-1.32,-156,BUY PE,BUY CE,BUY PE
OPEN,2026-06-04,10:02:12,23350,PE,BUY PE,36.7,23415.85,130.75,23346.0,23451.0,9.0,,0.00,0.00,,0.0,0.00,0.00,0,BUY PE,BUY PE,BUY PE
EXIT,2026-06-04,10:02:12,23350,PE,BUY PE,36.7,23415.85,130.75,23346.0,23451.0,9.0,10:03:12,23415.85,130.75,FLIP,1.0,0.00,0.00,0,BUY PE,BUY PE,BUY PE
OPEN,2026-06-04,10:03:12,23450,CE,BUY CE,35.7,23415.15,179.60,23485.0,23380.0,18.0,,0.00,0.00,,0.0,0.00,0.00,0,BUY PE,BUY CE,BUY PE
EXIT,2026-06-04,10:03:12,23450,CE,BUY CE,35.7,23415.15,179.60,23485.0,23380.0,18.0,10:04:12,23415.15,178.80,FLIP,1.0,0.00,-0.45,-52,BUY PE,BUY CE,BUY PE
OPEN,2026-06-04,10:04:12,23350,PE,BUY PE,35.8,23422.15,131.00,23351.0,23458.0,9.0,,0.00,0.00,,0.0,0.00,0.00,0,BUY PE,BUY PE,BUY PE
OPEN,2026-06-04,10:05:12,23400,PE,BUY PE,35.2,23426.35,151.20,23354.0,23462.0,9.0,,0.00,0.00,,0.0,0.00,0.00,0,NO TRADE,BUY PE,BUY PE
EXIT,2026-06-04,10:05:12,23400,PE,BUY PE,35.2,23426.35,151.20,23354.0,23462.0,9.0,10:08:12,23439.15,145.75,FLIP,3.0,-0.05,-3.60,-354,NO TRADE,BUY PE,BUY PE
EXIT,2026-06-04,10:04:12,23350,PE,BUY PE,35.8,23422.15,131.00,23351.0,23458.0,9.0,10:08:12,23439.15,126.00,FLIP,4.0,-0.07,-3.82,-325,BUY PE,BUY PE,BUY PE
OPEN,2026-06-04,10:08:12,23500,CE,BUY CE,35.6,23432.40,161.15,23502.0,23397.0,18.0,,0.00,0.00,,0.0,0.00,0.00,0,BUY PE,BUY CE,BUY PE
EXIT,2026-06-04,10:08:12,23500,CE,BUY CE,35.6,23432.40,161.15,23502.0,23397.0,18.0,10:27:12,23441.30,169.30,TIMEOUT,19.0,0.04,5.06,530,BUY PE,BUY CE,BUY PE
OPEN,2026-06-04,10:36:12,23350,PE,BUY PE,35.2,23396.80,139.00,23337.0,23427.0,9.0,,0.00,0.00,,0.0,0.00,0.00,0,NO TRADE,BUY PE,BUY CE
EXIT,2026-06-04,10:36:12,23350,PE,BUY PE,35.2,23396.80,139.00,23337.0,23427.0,9.0,10:45:12,23409.80,137.45,TIMEOUT,9.0,-0.06,-1.12,-101,NO TRADE,BUY PE,BUY CE
OPEN,2026-06-04,10:46:12,23400,PE,BUY PE,36.5,23428.25,149.15,23369.0,23458.0,9.0,,0.00,0.00,,0.0,0.00,0.00,0,BUY PE,NO TRADE,BUY CE
OPEN,2026-06-04,10:49:12,23350,PE,BUY PE,37.9,23420.00,116.55,23358.0,23451.0,9.0,,0.00,0.00,,0.0,0.00,0.00,0,BUY PE,BUY PE,BUY CE
EXIT,2026-06-04,10:46:12,23400,PE,BUY PE,36.5,23428.25,149.15,23369.0,23458.0,9.0,10:55:12,23423.00,149.40,TIMEOUT,9.0,0.02,0.17,16,BUY PE,NO TRADE,BUY CE
EXIT,2026-06-04,10:49:12,23350,PE,BUY PE,37.9,23420.00,116.55,23358.0,23451.0,9.0,10:58:12,23431.90,125.00,TIMEOUT,9.0,-0.05,7.25,549,BUY PE,BUY PE,BUY CE
OPEN,2026-06-04,11:07:12,23350,PE,BUY PE,35.1,23377.10,136.35,23319.0,23406.0,9.0,,0.00,0.00,,0.0,0.00,0.00,0,BUY PE,BUY CE,BUY CE
EXIT,2026-06-04,11:07:12,23350,PE,BUY PE,35.1,23377.10,136.35,23319.0,23406.0,9.0,11:16:12,23396.20,138.65,TIMEOUT,9.0,-0.08,1.69,150,BUY PE,BUY CE,BUY CE
OPEN,2026-06-04,11:17:12,23350,PE,BUY PE,35.3,23399.05,133.65,23344.0,23427.0,9.0,,0.00,0.00,,0.0,0.00,0.00,0,BUY PE,NO TRADE,BUY PE
EXIT,2026-06-04,11:17:12,23350,PE,BUY PE,35.3,23399.05,133.65,23344.0,23427.0,9.0,11:26:12,23383.85,140.60,TIMEOUT,9.0,0.06,5.20,452,BUY PE,NO TRADE,BUY PE
OPEN,2026-06-04,11:36:12,23350,PE,BUY PE,35.0,23415.05,130.00,23362.0,23442.0,9.0,,0.00,0.00,,0.0,0.00,0.00,0,BUY PE,NO TRADE,BUY CE
OPEN,2026-06-04,11:37:12,23400,PE,BUY PE,37.1,23431.85,150.55,23377.0,23459.0,9.0,,0.00,0.00,,0.0,0.00,0.00,0,BUY PE,BUY PE,BUY CE
EXIT,2026-06-04,11:36:12,23350,PE,BUY PE,35.0,23415.05,130.00,23362.0,23442.0,9.0,11:38:12,23443.90,116.65,SL,2.0,-0.12,-10.27,-868,BUY PE,NO TRADE,BUY CE
EXIT,2026-06-04,11:37:12,23400,PE,BUY PE,37.1,23431.85,150.55,23377.0,23459.0,9.0,11:46:12,23449.60,125.50,TIMEOUT,9.0,-0.08,-16.64,-1628,BUY PE,BUY PE,BUY CE
OPEN,2026-06-04,11:47:12,23400,PE,BUY PE,35.2,23444.90,132.45,23392.0,23471.0,9.0,,0.00,0.00,,0.0,0.00,0.00,0,BUY PE,NO TRADE,BUY CE
OPEN,2026-06-04,11:53:12,23350,PE,BUY PE,35.7,23421.25,116.00,23368.0,23448.0,9.0,,0.00,0.00,,0.0,0.00,0.00,0,BUY PE,BUY PE,BUY CE
EXIT,2026-06-04,11:47:12,23400,PE,BUY PE,35.2,23444.90,132.45,23392.0,23471.0,9.0,11:56:12,23414.45,139.50,TIMEOUT,9.0,0.13,5.32,458,BUY PE,NO TRADE,BUY CE
OPEN,2026-06-04,11:57:12,23400,PE,BUY PE,36.9,23425.65,144.50,23370.0,23454.0,9.0,,0.00,0.00,,0.0,0.00,0.00,0,BUY PE,BUY PE,BUY PE
EXIT,2026-06-04,11:53:12,23350,PE,BUY PE,35.7,23421.25,116.00,23368.0,23448.0,9.0,12:03:12,23431.75,121.25,TIMEOUT,10.0,-0.04,4.53,341,BUY PE,BUY PE,BUY CE
EXIT,2026-06-04,11:57:12,23400,PE,BUY PE,36.9,23425.65,144.50,23370.0,23454.0,9.0,12:07:12,23435.70,136.95,TIMEOUT,10.0,-0.04,-5.22,-491,BUY PE,BUY PE,BUY PE
OPEN,2026-06-04,12:10:12,23400,PE,BUY PE,35.1,23447.85,134.65,23394.0,23475.0,9.0,,0.00,0.00,,0.0,0.00,0.00,0,BUY PE,NO TRADE,BUY CE
EXIT,2026-06-04,12:10:12,23400,PE,BUY PE,35.1,23447.85,134.65,23394.0,23475.0,9.0,12:19:12,23434.45,129.85,TIMEOUT,9.0,0.06,-3.56,-312,BUY PE,NO TRADE,BUY CE
OPEN,2026-06-04,12:22:12,23500,CE,BUY CE,35.6,23429.30,153.90,23480.0,23404.0,18.0,,0.00,0.00,,0.0,0.00,0.00,0,BUY CE,BUY CE,BUY CE
EXIT,2026-06-04,12:22:12,23500,CE,BUY CE,35.6,23429.30,153.90,23480.0,23404.0,18.0,12:34:12,23408.80,143.40,FLIP,12.0,-0.09,-6.82,-682,BUY CE,BUY CE,BUY CE
OPEN,2026-06-04,12:34:12,23350,PE,BUY PE,35.5,23399.60,121.90,23350.0,23425.0,9.0,,0.00,0.00,,0.0,0.00,0.00,0,BUY PE,BUY PE,BUY CE
EXIT,2026-06-04,12:34:12,23350,PE,BUY PE,35.5,23399.60,121.90,23350.0,23425.0,9.0,12:44:12,23394.25,131.55,TIMEOUT,10.0,0.02,7.92,627,BUY PE,BUY PE,BUY CE
OPEN,2026-06-04,12:46:12,23350,PE,BUY PE,35.7,23385.25,136.40,23339.0,23408.0,9.0,,0.00,0.00,,0.0,0.00,0.00,0,BUY PE,BUY PE,BUY CE
EXIT,2026-06-04,12:46:12,23350,PE,BUY PE,35.7,23385.25,136.40,23339.0,23408.0,9.0,12:56:12,23412.75,131.35,SL,10.0,-0.12,-3.70,-328,BUY PE,BUY PE,BUY CE
OPEN,2026-06-04,13:06:12,23350,PE,BUY PE,35.1,23393.75,124.20,23349.0,23416.0,9.0,,0.00,0.00,,0.0,0.00,0.00,0,BUY PE,BUY CE,BUY CE
OPEN,2026-06-04,13:13:12,23300,PE,BUY PE,39.9,23374.50,125.70,23327.0,23399.0,9.0,,0.00,0.00,,0.0,0.00,0.00,0,BUY PE,BUY PE,BUY CE
OPEN,2026-06-04,13:15:12,23250,PE,BUY PE,40.4,23324.40,105.45,23270.0,23351.0,9.0,,0.00,0.00,,0.0,0.00,0.00,0,BUY PE,BUY PE,BUY PE
EXIT,2026-06-04,13:06:12,23350,PE,BUY PE,35.1,23393.75,124.20,23349.0,23416.0,9.0,13:15:12,23324.40,147.80,TARGET,9.0,0.30,19.00,1534,BUY PE,BUY CE,BUY CE
EXIT,2026-06-04,13:13:12,23300,PE,BUY PE,39.9,23374.50,125.70,23327.0,23399.0,9.0,13:15:12,23324.40,125.70,TARGET,2.0,0.21,0.00,0,BUY PE,BUY PE,BUY CE
OPEN,2026-06-04,13:17:12,23300,PE,BUY PE,43.4,23338.65,145.90,23286.0,23365.0,9.0,,0.00,0.00,,0.0,0.00,0.00,0,BUY PE,BUY PE,BUY CE
EXIT,2026-06-04,13:15:12,23250,PE,BUY PE,40.4,23324.40,105.45,23270.0,23351.0,9.0,13:20:12,23351.05,114.85,SL,5.0,-0.11,8.91,611,BUY PE,BUY PE,BUY PE
EXIT,2026-06-04,13:17:12,23300,PE,BUY PE,43.4,23338.65,145.90,23286.0,23365.0,9.0,13:26:12,23355.30,126.75,TIMEOUT,9.0,-0.07,-13.13,-1245,BUY PE,BUY PE,BUY CE
OPEN,2026-06-04,13:27:12,23300,PE,BUY PE,44.9,23360.85,123.30,23308.0,23387.0,9.0,,0.00,0.00,,0.0,0.00,0.00,0,BUY PE,BUY PE,BUY PE
OPEN,2026-06-04,13:30:12,23350,PE,BUY PE,45.0,23355.50,144.15,23302.0,23383.0,9.0,,0.00,0.00,,0.0,0.00,0.00,0,BUY PE,BUY PE,BUY PE
EXIT,2026-06-04,13:27:12,23300,PE,BUY PE,44.9,23360.85,123.30,23308.0,23387.0,9.0,13:37:12,23370.15,122.30,TIMEOUT,10.0,-0.04,-0.81,-65,BUY PE,BUY PE,BUY PE
OPEN,2026-06-04,13:38:12,23300,PE,BUY PE,42.6,23366.15,122.30,23317.0,23391.0,9.0,,0.00,0.00,,0.0,0.00,0.00,0,BUY PE,BUY PE,BUY CE
EXIT,2026-06-04,13:30:12,23350,PE,BUY PE,45.0,23355.50,144.15,23302.0,23383.0,9.0,13:39:12,23372.35,142.45,TIMEOUT,9.0,-0.07,-1.18,-111,BUY PE,BUY PE,BUY PE
EXIT,2026-06-04,13:38:12,23300,PE,BUY PE,42.6,23366.15,122.30,23317.0,23391.0,9.0,13:48:12,23360.05,124.75,TIMEOUT,10.0,0.03,2.00,159,BUY PE,BUY PE,BUY CE
OPEN,2026-06-04,13:49:12,23300,PE,BUY PE,39.7,23373.50,122.70,23325.0,23398.0,9.0,,0.00,0.00,,0.0,0.00,0.00,0,BUY PE,BUY PE,BUY CE
EXIT,2026-06-04,13:49:12,23300,PE,BUY PE,39.7,23373.50,122.70,23325.0,23398.0,9.0,13:58:12,23359.35,120.55,TIMEOUT,9.0,0.06,-1.75,-140,BUY PE,BUY PE,BUY CE
OPEN,2026-06-04,13:59:12,23300,PE,BUY PE,38.5,23374.25,124.90,23326.0,23398.0,9.0,,0.00,0.00,,0.0,0.00,0.00,0,BUY PE,BUY PE,BUY CE
OPEN,2026-06-04,14:01:12,23350,PE,BUY PE,38.9,23416.50,125.35,23365.0,23443.0,9.0,,0.00,0.00,,0.0,0.00,0.00,0,BUY PE,BUY PE,BUY CE
EXIT,2026-06-04,13:59:12,23300,PE,BUY PE,38.5,23374.25,124.90,23326.0,23398.0,9.0,14:01:12,23416.50,105.10,SL,2.0,-0.18,-15.85,-1287,BUY PE,BUY PE,BUY CE
OPEN,2026-06-04,14:10:12,23400,PE,BUY PE,40.8,23428.95,138.65,23377.0,23455.0,9.0,,0.00,0.00,,0.0,0.00,0.00,0,BUY PE,BUY PE,BUY CE
EXIT,2026-06-04,14:01:12,23350,PE,BUY PE,38.9,23416.50,125.35,23365.0,23443.0,9.0,14:10:12,23428.95,116.60,TIMEOUT,9.0,-0.05,-6.98,-569,BUY PE,BUY PE,BUY CE
OPEN,2026-06-04,14:11:12,23350,PE,BUY PE,40.8,23421.00,116.60,23371.0,23446.0,9.0,,0.00,0.00,,0.0,0.00,0.00,0,BUY PE,BUY PE,BUY PE
EXIT,2026-06-04,14:10:12,23400,PE,BUY PE,40.8,23428.95,138.65,23377.0,23455.0,9.0,14:17:12,23422.90,131.00,FLIP,7.0,0.03,-5.52,-497,BUY PE,BUY PE,BUY CE
EXIT,2026-06-04,14:11:12,23350,PE,BUY PE,40.8,23421.00,116.60,23371.0,23446.0,9.0,14:17:12,23422.90,110.95,FLIP,6.0,-0.01,-4.85,-367,BUY PE,BUY PE,BUY PE
OPEN,2026-06-04,14:17:12,23450,CE,BUY CE,37.6,23418.75,163.25,23468.0,23394.0,18.0,,0.00,0.00,,0.0,0.00,0.00,0,BUY PE,BUY CE,BUY CE
OPEN,2026-06-04,14:31:12,23500,CE,BUY CE,38.1,23445.70,137.85,23494.0,23422.0,18.0,,0.00,0.00,,0.0,0.00,0.00,0,BUY CE,BUY CE,BUY CE
EXIT,2026-06-04,14:17:12,23450,CE,BUY CE,37.6,23418.75,163.25,23468.0,23394.0,18.0,14:35:12,23438.75,168.15,TIMEOUT,18.0,0.09,3.00,319,BUY PE,BUY CE,BUY CE
EXIT,2026-06-04,14:31:12,23500,CE,BUY CE,38.1,23445.70,137.85,23494.0,23422.0,18.0,14:50:12,23439.80,151.95,TIMEOUT,19.0,-0.03,10.23,916,BUY CE,BUY CE,BUY CE
OPEN,2026-06-04,14:51:12,23500,CE,BUY CE,39.1,23440.45,151.95,23486.0,23417.0,18.0,,0.00,0.00,,0.0,0.00,0.00,0,BUY CE,BUY CE,BUY CE
OPEN,2026-06-04,14:52:12,23450,CE,BUY CE,39.2,23419.95,173.60,23468.0,23396.0,18.0,,0.00,0.00,,0.0,0.00,0.00,0,BUY PE,BUY CE,BUY PE
EXIT,2026-06-04,14:51:12,23500,CE,BUY CE,39.1,23440.45,151.95,23486.0,23417.0,18.0,14:53:12,23416.00,148.35,SL,2.0,-0.10,-2.37,-234,BUY CE,BUY CE,BUY CE
EXIT,2026-06-04,14:52:12,23450,CE,BUY CE,39.2,23419.95,173.60,23468.0,23396.0,18.0,14:54:12,23416.00,173.60,FLIP,2.0,-0.02,0.00,0,BUY PE,BUY CE,BUY PE
OPEN,2026-06-04,14:54:12,23350,PE,BUY PE,39.8,23413.45,103.05,23364.0,23438.0,9.0,,0.00,0.00,,0.0,0.00,0.00,0,BUY PE,BUY PE,BUY CE
EXIT,2026-06-04,14:54:12,23350,PE,BUY PE,39.8,23413.45,103.05,23364.0,23438.0,9.0,15:00:12,23412.75,111.35,FLIP,6.0,0.00,8.05,539,BUY PE,BUY PE,BUY CE
OPEN,2026-06-04,15:00:12,23400,CE,BUY CE,47.9,23410.60,187.90,23459.0,23387.0,29.0,,0.00,0.00,,0.0,0.00,0.00,0,BUY CE,BUY CE,BUY PE
EXIT,2026-06-04,15:00:12,23400,CE,BUY CE,47.9,23410.60,187.90,23459.0,23387.0,29.0,15:01:12,23386.60,187.90,SL,1.0,-0.10,0.00,0,BUY CE,BUY CE,BUY PE
OPEN,2026-06-04,15:02:12,23450,CE,BUY CE,44.6,23400.30,151.35,23449.0,23376.0,18.0,,0.00,0.00,,0.0,0.00,0.00,0,BUY CE,BUY PE,BUY PE
OPEN,2026-06-04,15:03:12,23400,CE,BUY CE,45.4,23396.05,177.65,23445.0,23372.0,26.0,,0.00,0.00,,0.0,0.00,0.00,0,BUY CE,BUY CE,BUY CE
EXIT,2026-06-04,15:02:12,23450,CE,BUY CE,44.6,23400.30,151.35,23449.0,23376.0,18.0,15:21:12,23416.75,180.05,TIMEOUT,19.0,0.07,18.96,1866,BUY CE,BUY PE,BUY PE
OPEN,2026-06-04,15:24:12,23450,CE,BUY CE,48.9,23432.70,172.80,23478.0,23410.0,5.0,,0.00,0.00,,0.0,0.00,0.00,0,BUY CE,BUY CE,BUY CE
EXIT,2026-06-04,15:24:12,23450,CE,BUY CE,48.9,23432.70,172.80,23478.0,23410.0,5.0,15:30:12,23437.80,186.45,EOD,6.0,0.02,7.90,887,BUY CE,BUY CE,BUY CE
EXIT,2026-06-04,15:03:12,23400,CE,BUY CE,45.4,23396.05,177.65,23445.0,23372.0,26.0,15:30:12,23437.80,217.00,EOD,27.0,0.18,22.15,2558,BUY CE,BUY CE,BUY CE
OPEN,2026-06-05,09:00:12,23350,PE,BUY PE,36.4,23416.55,86.50,23369.0,23441.0,9.0,,0.00,0.00,,0.0,0.00,0.00,0,BUY PE,BUY PE,BUY PE
OPEN,2026-06-05,09:08:12,23450,PE,BUY PE,35.7,23478.95,123.80,23429.0,23504.0,9.0,,0.00,0.00,,0.0,0.00,0.00,0,BUY PE,BUY PE,BUY PE
EXIT,2026-06-05,09:00:12,23350,PE,BUY PE,36.4,23416.55,86.50,23369.0,23441.0,9.0,09:08:12,23478.95,86.50,SL,8.0,-0.27,0.00,0,BUY PE,BUY PE,BUY PE
OPEN,2026-06-05,09:16:12,23500,PE,BUY PE,47.3,23476.65,146.20,23425.0,23503.0,9.0,,0.00,0.00,,0.0,0.00,0.00,0,BUY PE,BUY PE,NO TRADE
EXIT,2026-06-05,09:08:12,23450,PE,BUY PE,35.7,23478.95,123.80,23429.0,23504.0,9.0,09:18:12,23463.50,134.20,TIMEOUT,10.0,0.07,8.40,676,BUY PE,BUY PE,BUY PE
OPEN,2026-06-05,09:19:12,23450,PE,BUY PE,46.7,23457.80,137.10,23406.0,23484.0,9.0,,0.00,0.00,,0.0,0.00,0.00,0,BUY PE,BUY PE,BUY PE
EXIT,2026-06-05,09:16:12,23500,PE,BUY PE,47.3,23476.65,146.20,23425.0,23503.0,9.0,09:25:12,23453.50,157.75,TIMEOUT,9.0,0.10,7.90,751,BUY PE,BUY PE,NO TRADE
EXIT,2026-06-05,09:19:12,23450,PE,BUY PE,46.7,23457.80,137.10,23406.0,23484.0,9.0,09:29:12,23457.30,148.50,TIMEOUT,10.0,0.00,8.32,741,BUY PE,BUY PE,BUY PE
OPEN,2026-06-05,09:30:12,23450,PE,BUY PE,48.1,23466.65,148.50,23415.0,23493.0,9.0,,0.00,0.00,,0.0,0.00,0.00,0,BUY PE,BUY PE,BUY PE
OPEN,2026-06-05,09:31:12,23500,PE,BUY PE,47.8,23475.55,170.55,23427.0,23500.0,9.0,,0.00,0.00,,0.0,0.00,0.00,0,BUY PE,BUY PE,BUY PE
OPEN,2026-06-05,09:34:12,23400,PE,BUY PE,43.2,23455.45,112.75,23404.0,23481.0,9.0,,0.00,0.00,,0.0,0.00,0.00,0,BUY PE,BUY PE,NO TRADE
EXIT,2026-06-05,09:34:12,23400,PE,BUY PE,43.2,23455.45,112.75,23404.0,23481.0,9.0,09:36:12,23481.25,112.75,SL,2.0,-0.11,0.00,0,BUY PE,BUY PE,NO TRADE
OPEN,2026-06-05,09:37:12,23400,PE,BUY PE,40.7,23456.30,105.30,23404.0,23482.0,9.0,,0.00,0.00,,0.0,0.00,0.00,0,BUY PE,BUY PE,NO TRADE
EXIT,2026-06-05,09:30:12,23450,PE,BUY PE,48.1,23466.65,148.50,23415.0,23493.0,9.0,09:40:12,23463.75,133.90,TIMEOUT,10.0,0.01,-9.83,-949,BUY PE,BUY PE,BUY PE
EXIT,2026-06-05,09:31:12,23500,PE,BUY PE,47.8,23475.55,170.55,23427.0,23500.0,9.0,09:41:12,23449.50,157.15,TIMEOUT,10.0,0.11,-7.86,-871,BUY PE,BUY PE,BUY PE
OPEN,2026-06-05,09:44:12,23450,PE,BUY PE,43.3,23475.40,137.20,23421.0,23502.0,9.0,,0.00,0.00,,0.0,0.00,0.00,0,BUY PE,BUY PE,BUY PE
EXIT,2026-06-05,09:37:12,23400,PE,BUY PE,40.7,23456.30,105.30,23404.0,23482.0,9.0,09:46:12,23469.35,104.95,TIMEOUT,9.0,-0.06,-0.33,-23,BUY PE,BUY PE,NO TRADE
OPEN,2026-06-05,09:47:12,23400,PE,BUY PE,40.0,23466.20,104.95,23415.0,23492.0,9.0,,0.00,0.00,,0.0,0.00,0.00,0,BUY PE,BUY PE,BUY PE
EXIT,2026-06-05,09:44:12,23450,PE,BUY PE,43.3,23475.40,137.20,23421.0,23502.0,9.0,09:54:12,23462.00,137.35,TIMEOUT,10.0,0.06,0.11,10,BUY PE,BUY PE,BUY PE
EXIT,2026-06-05,09:47:12,23400,PE,BUY PE,40.0,23466.20,104.95,23415.0,23492.0,9.0,09:56:12,23455.55,116.10,TIMEOUT,9.0,0.05,10.62,725,BUY PE,BUY PE,BUY PE
OPEN,2026-06-05,09:57:12,23400,PE,BUY PE,37.5,23454.70,110.95,23403.0,23481.0,9.0,,0.00,0.00,,0.0,0.00,0.00,0,BUY PE,BUY PE,BUY PE
EXIT,2026-06-05,09:57:12,23400,PE,BUY PE,37.5,23454.70,110.95,23403.0,23481.0,9.0,10:07:12,23466.40,110.35,TIMEOUT,10.0,-0.05,-0.54,-39,BUY PE,BUY PE,BUY PE
OPEN,2026-06-05,10:08:12,23450,PE,BUY PE,39.2,23478.35,131.45,23419.0,23508.0,9.0,,0.00,0.00,,0.0,0.00,0.00,0,BUY PE,BUY PE,BUY PE
EXIT,2026-06-05,10:08:12,23450,PE,BUY PE,39.2,23478.35,131.45,23419.0,23508.0,9.0,10:11:12,23511.30,117.55,SL,3.0,-0.14,-10.57,-903,BUY PE,BUY PE,BUY PE
OPEN,2026-06-05,10:12:12,23450,PE,BUY PE,39.9,23497.00,106.55,23437.0,23527.0,9.0,,0.00,0.00,,0.0,0.00,0.00,0,BUY PE,BUY PE,BUY PE
OPEN,2026-06-05,10:15:12,23400,PE,BUY PE,38.4,23474.75,97.15,23412.0,23506.0,9.0,,0.00,0.00,,0.0,0.00,0.00,0,BUY PE,BUY PE,BUY PE
EXIT,2026-06-05,10:12:12,23450,PE,BUY PE,39.9,23497.00,106.55,23437.0,23527.0,9.0,10:21:12,23479.75,118.55,TIMEOUT,9.0,0.07,11.26,780,BUY PE,BUY PE,BUY PE
OPEN,2026-06-05,10:23:12,23450,PE,BUY PE,38.1,23478.05,126.60,23417.0,23509.0,9.0,,0.00,0.00,,0.0,0.00,0.00,0,BUY PE,BUY PE,BUY PE
EXIT,2026-06-05,10:15:12,23400,PE,BUY PE,38.4,23474.75,97.15,23412.0,23506.0,9.0,10:24:12,23480.45,105.55,TIMEOUT,9.0,-0.02,8.65,546,BUY PE,BUY PE,BUY PE
OPEN,2026-06-05,10:28:12,23400,PE,BUY PE,37.9,23466.35,94.10,23404.0,23497.0,9.0,,0.00,0.00,,0.0,0.00,0.00,0,BUY PE,BUY PE,BUY PE
EXIT,2026-06-05,10:23:12,23450,PE,BUY PE,38.1,23478.05,126.60,23417.0,23509.0,9.0,10:32:12,23467.70,121.05,TIMEOUT,9.0,0.04,-4.38,-361,BUY PE,BUY PE,BUY PE
OPEN,2026-06-05,10:36:12,23350,PE,BUY PE,38.8,23417.25,85.15,23356.0,23448.0,9.0,,0.00,0.00,,0.0,0.00,0.00,0,BUY PE,BUY PE,BUY CE
EXIT,2026-06-05,10:28:12,23400,PE,BUY PE,37.9,23466.35,94.10,23404.0,23497.0,9.0,10:37:12,23377.65,103.45,TARGET,9.0,0.38,9.94,608,BUY PE,BUY PE,BUY PE
OPEN,2026-06-05,10:39:12,23300,PE,BUY PE,39.8,23373.80,88.40,23307.0,23407.0,9.0,,0.00,0.00,,0.0,0.00,0.00,0,BUY PE,BUY PE,BUY PE
EXIT,2026-06-05,10:36:12,23350,PE,BUY PE,38.8,23417.25,85.15,23356.0,23448.0,9.0,10:45:12,23352.85,135.65,TARGET,9.0,0.28,59.31,3282,BUY PE,BUY PE,BUY CE
EXIT,2026-06-05,10:39:12,23300,PE,BUY PE,39.8,23373.80,88.40,23307.0,23407.0,9.0,10:49:12,23357.85,126.65,TIMEOUT,10.0,0.07,43.27,2486,BUY PE,BUY PE,BUY PE
OPEN,2026-06-05,10:50:12,23350,PE,BUY PE,42.0,23375.15,149.90,23307.0,23409.0,9.0,,0.00,0.00,,0.0,0.00,0.00,0,BUY PE,BUY PE,BUY PE
EXIT,2026-06-05,10:50:12,23350,PE,BUY PE,42.0,23375.15,149.90,23307.0,23409.0,9.0,11:00:12,23405.90,120.85,TIMEOUT,10.0,-0.13,-19.38,-1888,BUY PE,BUY PE,BUY PE
OPEN,2026-06-05,11:01:12,23350,PE,BUY PE,43.5,23416.75,114.90,23355.0,23448.0,9.0,,0.00,0.00,,0.0,0.00,0.00,0,BUY PE,BUY PE,BUY PE
OPEN,2026-06-05,11:03:12,23400,PE,BUY PE,43.3,23425.25,132.85,23362.0,23457.0,9.0,,0.00,0.00,,0.0,0.00,0.00,0,BUY PE,BUY PE,BUY PE
EXIT,2026-06-05,11:01:12,23350,PE,BUY PE,43.5,23416.75,114.90,23355.0,23448.0,9.0,11:05:12,23451.25,111.00,SL,4.0,-0.15,-3.39,-254,BUY PE,BUY PE,BUY PE
OPEN,2026-06-05,11:06:12,23450,PE,BUY PE,41.6,23475.25,136.40,23409.0,23508.0,9.0,,0.00,0.00,,0.0,0.00,0.00,0,BUY PE,BUY PE,BUY PE
EXIT,2026-06-05,11:03:12,23400,PE,BUY PE,43.3,23425.25,132.85,23362.0,23457.0,9.0,11:06:12,23475.25,115.30,SL,3.0,-0.21,-13.21,-1141,BUY PE,BUY PE,BUY PE
OPEN,2026-06-05,11:08:12,23500,PE,BUY PE,45.1,23484.25,135.90,23415.0,23519.0,9.0,,0.00,0.00,,0.0,0.00,0.00,0,BUY PE,BUY PE,BUY PE
OPEN,2026-06-05,11:11:12,23400,PE,BUY PE,44.5,23455.85,94.10,23389.0,23489.0,9.0,,0.00,0.00,,0.0,0.00,0.00,0,BUY PE,BUY PE,BUY PE
EXIT,2026-06-05,11:06:12,23450,PE,BUY PE,41.6,23475.25,136.40,23409.0,23508.0,9.0,11:15:12,23447.30,120.35,TIMEOUT,9.0,0.12,-11.77,-1043,BUY PE,BUY PE,BUY PE
EXIT,2026-06-05,11:08:12,23500,PE,BUY PE,45.1,23484.25,135.90,23415.0,23519.0,9.0,11:18:12,23438.35,149.25,TIMEOUT,10.0,0.20,9.82,868,BUY PE,BUY PE,BUY PE
OPEN,2026-06-05,11:19:12,23350,PE,BUY PE,40.1,23423.25,97.65,23355.0,23457.0,9.0,,0.00,0.00,,0.0,0.00,0.00,0,BUY PE,BUY PE,BUY PE
EXIT,2026-06-05,11:11:12,23400,PE,BUY PE,44.5,23455.85,94.10,23389.0,23489.0,9.0,11:21:12,23402.00,117.50,TIMEOUT,10.0,0.23,24.87,1521,BUY PE,BUY PE,BUY PE
EXIT,2026-06-05,11:19:12,23350,PE,BUY PE,40.1,23423.25,97.65,23355.0,23457.0,9.0,11:29:12,23410.55,102.65,TIMEOUT,10.0,0.05,5.12,325,BUY PE,BUY PE,BUY PE
OPEN,2026-06-05,11:30:12,23350,PE,BUY PE,38.6,23419.60,102.65,23355.0,23452.0,9.0,,0.00,0.00,,0.0,0.00,0.00,0,BUY PE,BUY PE,BUY PE
OPEN,2026-06-05,11:31:12,23400,PE,BUY PE,38.5,23433.30,121.70,23369.0,23465.0,9.0,,0.00,0.00,,0.0,0.00,0.00,0,BUY PE,BUY PE,BUY PE
EXIT,2026-06-05,11:30:12,23350,PE,BUY PE,38.6,23419.60,102.65,23355.0,23452.0,9.0,11:39:12,23405.45,100.75,TIMEOUT,9.0,0.06,-1.85,-124,BUY PE,BUY PE,BUY PE
OPEN,2026-06-05,11:40:12,23350,PE,BUY PE,35.0,23417.15,100.75,23355.0,23448.0,9.0,,0.00,0.00,,0.0,0.00,0.00,0,BUY PE,NO TRADE,BUY PE
EXIT,2026-06-05,11:31:12,23400,PE,BUY PE,38.5,23433.30,121.70,23369.0,23465.0,9.0,11:40:12,23417.15,120.60,TIMEOUT,9.0,0.07,-0.90,-72,BUY PE,BUY PE,BUY PE
OPEN,2026-06-05,11:41:12,23400,PE,BUY PE,35.3,23429.55,122.00,23370.0,23460.0,9.0,,0.00,0.00,,0.0,0.00,0.00,0,BUY PE,NO TRADE,BUY PE
EXIT,2026-06-05,11:40:12,23350,PE,BUY PE,35.0,23417.15,100.75,23355.0,23448.0,9.0,11:50:12,23430.25,96.40,TIMEOUT,10.0,-0.06,-4.32,-283,BUY PE,NO TRADE,BUY PE
EXIT,2026-06-05,11:41:12,23400,PE,BUY PE,35.3,23429.55,122.00,23370.0,23460.0,9.0,11:50:12,23430.25,116.50,TIMEOUT,9.0,-0.00,-4.51,-358,BUY PE,NO TRADE,BUY PE
OPEN,2026-06-05,12:01:12,23350,PE,BUY PE,35.7,23404.55,109.05,23351.0,23432.0,9.0,,0.00,0.00,,0.0,0.00,0.00,0,BUY PE,NO TRADE,BUY PE
EXIT,2026-06-05,12:01:12,23350,PE,BUY PE,35.7,23404.55,109.05,23351.0,23432.0,9.0,12:05:12,23432.00,100.60,SL,4.0,-0.12,-7.75,-549,BUY PE,NO TRADE,BUY PE
OPEN,2026-06-05,12:32:12,23350,PE,BUY PE,36.6,23411.95,90.55,23361.0,23437.0,9.0,,0.00,0.00,,0.0,0.00,0.00,0,BUY PE,BUY PE,NO TRADE
EXIT,2026-06-05,12:32:12,23350,PE,BUY PE,36.6,23411.95,90.55,23361.0,23437.0,9.0,12:42:12,23386.95,107.55,TIMEOUT,10.0,0.11,18.77,1105,BUY PE,BUY PE,NO TRADE
OPEN,2026-06-05,12:43:12,23300,PE,BUY PE,37.4,23374.50,87.60,23322.0,23401.0,9.0,,0.00,0.00,,0.0,0.00,0.00,0,BUY PE,BUY PE,BUY CE
OPEN,2026-06-05,12:46:12,23350,PE,BUY PE,37.8,23385.50,117.35,23334.0,23412.0,9.0,,0.00,0.00,,0.0,0.00,0.00,0,BUY PE,BUY PE,BUY CE
EXIT,2026-06-05,12:43:12,23300,PE,BUY PE,37.4,23374.50,87.60,23322.0,23401.0,9.0,12:47:12,23385.50,97.45,FLIP,4.0,-0.05,11.24,640,BUY PE,BUY PE,BUY CE
EXIT,2026-06-05,12:46:12,23350,PE,BUY PE,37.8,23385.50,117.35,23334.0,23412.0,9.0,12:47:12,23385.50,117.35,FLIP,1.0,0.00,0.00,0,BUY PE,BUY PE,BUY CE
OPEN,2026-06-05,12:47:12,23400,CE,BUY CE,36.0,23374.25,156.40,23426.0,23348.0,18.0,,0.00,0.00,,0.0,0.00,0.00,0,BUY PE,BUY CE,BUY CE
EXIT,2026-06-05,12:47:12,23400,CE,BUY CE,36.0,23374.25,156.40,23426.0,23348.0,18.0,12:48:12,23374.25,156.40,FLIP,1.0,0.00,0.00,0,BUY PE,BUY CE,BUY CE
OPEN,2026-06-05,12:48:12,23350,PE,BUY PE,36.2,23380.50,115.70,23329.0,23407.0,9.0,,0.00,0.00,,0.0,0.00,0.00,0,BUY PE,BUY PE,BUY CE
EXIT,2026-06-05,12:48:12,23350,PE,BUY PE,36.2,23380.50,115.70,23329.0,23407.0,9.0,12:49:12,23380.50,115.70,FLIP,1.0,0.00,0.00,0,BUY PE,BUY PE,BUY CE
OPEN,2026-06-05,12:49:12,23400,CE,BUY CE,35.3,23374.15,156.40,23427.0,23348.0,18.0,,0.00,0.00,,0.0,0.00,0.00,0,BUY PE,BUY CE,BUY CE
EXIT,2026-06-05,12:49:12,23400,CE,BUY CE,35.3,23374.15,156.40,23427.0,23348.0,18.0,12:52:12,23353.30,158.15,FLIP,3.0,-0.09,1.12,114,BUY PE,BUY CE,BUY CE
OPEN,2026-06-05,12:52:12,23300,PE,BUY PE,35.3,23362.45,105.65,23310.0,23388.0,9.0,,0.00,0.00,,0.0,0.00,0.00,0,BUY PE,NO TRADE,BUY CE
EXIT,2026-06-05,12:52:12,23300,PE,BUY PE,35.3,23362.45,105.65,23310.0,23388.0,9.0,12:55:12,23371.65,105.65,FLIP,3.0,-0.04,0.00,0,BUY PE,NO TRADE,BUY CE
OPEN,2026-06-05,12:55:12,23400,CE,BUY CE,37.3,23362.55,155.80,23416.0,23336.0,18.0,,0.00,0.00,,0.0,0.00,0.00,0,BUY PE,BUY CE,BUY CE
EXIT,2026-06-05,12:55:12,23400,CE,BUY CE,37.3,23362.55,155.80,23416.0,23336.0,18.0,12:56:12,23362.55,155.80,FLIP,1.0,0.00,0.00,0,BUY PE,BUY CE,BUY CE
OPEN,2026-06-05,12:56:12,23300,PE,BUY PE,37.3,23367.90,96.85,23318.0,23393.0,9.0,,0.00,0.00,,0.0,0.00,0.00,0,BUY PE,BUY PE,BUY CE
EXIT,2026-06-05,12:56:12,23300,PE,BUY PE,37.3,23367.90,96.85,23318.0,23393.0,9.0,13:06:12,23367.15,103.30,TIMEOUT,10.0,0.00,6.66,419,BUY PE,BUY PE,BUY CE
OPEN,2026-06-05,13:07:12,23400,CE,BUY CE,35.2,23350.20,150.45,23399.0,23326.0,18.0,,0.00,0.00,,0.0,0.00,0.00,0,NO TRADE,BUY CE,BUY CE
EXIT,2026-06-05,13:07:12,23400,CE,BUY CE,35.2,23350.20,150.45,23399.0,23326.0,18.0,13:10:12,23344.80,154.45,FLIP,3.0,-0.02,2.66,260,NO TRADE,BUY CE,BUY CE
OPEN,2026-06-05,13:10:12,23300,PE,BUY PE,35.7,23347.65,110.70,23299.0,23372.0,9.0,,0.00,0.00,,0.0,0.00,0.00,0,BUY PE,BUY PE,BUY CE
EXIT,2026-06-05,13:10:12,23300,PE,BUY PE,35.7,23347.65,110.70,23299.0,23372.0,9.0,13:11:12,23347.65,110.70,FLIP,1.0,0.00,0.00,0,BUY PE,BUY PE,BUY CE
OPEN,2026-06-05,13:11:12,23400,CE,BUY CE,38.3,23336.90,146.40,23385.0,23313.0,18.0,,0.00,0.00,,0.0,0.00,0.00,0,BUY PE,BUY CE,BUY CE
EXIT,2026-06-05,13:11:12,23400,CE,BUY CE,38.3,23336.90,146.40,23385.0,23313.0,18.0,13:12:12,23336.90,146.40,FLIP,1.0,0.00,0.00,0,BUY PE,BUY CE,BUY CE
OPEN,2026-06-05,13:12:12,23300,PE,BUY PE,35.8,23345.60,110.70,23298.0,23370.0,9.0,,0.00,0.00,,0.0,0.00,0.00,0,BUY PE,BUY PE,BUY CE
EXIT,2026-06-05,13:12:12,23300,PE,BUY PE,35.8,23345.60,110.70,23298.0,23370.0,9.0,13:14:12,23352.10,114.45,FLIP,2.0,-0.03,3.39,244,BUY PE,BUY PE,BUY CE
OPEN,2026-06-05,13:14:12,23400,CE,BUY CE,36.1,23340.05,141.25,23389.0,23316.0,18.0,,0.00,0.00,,0.0,0.00,0.00,0,BUY PE,BUY CE,BUY CE
EXIT,2026-06-05,13:14:12,23400,CE,BUY CE,36.1,23340.05,141.25,23389.0,23316.0,18.0,13:16:12,23332.15,148.10,FLIP,2.0,-0.03,4.85,445,BUY PE,BUY CE,BUY CE
OPEN,2026-06-05,13:16:12,23300,PE,BUY PE,36.6,23350.50,106.50,23303.0,23375.0,9.0,,0.00,0.00,,0.0,0.00,0.00,0,BUY PE,BUY PE,BUY CE
EXIT,2026-06-05,13:16:12,23300,PE,BUY PE,36.6,23350.50,106.50,23303.0,23375.0,9.0,13:23:12,23351.85,107.15,FLIP,7.0,-0.01,0.61,42,BUY PE,BUY PE,BUY CE
OPEN,2026-06-05,13:23:12,23400,CE,BUY CE,35.1,23343.45,147.20,23390.0,23320.0,18.0,,0.00,0.00,,0.0,0.00,0.00,0,BUY CE,BUY PE,BUY CE
OPEN,2026-06-05,13:25:12,23350,CE,BUY CE,37.0,23322.50,165.15,23374.0,23297.0,18.0,,0.00,0.00,,0.0,0.00,0.00,0,BUY CE,BUY PE,BUY CE
EXIT,2026-06-05,13:23:12,23400,CE,BUY CE,35.1,23343.45,147.20,23390.0,23320.0,18.0,13:26:12,23322.50,140.40,FLIP,3.0,-0.09,-4.62,-442,BUY CE,BUY PE,BUY CE
EXIT,2026-06-05,13:25:12,23350,CE,BUY CE,37.0,23322.50,165.15,23374.0,23297.0,18.0,13:26:12,23322.50,165.15,FLIP,1.0,0.00,0.00,0,BUY CE,BUY PE,BUY CE
OPEN,2026-06-05,13:26:12,23250,PE,BUY PE,36.6,23324.45,96.40,23275.0,23349.0,9.0,,0.00,0.00,,0.0,0.00,0.00,0,BUY CE,BUY PE,BUY CE
OPEN,2026-06-05,13:27:12,23300,PE,BUY PE,37.9,23342.15,116.60,23291.0,23368.0,9.0,,0.00,0.00,,0.0,0.00,0.00,0,BUY CE,BUY PE,BUY CE
EXIT,2026-06-05,13:26:12,23250,PE,BUY PE,36.6,23324.45,96.40,23275.0,23349.0,9.0,13:36:12,23311.80,110.95,TIMEOUT,10.0,0.05,15.09,946,BUY CE,BUY PE,BUY CE
EXIT,2026-06-05,13:27:12,23300,PE,BUY PE,37.9,23342.15,116.60,23291.0,23368.0,9.0,13:36:12,23311.80,133.00,TIMEOUT,9.0,0.13,14.07,1066,BUY CE,BUY PE,BUY CE
OPEN,2026-06-05,13:37:12,23250,PE,BUY PE,40.0,23306.30,110.95,23255.0,23332.0,9.0,,0.00,0.00,,0.0,0.00,0.00,0,BUY PE,BUY PE,BUY CE
EXIT,2026-06-05,13:37:12,23250,PE,BUY PE,40.0,23306.30,110.95,23255.0,23332.0,9.0,13:47:12,23312.95,122.65,TIMEOUT,10.0,-0.03,10.55,761,BUY PE,BUY PE,BUY CE
OPEN,2026-06-05,13:48:12,23250,PE,BUY PE,44.5,23316.25,109.05,23264.0,23342.0,9.0,,0.00,0.00,,0.0,0.00,0.00,0,BUY PE,BUY PE,BUY PE
EXIT,2026-06-05,13:48:12,23250,PE,BUY PE,44.5,23316.25,109.05,23264.0,23342.0,9.0,13:57:12,23313.85,107.75,TIMEOUT,9.0,0.01,-1.19,-84,BUY PE,BUY PE,BUY PE
OPEN,2026-06-05,13:58:12,23250,PE,BUY PE,40.7,23317.95,107.85,23269.0,23342.0,9.0,,0.00,0.00,,0.0,0.00,0.00,0,BUY PE,BUY PE,BUY CE
OPEN,2026-06-05,14:00:12,23300,PE,BUY PE,39.7,23336.95,129.50,23286.0,23362.0,9.0,,0.00,0.00,,0.0,0.00,0.00,0,BUY PE,BUY PE,BUY PE
EXIT,2026-06-05,13:58:12,23250,PE,BUY PE,40.7,23317.95,107.85,23269.0,23342.0,9.0,14:07:12,23338.90,99.65,TIMEOUT,9.0,-0.09,-7.60,-533,BUY PE,BUY PE,BUY CE
EXIT,2026-06-05,14:00:12,23300,PE,BUY PE,39.7,23336.95,129.50,23286.0,23362.0,9.0,14:09:12,23330.35,116.65,TIMEOUT,9.0,0.03,-9.92,-835,BUY PE,BUY PE,BUY PE
OPEN,2026-06-05,14:10:12,23300,PE,BUY PE,38.1,23331.35,116.65,23283.0,23355.0,9.0,,0.00,0.00,,0.0,0.00,0.00,0,BUY PE,BUY PE,NO TRADE
OPEN,2026-06-05,14:13:12,23250,PE,BUY PE,39.7,23314.60,98.70,23268.0,23338.0,9.0,,0.00,0.00,,0.0,0.00,0.00,0,BUY PE,BUY PE,BUY CE
EXIT,2026-06-05,14:10:12,23300,PE,BUY PE,38.1,23331.35,116.65,23283.0,23355.0,9.0,14:20:12,23309.35,130.20,TIMEOUT,10.0,0.09,11.62,881,BUY PE,BUY PE,NO TRADE
EXIT,2026-06-05,14:13:12,23250,PE,BUY PE,39.7,23314.60,98.70,23268.0,23338.0,9.0,14:23:12,23310.55,103.90,TIMEOUT,10.0,0.02,5.27,338,BUY PE,BUY PE,BUY CE
OPEN,2026-06-05,14:24:12,23250,PE,BUY PE,38.4,23317.95,105.25,23273.0,23340.0,9.0,,0.00,0.00,,0.0,0.00,0.00,0,BUY PE,BUY PE,BUY CE
OPEN,2026-06-05,14:26:12,23300,PE,BUY PE,36.5,23332.65,113.80,23289.0,23355.0,9.0,,0.00,0.00,,0.0,0.00,0.00,0,NO TRADE,BUY PE,NO TRADE
EXIT,2026-06-05,14:24:12,23250,PE,BUY PE,38.4,23317.95,105.25,23273.0,23340.0,9.0,14:29:12,23352.00,91.90,SL,5.0,-0.15,-12.68,-868,BUY PE,BUY PE,BUY CE
EXIT,2026-06-05,14:26:12,23300,PE,BUY PE,36.5,23332.65,113.80,23289.0,23355.0,9.0,14:30:12,23352.00,111.50,FLIP,4.0,-0.08,-2.02,-149,NO TRADE,BUY PE,NO TRADE
OPEN,2026-06-05,14:30:12,23400,CE,BUY CE,36.7,23354.80,136.45,23402.0,23331.0,18.0,,0.00,0.00,,0.0,0.00,0.00,0,BUY CE,BUY CE,NO TRADE
EXIT,2026-06-05,14:30:12,23400,CE,BUY CE,36.7,23354.80,136.45,23402.0,23331.0,18.0,14:31:12,23354.80,136.45,FLIP,1.0,0.00,0.00,0,BUY CE,BUY CE,NO TRADE
OPEN,2026-06-05,14:31:12,23300,PE,BUY PE,37.1,23363.80,99.00,23319.0,23386.0,9.0,,0.00,0.00,,0.0,0.00,0.00,0,BUY PE,BUY PE,BUY PE
EXIT,2026-06-05,14:31:12,23300,PE,BUY PE,37.1,23363.80,99.00,23319.0,23386.0,9.0,14:32:12,23363.80,99.00,FLIP,1.0,0.00,0.00,0,BUY PE,BUY PE,BUY PE
OPEN,2026-06-05,14:32:12,23400,CE,BUY CE,37.8,23357.30,146.45,23403.0,23334.0,18.0,,0.00,0.00,,0.0,0.00,0.00,0,BUY PE,BUY CE,BUY PE
EXIT,2026-06-05,14:32:12,23400,CE,BUY CE,37.8,23357.30,146.45,23403.0,23334.0,18.0,14:35:12,23355.50,147.90,FLIP,3.0,-0.01,0.99,94,BUY PE,BUY CE,BUY PE
OPEN,2026-06-05,14:35:12,23300,PE,BUY PE,38.4,23339.35,96.25,23292.0,23363.0,9.0,,0.00,0.00,,0.0,0.00,0.00,0,BUY CE,BUY PE,BUY CE
EXIT,2026-06-05,14:35:12,23300,PE,BUY PE,38.4,23339.35,96.25,23292.0,23363.0,9.0,14:36:12,23339.35,96.25,FLIP,1.0,0.00,0.00,0,BUY CE,BUY PE,BUY CE
OPEN,2026-06-05,14:36:12,23400,CE,BUY CE,37.9,23347.60,147.90,23393.0,23325.0,18.0,,0.00,0.00,,0.0,0.00,0.00,0,BUY CE,BUY CE,NO TRADE
EXIT,2026-06-05,14:36:12,23400,CE,BUY CE,37.9,23347.60,147.90,23393.0,23325.0,18.0,14:38:12,23339.95,139.45,FLIP,2.0,-0.03,-5.71,-549,BUY CE,BUY CE,NO TRADE
OPEN,2026-06-05,14:38:12,23300,PE,BUY PE,40.0,23325.80,106.35,23279.0,23349.0,9.0,,0.00,0.00,,0.0,0.00,0.00,0,BUY PE,BUY PE,BUY CE
EXIT,2026-06-05,14:38:12,23300,PE,BUY PE,40.0,23325.80,106.35,23279.0,23349.0,9.0,14:43:12,23357.40,108.70,SL,5.0,-0.14,2.21,153,BUY PE,BUY PE,BUY CE
OPEN,2026-06-05,14:44:12,23450,CE,BUY CE,41.3,23396.45,113.00,23449.0,23370.0,18.0,,0.00,0.00,,0.0,0.00,0.00,0,BUY CE,BUY CE,BUY CE
EXIT,2026-06-05,14:44:12,23450,CE,BUY CE,41.3,23396.45,113.00,23449.0,23370.0,18.0,14:49:12,23403.70,158.10,FLIP,5.0,0.03,39.91,2931,BUY CE,BUY CE,BUY CE
OPEN,2026-06-05,14:49:12,23350,PE,BUY PE,43.8,23381.75,86.55,23327.0,23409.0,9.0,,0.00,0.00,,0.0,0.00,0.00,0,BUY PE,BUY PE,BUY PE
OPEN,2026-06-05,14:57:12,23300,PE,BUY PE,42.8,23357.65,83.45,23303.0,23385.0,9.0,,0.00,0.00,,0.0,0.00,0.00,0,BUY PE,BUY PE,BUY CE
EXIT,2026-06-05,14:49:12,23350,PE,BUY PE,43.8,23381.75,86.55,23327.0,23409.0,9.0,14:59:12,23379.55,113.45,TIMEOUT,10.0,0.01,31.08,1749,BUY PE,BUY PE,BUY PE
EXIT,2026-06-05,14:57:12,23300,PE,BUY PE,42.8,23357.65,83.45,23303.0,23385.0,9.0,15:00:12,23379.55,93.00,FLIP,3.0,-0.09,11.44,621,BUY PE,BUY PE,BUY CE
OPEN,2026-06-05,15:00:12,23350,CE,BUY CE,45.4,23349.60,173.00,23407.0,23321.0,29.0,,0.00,0.00,,0.0,0.00,0.00,0,BUY CE,BUY PE,BUY PE
EXIT,2026-06-05,15:00:12,23350,CE,BUY CE,45.4,23349.60,173.00,23407.0,23321.0,29.0,15:01:12,23349.60,173.00,FLIP,1.0,0.00,0.00,0,BUY CE,BUY PE,BUY PE
OPEN,2026-06-05,15:01:12,23350,PE,BUY PE,45.1,23332.65,113.45,23275.0,23362.0,9.0,,0.00,0.00,,0.0,0.00,0.00,0,BUY PE,BUY PE,BUY CE
OPEN,2026-06-05,15:03:12,23300,PE,BUY PE,44.8,23351.80,91.85,23295.0,23380.0,9.0,,0.00,0.00,,0.0,0.00,0.00,0,BUY CE,BUY PE,BUY CE
EXIT,2026-06-05,15:01:12,23350,PE,BUY PE,45.1,23332.65,113.45,23275.0,23362.0,9.0,15:04:12,23351.80,113.50,FLIP,3.0,-0.08,0.04,3,BUY PE,BUY PE,BUY CE
EXIT,2026-06-05,15:03:12,23300,PE,BUY PE,44.8,23351.80,91.85,23295.0,23380.0,9.0,15:04:12,23351.80,91.85,FLIP,1.0,0.00,0.00,0,BUY CE,BUY PE,BUY CE
OPEN,2026-06-05,15:04:12,23400,CE,BUY CE,44.6,23349.85,145.00,23407.0,23321.0,18.0,,0.00,0.00,,0.0,0.00,0.00,0,BUY CE,BUY PE,BUY CE
OPEN,2026-06-05,15:06:12,23350,CE,BUY CE,45.1,23358.50,172.40,23414.0,23331.0,23.0,,0.00,0.00,,0.0,0.00,0.00,0,BUY CE,BUY PE,BUY PE
OPEN,2026-06-05,15:16:12,23450,CE,BUY CE,44.5,23384.40,122.25,23436.0,23358.0,13.0,,0.00,0.00,,0.0,0.00,0.00,0,BUY CE,BUY PE,BUY CE
EXIT,2026-06-05,15:04:12,23400,CE,BUY CE,44.6,23349.85,145.00,23407.0,23321.0,18.0,15:23:12,23371.75,149.40,TIMEOUT,19.0,0.09,3.03,286,BUY CE,BUY PE,BUY CE
OPEN,2026-06-05,15:25:12,23400,CE,BUY CE,49.3,23375.40,149.70,23426.0,23350.0,4.0,,0.00,0.00,,0.0,0.00,0.00,0,BUY CE,BUY CE,BUY CE
EXIT,2026-06-05,15:25:12,23400,CE,BUY CE,49.3,23375.40,149.70,23426.0,23350.0,4.0,15:29:12,23373.35,147.70,TIMEOUT,4.0,-0.01,-1.34,-130,BUY CE,BUY CE,BUY CE
EXIT,2026-06-05,15:06:12,23350,CE,BUY CE,45.1,23358.50,172.40,23414.0,23331.0,23.0,15:30:12,23370.50,169.95,EOD,24.0,0.05,-1.42,-159,BUY CE,BUY PE,BUY PE
EXIT,2026-06-05,15:16:12,23450,CE,BUY CE,44.5,23384.40,122.25,23436.0,23358.0,13.0,15:30:12,23370.50,120.00,EOD,14.0,-0.06,-1.84,-146,BUY CE,BUY PE,BUY CE
OPEN,2026-06-06,09:00:12,23300,PE,BUY PE,36.9,23366.70,84.70,23318.0,23391.0,9.0,,0.00,0.00,,0.0,0.00,0.00,0,BUY PE,BUY PE,BUY PE
EXIT,2026-06-06,09:00:12,23300,PE,BUY PE,36.9,23366.70,84.70,23318.0,23391.0,9.0,09:10:12,23366.70,84.70,TIMEOUT,10.0,0.00,0.00,0,BUY PE,BUY PE,BUY PE
OPEN,2026-06-06,09:11:12,23300,PE,BUY PE,36.9,23366.70,84.70,23318.0,23391.0,9.0,,0.00,0.00,,0.0,0.00,0.00,0,BUY PE,BUY PE,BUY PE
EXIT,2026-06-06,09:11:12,23300,PE,BUY PE,36.9,23366.70,84.70,23318.0,23391.0,9.0,09:20:12,23366.70,84.70,TIMEOUT,9.0,0.00,0.00,0,BUY PE,BUY PE,BUY PE
OPEN,2026-06-06,09:21:12,23300,PE,BUY PE,36.0,23366.70,84.70,23318.0,23391.0,9.0,,0.00,0.00,,0.0,0.00,0.00,0,NO TRADE,BUY PE,BUY PE
EXIT,2026-06-06,09:21:12,23300,PE,BUY PE,36.0,23366.70,84.70,23318.0,23391.0,9.0,09:30:12,23366.70,84.70,TIMEOUT,9.0,0.00,0.00,0,NO TRADE,BUY PE,BUY PE
OPEN,2026-06-06,09:31:12,23300,PE,BUY PE,35.1,23366.70,84.70,23318.0,23391.0,9.0,,0.00,0.00,,0.0,0.00,0.00,0,NO TRADE,BUY PE,NO TRADE
EXIT,2026-06-06,09:31:12,23300,PE,BUY PE,35.1,23366.70,84.70,23318.0,23391.0,9.0,09:41:12,23366.70,84.70,TIMEOUT,10.0,0.00,0.00,0,NO TRADE,BUY PE,NO TRADE
OPEN,2026-06-06,12:30:12,23300,PE,BUY PE,35.1,23366.70,84.70,23318.0,23391.0,9.0,,0.00,0.00,,0.0,0.00,0.00,0,NO TRADE,BUY PE,BUY PE
EXIT,2026-06-06,12:30:12,23300,PE,BUY PE,35.1,23366.70,84.70,23318.0,23391.0,9.0,12:39:12,23366.70,84.70,TIMEOUT,9.0,0.00,0.00,0,NO TRADE,BUY PE,BUY PE
OPEN,2026-06-06,12:40:12,23300,PE,BUY PE,35.1,23366.70,84.70,23318.0,23391.0,9.0,,0.00,0.00,,0.0,0.00,0.00,0,BUY PE,BUY PE,BUY PE
EXIT,2026-06-06,12:40:12,23300,PE,BUY PE,35.1,23366.70,84.70,23318.0,23391.0,9.0,12:50:12,23366.70,84.70,TIMEOUT,10.0,0.00,0.00,0,BUY PE,BUY PE,BUY PE
OPEN,2026-06-06,13:05:12,23300,PE,BUY PE,35.4,23366.70,84.70,23318.0,23391.0,9.0,,0.00,0.00,,0.0,0.00,0.00,0,NO TRADE,BUY PE,BUY PE
EXIT,2026-06-06,13:05:12,23300,PE,BUY PE,35.4,23366.70,84.70,23318.0,23391.0,9.0,13:14:12,23366.70,84.70,TIMEOUT,9.0,0.00,0.00,0,NO TRADE,BUY PE,BUY PE
OPEN,2026-06-06,13:15:12,23300,PE,BUY PE,35.7,23366.70,84.70,23318.0,23391.0,9.0,,0.00,0.00,,0.0,0.00,0.00,0,BUY PE,BUY PE,BUY PE
EXIT,2026-06-06,13:15:12,23300,PE,BUY PE,35.7,23366.70,84.70,23318.0,23391.0,9.0,13:25:12,23366.70,84.70,TIMEOUT,10.0,0.00,0.00,0,BUY PE,BUY PE,BUY PE
OPEN,2026-06-06,13:26:12,23300,PE,BUY PE,35.8,23366.70,84.70,23318.0,23391.0,9.0,,0.00,0.00,,0.0,0.00,0.00,0,BUY PE,BUY PE,BUY PE
EXIT,2026-06-06,13:26:12,23300,PE,BUY PE,35.8,23366.70,84.70,23318.0,23391.0,9.0,13:35:12,23366.70,84.70,TIMEOUT,9.0,0.00,0.00,0,BUY PE,BUY PE,BUY PE
OPEN,2026-06-06,13:36:12,23300,PE,BUY PE,35.9,23366.70,84.70,23318.0,23391.0,9.0,,0.00,0.00,,0.0,0.00,0.00,0,BUY PE,BUY CE,BUY PE
EXIT,2026-06-06,13:36:12,23300,PE,BUY PE,35.9,23366.70,84.70,23318.0,23391.0,9.0,13:40:12,23366.70,84.70,FLIP,4.0,0.00,0.00,0,BUY PE,BUY CE,BUY PE
OPEN,2026-06-06,13:40:12,23400,CE,BUY CE,35.6,23366.70,134.70,23416.0,23342.0,18.0,,0.00,0.00,,0.0,0.00,0.00,0,BUY PE,BUY CE,BUY PE
EXIT,2026-06-06,13:40:12,23400,CE,BUY CE,35.6,23366.70,134.70,23416.0,23342.0,18.0,13:45:12,23366.70,134.70,FLIP,5.0,0.00,0.00,0,BUY PE,BUY CE,BUY PE
OPEN,2026-06-06,13:45:12,23300,PE,BUY PE,35.7,23366.70,84.70,23318.0,23391.0,9.0,,0.00,0.00,,0.0,0.00,0.00,0,BUY PE,BUY CE,BUY PE
EXIT,2026-06-06,13:45:12,23300,PE,BUY PE,35.7,23366.70,84.70,23318.0,23391.0,9.0,13:54:12,23366.70,84.70,TIMEOUT,9.0,0.00,0.00,0,BUY PE,BUY CE,BUY PE
OPEN,2026-06-06,13:55:12,23300,PE,BUY PE,35.8,23366.70,84.70,23318.0,23391.0,9.0,,0.00,0.00,,0.0,0.00,0.00,0,BUY PE,BUY CE,BUY PE
EXIT,2026-06-06,13:55:12,23300,PE,BUY PE,35.8,23366.70,84.70,23318.0,23391.0,9.0,14:05:12,23366.70,84.70,TIMEOUT,10.0,0.00,0.00,0,BUY PE,BUY CE,BUY PE
OPEN,2026-06-06,14:06:12,23300,PE,BUY PE,35.9,23366.70,84.70,23318.0,23391.0,9.0,,0.00,0.00,,0.0,0.00,0.00,0,BUY PE,BUY CE,BUY PE
EXIT,2026-06-06,14:06:12,23300,PE,BUY PE,35.9,23366.70,84.70,23318.0,23391.0,9.0,14:15:12,23366.70,84.70,TIMEOUT,9.0,0.00,0.00,0,BUY PE,BUY CE,BUY PE
OPEN,2026-06-06,14:16:12,23300,PE,BUY PE,35.9,23366.70,84.70,23318.0,23391.0,9.0,,0.00,0.00,,0.0,0.00,0.00,0,BUY PE,BUY CE,BUY PE
EXIT,2026-06-06,14:16:12,23300,PE,BUY PE,35.9,23366.70,84.70,23318.0,23391.0,9.0,14:25:12,23366.70,84.70,TIMEOUT,9.0,0.00,0.00,0,BUY PE,BUY CE,BUY PE
OPEN,2026-06-06,14:26:12,23300,PE,BUY PE,35.9,23366.70,84.70,23318.0,23391.0,9.0,,0.00,0.00,,0.0,0.00,0.00,0,BUY PE,BUY CE,BUY PE
EXIT,2026-06-06,14:26:12,23300,PE,BUY PE,35.9,23366.70,84.70,23318.0,23391.0,9.0,14:30:12,23366.70,84.70,FLIP,4.0,0.00,0.00,0,BUY PE,BUY CE,BUY PE
OPEN,2026-06-06,14:30:12,23400,CE,BUY CE,36.3,23366.70,134.70,23416.0,23342.0,18.0,,0.00,0.00,,0.0,0.00,0.00,0,BUY PE,BUY CE,BUY PE
EXIT,2026-06-06,14:30:12,23400,CE,BUY CE,36.3,23366.70,134.70,23416.0,23342.0,18.0,14:49:12,23366.70,134.70,TIMEOUT,19.0,0.00,0.00,0,BUY PE,BUY CE,BUY PE
OPEN,2026-06-06,14:50:12,23400,CE,BUY CE,37.2,23366.70,134.70,23416.0,23342.0,18.0,,0.00,0.00,,0.0,0.00,0.00,0,BUY CE,BUY CE,BUY PE
OPEN,2026-06-06,15:00:12,23350,CE,BUY CE,50.8,23366.70,161.00,23416.0,23342.0,29.0,,0.00,0.00,,0.0,0.00,0.00,0,BUY CE,BUY CE,BUY PE
EXIT,2026-06-06,14:50:12,23400,CE,BUY CE,37.2,23366.70,134.70,23416.0,23342.0,18.0,15:08:12,23366.70,134.70,TIMEOUT,18.0,0.00,0.00,0,BUY CE,BUY CE,BUY PE
EXIT,2026-06-06,15:00:12,23350,CE,BUY CE,50.8,23366.70,161.00,23416.0,23342.0,29.0,15:29:12,23366.70,161.00,TIMEOUT,29.0,0.00,0.00,0,BUY CE,BUY CE,BUY PE
OPEN,2026-06-06,15:30:12,23350,CE,BUY CE,50.6,23366.70,161.00,23416.0,23342.0,25.0,,0.00,0.00,,0.0,0.00,0.00,0,BUY CE,BUY CE,BUY PE
EXIT,2026-06-06,15:30:12,23350,CE,BUY CE,50.6,23366.70,161.00,23416.0,23342.0,25.0,15:30:12,23366.70,161.00,EOD,0.0,0.00,0.00,0,BUY CE,BUY CE,BUY PE
OPEN,2026-06-07,09:00:12,23300,PE,BUY PE,36.9,23366.70,84.70,23318.0,23391.0,9.0,,0.00,0.00,,0.0,0.00,0.00,0,BUY PE,BUY PE,BUY PE
EXIT,2026-06-07,09:00:12,23300,PE,BUY PE,36.9,23366.70,84.70,23318.0,23391.0,9.0,09:10:12,23366.70,84.70,TIMEOUT,10.0,0.00,0.00,0,BUY PE,BUY PE,BUY PE
OPEN,2026-06-07,09:11:12,23300,PE,BUY PE,36.9,23366.70,84.70,23318.0,23391.0,9.0,,0.00,0.00,,0.0,0.00,0.00,0,BUY PE,BUY PE,BUY PE
EXIT,2026-06-07,09:11:12,23300,PE,BUY PE,36.9,23366.70,84.70,23318.0,23391.0,9.0,09:21:12,23366.70,84.70,TIMEOUT,10.0,0.00,0.00,0,BUY PE,BUY PE,BUY PE
OPEN,2026-06-07,09:22:12,23300,PE,BUY PE,36.0,23366.70,84.70,23318.0,23391.0,9.0,,0.00,0.00,,0.0,0.00,0.00,0,NO TRADE,BUY PE,NO TRADE
EXIT,2026-06-07,09:22:12,23300,PE,BUY PE,36.0,23366.70,84.70,23318.0,23391.0,9.0,09:32:12,23366.70,84.70,TIMEOUT,10.0,0.00,0.00,0,NO TRADE,BUY PE,NO TRADE
OPEN,2026-06-07,09:33:12,23300,PE,BUY PE,35.1,23366.70,84.70,23318.0,23391.0,9.0,,0.00,0.00,,0.0,0.00,0.00,0,NO TRADE,BUY PE,NO TRADE
EXIT,2026-06-07,09:33:12,23300,PE,BUY PE,35.1,23366.70,84.70,23318.0,23391.0,9.0,09:43:12,23366.70,84.70,TIMEOUT,10.0,0.00,0.00,0,NO TRADE,BUY PE,NO TRADE
OPEN,2026-06-07,12:30:12,23300,PE,BUY PE,35.1,23366.70,84.70,23318.0,23391.0,9.0,,0.00,0.00,,0.0,0.00,0.00,0,NO TRADE,BUY PE,BUY PE
EXIT,2026-06-07,12:30:12,23300,PE,BUY PE,35.1,23366.70,84.70,23318.0,23391.0,9.0,12:40:12,23366.70,84.70,TIMEOUT,10.0,0.00,0.00,0,NO TRADE,BUY PE,BUY PE
OPEN,2026-06-07,12:41:12,23300,PE,BUY PE,35.1,23366.70,84.70,23318.0,23391.0,9.0,,0.00,0.00,,0.0,0.00,0.00,0,NO TRADE,BUY PE,BUY PE
EXIT,2026-06-07,12:41:12,23300,PE,BUY PE,35.1,23366.70,84.70,23318.0,23391.0,9.0,12:50:12,23366.70,84.70,TIMEOUT,9.0,0.00,0.00,0,NO TRADE,BUY PE,BUY PE
OPEN,2026-06-07,13:05:12,23300,PE,BUY PE,35.4,23366.70,84.70,23318.0,23391.0,9.0,,0.00,0.00,,0.0,0.00,0.00,0,NO TRADE,BUY PE,BUY PE
EXIT,2026-06-07,13:05:12,23300,PE,BUY PE,35.4,23366.70,84.70,23318.0,23391.0,9.0,13:15:12,23366.70,84.70,TIMEOUT,10.0,0.00,0.00,0,NO TRADE,BUY PE,BUY PE
OPEN,2026-06-07,13:16:12,23300,PE,BUY PE,35.7,23366.70,84.70,23318.0,23391.0,9.0,,0.00,0.00,,0.0,0.00,0.00,0,BUY PE,BUY PE,BUY PE
EXIT,2026-06-07,13:16:12,23300,PE,BUY PE,35.7,23366.70,84.70,23318.0,23391.0,9.0,13:26:12,23366.70,84.70,TIMEOUT,10.0,0.00,0.00,0,BUY PE,BUY PE,BUY PE
OPEN,2026-06-07,13:27:12,23300,PE,BUY PE,35.8,23366.70,84.70,23318.0,23391.0,9.0,,0.00,0.00,,0.0,0.00,0.00,0,BUY PE,BUY PE,BUY PE
EXIT,2026-06-07,13:27:12,23300,PE,BUY PE,35.8,23366.70,84.70,23318.0,23391.0,9.0,13:37:12,23366.70,84.70,TIMEOUT,10.0,0.00,0.00,0,BUY PE,BUY PE,BUY PE
OPEN,2026-06-07,13:38:12,23300,PE,BUY PE,35.9,23366.70,84.70,23318.0,23391.0,9.0,,0.00,0.00,,0.0,0.00,0.00,0,BUY PE,BUY CE,BUY PE
EXIT,2026-06-07,13:38:12,23300,PE,BUY PE,35.9,23366.70,84.70,23318.0,23391.0,9.0,13:40:12,23366.70,84.70,FLIP,2.0,0.00,0.00,0,BUY PE,BUY CE,BUY PE
OPEN,2026-06-07,13:40:12,23400,CE,BUY CE,35.6,23366.70,134.70,23416.0,23342.0,18.0,,0.00,0.00,,0.0,0.00,0.00,0,BUY PE,BUY CE,BUY PE
EXIT,2026-06-07,13:40:12,23400,CE,BUY CE,35.6,23366.70,134.70,23416.0,23342.0,18.0,13:45:12,23366.70,134.70,FLIP,5.0,0.00,0.00,0,BUY PE,BUY CE,BUY PE
OPEN,2026-06-07,13:45:12,23300,PE,BUY PE,35.7,23366.70,84.70,23318.0,23391.0,9.0,,0.00,0.00,,0.0,0.00,0.00,0,BUY PE,BUY CE,BUY PE
EXIT,2026-06-07,13:45:12,23300,PE,BUY PE,35.7,23366.70,84.70,23318.0,23391.0,9.0,13:55:12,23366.70,84.70,TIMEOUT,10.0,0.00,0.00,0,BUY PE,BUY CE,BUY PE
OPEN,2026-06-07,13:56:12,23300,PE,BUY PE,35.8,23366.70,84.70,23318.0,23391.0,9.0,,0.00,0.00,,0.0,0.00,0.00,0,BUY PE,BUY CE,BUY PE
EXIT,2026-06-07,13:56:12,23300,PE,BUY PE,35.8,23366.70,84.70,23318.0,23391.0,9.0,14:05:12,23366.70,84.70,TIMEOUT,9.0,0.00,0.00,0,BUY PE,BUY CE,BUY PE
OPEN,2026-06-07,14:06:12,23300,PE,BUY PE,35.9,23366.70,84.70,23318.0,23391.0,9.0,,0.00,0.00,,0.0,0.00,0.00,0,BUY PE,BUY CE,BUY PE
EXIT,2026-06-07,14:06:12,23300,PE,BUY PE,35.9,23366.70,84.70,23318.0,23391.0,9.0,14:16:12,23366.70,84.70,TIMEOUT,10.0,0.00,0.00,0,BUY PE,BUY CE,BUY PE
OPEN,2026-06-07,14:17:12,23300,PE,BUY PE,35.9,23366.70,84.70,23318.0,23391.0,9.0,,0.00,0.00,,0.0,0.00,0.00,0,BUY PE,BUY CE,BUY PE
EXIT,2026-06-07,14:17:12,23300,PE,BUY PE,35.9,23366.70,84.70,23318.0,23391.0,9.0,14:26:12,23366.70,84.70,TIMEOUT,9.0,0.00,0.00,0,BUY PE,BUY CE,BUY PE
OPEN,2026-06-07,14:27:12,23300,PE,BUY PE,35.9,23366.70,84.70,23318.0,23391.0,9.0,,0.00,0.00,,0.0,0.00,0.00,0,BUY PE,BUY CE,BUY PE
EXIT,2026-06-07,14:27:12,23300,PE,BUY PE,35.9,23366.70,84.70,23318.0,23391.0,9.0,14:30:12,23366.70,84.70,FLIP,3.0,0.00,0.00,0,BUY PE,BUY CE,BUY PE
OPEN,2026-06-07,14:30:12,23400,CE,BUY CE,36.3,23366.70,134.70,23416.0,23342.0,18.0,,0.00,0.00,,0.0,0.00,0.00,0,BUY PE,BUY CE,BUY PE
EXIT,2026-06-07,14:30:12,23400,CE,BUY CE,36.3,23366.70,134.70,23416.0,23342.0,18.0,14:48:12,23366.70,134.70,TIMEOUT,18.0,0.00,0.00,0,BUY PE,BUY CE,BUY PE
OPEN,2026-06-07,14:49:12,23400,CE,BUY CE,37.2,23366.70,134.70,23416.0,23342.0,18.0,,0.00,0.00,,0.0,0.00,0.00,0,BUY CE,BUY CE,BUY PE
OPEN,2026-06-07,15:00:12,23350,CE,BUY CE,50.8,23366.70,161.00,23416.0,23342.0,29.0,,0.00,0.00,,0.0,0.00,0.00,0,BUY CE,BUY CE,BUY PE
EXIT,2026-06-07,14:49:12,23400,CE,BUY CE,37.2,23366.70,134.70,23416.0,23342.0,18.0,15:08:12,23366.70,134.70,TIMEOUT,19.0,0.00,0.00,0,BUY CE,BUY CE,BUY PE
EXIT,2026-06-07,15:00:12,23350,CE,BUY CE,50.8,23366.70,161.00,23416.0,23342.0,29.0,15:30:12,23366.70,161.00,EOD,30.0,0.00,0.00,0,BUY CE,BUY CE,BUY PE
OPEN,2026-06-08,09:00:12,23300,PE,BUY PE,37.1,23366.70,84.70,23318.0,23391.0,9.0,,0.00,0.00,,0.0,0.00,0.00,0,BUY PE,BUY PE,BUY PE
OPEN,2026-06-08,09:08:12,23050,PE,BUY PE,39.6,23080.70,0.00,22991.0,23126.0,9.0,,0.00,0.00,,0.0,0.00,0.00,0,BUY PE,BUY PE,BUY CE
EXIT,2026-06-08,09:00:12,23300,PE,BUY PE,37.1,23366.70,84.70,23318.0,23391.0,9.0,09:08:12,23080.70,84.70,TARGET,8.0,1.22,0.00,0,BUY PE,BUY PE,BUY PE
OPEN,2026-06-08,09:17:12,23100,PE,BUY PE,48.3,23116.95,109.90,23031.0,23160.0,9.0,,0.00,0.00,,0.0,0.00,0.00,0,BUY PE,BUY PE,NO TRADE
EXIT,2026-06-08,09:08:12,23050,PE,BUY PE,39.6,23080.70,0.00,22991.0,23126.0,9.0,09:17:12,23116.95,89.75,TIMEOUT,9.0,-0.16,0.00,0,BUY PE,BUY PE,BUY CE
OPEN,2026-06-08,09:22:12,23150,PE,BUY PE,47.2,23127.05,0.00,23044.0,23169.0,9.0,,0.00,0.00,,0.0,0.00,0.00,0,BUY PE,BUY PE,BUY PE
EXIT,2026-06-08,09:17:12,23100,PE,BUY PE,48.3,23116.95,109.90,23031.0,23160.0,9.0,09:27:12,23142.15,109.90,TIMEOUT,10.0,-0.11,0.00,0,BUY PE,BUY PE,NO TRADE
OPEN,2026-06-08,09:30:12,23100,PE,BUY PE,45.0,23152.90,94.45,23070.0,23194.0,9.0,,0.00,0.00,,0.0,0.00,0.00,0,BUY PE,BUY PE,NO TRADE
EXIT,2026-06-08,09:22:12,23150,PE,BUY PE,47.2,23127.05,0.00,23044.0,23169.0,9.0,09:31:12,23172.65,116.90,SL,9.0,-0.20,0.00,0,BUY PE,BUY PE,BUY PE
OPEN,2026-06-08,09:33:12,23150,PE,BUY PE,44.7,23179.75,106.45,23099.0,23220.0,9.0,,0.00,0.00,,0.0,0.00,0.00,0,BUY PE,BUY PE,NO TRADE
EXIT,2026-06-08,09:30:12,23100,PE,BUY PE,45.0,23152.90,94.45,23070.0,23194.0,9.0,09:39:12,23143.35,92.85,TIMEOUT,9.0,0.04,-1.69,-104,BUY PE,BUY PE,NO TRADE
OPEN,2026-06-08,09:40:12,23100,PE,BUY PE,41.5,23153.10,92.85,23070.0,23195.0,9.0,,0.00,0.00,,0.0,0.00,0.00,0,BUY PE,BUY PE,BUY CE
EXIT,2026-06-08,09:33:12,23150,PE,BUY PE,44.7,23179.75,106.45,23099.0,23220.0,9.0,09:43:12,23161.85,114.70,TIMEOUT,10.0,0.08,7.75,536,BUY PE,BUY PE,NO TRADE
EXIT,2026-06-08,09:40:12,23100,PE,BUY PE,41.5,23153.10,92.85,23070.0,23195.0,9.0,09:49:12,23144.75,85.65,TIMEOUT,9.0,0.04,-7.75,-468,BUY PE,BUY PE,BUY CE
OPEN,2026-06-08,09:50:12,23100,PE,BUY PE,39.8,23130.75,85.65,23050.0,23171.0,9.0,,0.00,0.00,,0.0,0.00,0.00,0,BUY PE,BUY PE,BUY PE
EXIT,2026-06-08,09:50:12,23100,PE,BUY PE,39.8,23130.75,85.65,23050.0,23171.0,9.0,09:55:12,23172.95,86.25,SL,5.0,-0.18,0.70,39,BUY PE,BUY PE,BUY PE
OPEN,2026-06-08,09:56:12,23150,PE,BUY PE,37.2,23188.15,107.25,23110.0,23227.0,9.0,,0.00,0.00,,0.0,0.00,0.00,0,BUY PE,BUY PE,BUY CE
EXIT,2026-06-08,09:56:12,23150,PE,BUY PE,37.2,23188.15,107.25,23110.0,23227.0,9.0,10:00:12,23200.70,107.25,FLIP,4.0,-0.05,0.00,0,BUY PE,BUY PE,BUY CE
OPEN,2026-06-08,10:00:12,23250,CE,BUY CE,35.1,23199.05,0.00,23278.0,23160.0,18.0,,0.00,0.00,,0.0,0.00,0.00,0,NO TRADE,BUY CE,BUY CE
EXIT,2026-06-08,10:00:12,23250,CE,BUY CE,35.1,23199.05,0.00,23278.0,23160.0,18.0,10:01:12,23199.05,0.00,FLIP,1.0,0.00,0.00,0,NO TRADE,BUY CE,BUY CE
OPEN,2026-06-08,10:01:12,23150,PE,BUY PE,37.4,23182.25,0.00,23106.0,23220.0,9.0,,0.00,0.00,,0.0,0.00,0.00,0,BUY PE,BUY CE,BUY CE
OPEN,2026-06-08,10:05:12,23100,PE,BUY PE,37.4,23165.15,77.80,23086.0,23205.0,9.0,,0.00,0.00,,0.0,0.00,0.00,0,BUY PE,BUY CE,BUY PE
EXIT,2026-06-08,10:01:12,23150,PE,BUY PE,37.4,23182.25,0.00,23106.0,23220.0,9.0,10:11:12,23188.00,95.90,TIMEOUT,10.0,-0.02,0.00,0,BUY PE,BUY CE,BUY CE
OPEN,2026-06-08,10:12:12,23150,PE,BUY PE,37.3,23190.40,95.90,23116.0,23227.0,9.0,,0.00,0.00,,0.0,0.00,0.00,0,BUY PE,BUY PE,BUY CE
EXIT,2026-06-08,10:05:12,23100,PE,BUY PE,37.4,23165.15,77.80,23086.0,23205.0,9.0,10:14:12,23191.55,76.65,TIMEOUT,9.0,-0.11,-1.48,-75,BUY PE,BUY CE,BUY PE
OPEN,2026-06-08,10:15:12,23100,PE,BUY PE,35.4,23169.60,76.65,23095.0,23207.0,9.0,,0.00,0.00,,0.0,0.00,0.00,0,BUY PE,BUY CE,BUY PE
EXIT,2026-06-08,10:12:12,23150,PE,BUY PE,37.3,23190.40,95.90,23116.0,23227.0,9.0,10:22:12,23181.80,97.40,TIMEOUT,10.0,0.04,1.56,98,BUY PE,BUY PE,BUY CE
EXIT,2026-06-08,10:15:12,23100,PE,BUY PE,35.4,23169.60,76.65,23095.0,23207.0,9.0,10:25:12,23180.90,78.05,TIMEOUT,10.0,-0.05,1.83,91,BUY PE,BUY CE,BUY PE
OPEN,2026-06-08,13:05:12,23300,CE,BUY CE,37.7,23226.55,98.60,23261.0,23210.0,18.0,,0.00,0.00,,0.0,0.00,0.00,0,NO TRADE,BUY CE,NO TRADE
OPEN,2026-06-08,13:07:12,23250,CE,BUY CE,38.2,23217.40,113.40,23250.0,23201.0,18.0,,0.00,0.00,,0.0,0.00,0.00,0,BUY CE,BUY CE,BUY CE
EXIT,2026-06-08,13:05:12,23300,CE,BUY CE,37.7,23226.55,98.60,23261.0,23210.0,18.0,13:24:12,23211.80,82.00,TIMEOUT,19.0,-0.06,-16.84,-1079,NO TRADE,BUY CE,NO TRADE
EXIT,2026-06-08,13:07:12,23250,CE,BUY CE,38.2,23217.40,113.40,23250.0,23201.0,18.0,13:25:12,23211.85,105.25,TIMEOUT,18.0,-0.02,-7.19,-530,BUY CE,BUY CE,BUY CE
OPEN,2026-06-08,13:31:12,23250,CE,BUY CE,36.4,23203.45,102.90,23233.0,23188.0,18.0,,0.00,0.00,,0.0,0.00,0.00,0,NO TRADE,BUY CE,NO TRADE
EXIT,2026-06-08,13:31:12,23250,CE,BUY CE,36.4,23203.45,102.90,23233.0,23188.0,18.0,13:41:12,23184.20,95.00,SL,10.0,-0.08,-7.68,-514,NO TRADE,BUY CE,NO TRADE
OPEN,2026-06-08,13:42:12,23250,CE,BUY CE,40.0,23182.15,95.00,23214.0,23166.0,18.0,,0.00,0.00,,0.0,0.00,0.00,0,BUY CE,BUY CE,BUY CE
OPEN,2026-06-08,13:45:12,23200,CE,BUY CE,41.7,23166.00,110.00,23200.0,23149.0,18.0,,0.00,0.00,,0.0,0.00,0.00,0,BUY CE,BUY CE,BUY CE
EXIT,2026-06-08,13:42:12,23250,CE,BUY CE,40.0,23182.15,95.00,23214.0,23166.0,18.0,13:45:12,23166.00,86.50,SL,3.0,-0.07,-8.95,-552,BUY CE,BUY CE,BUY CE
EXIT,2026-06-08,13:45:12,23200,CE,BUY CE,41.7,23166.00,110.00,23200.0,23149.0,18.0,13:48:12,23152.35,110.15,FLIP,3.0,-0.06,0.14,10,BUY CE,BUY CE,BUY CE
OPEN,2026-06-08,13:48:12,23100,PE,BUY PE,37.0,23160.40,67.25,23126.0,23177.0,9.0,,0.00,0.00,,0.0,0.00,0.00,0,BUY CE,BUY PE,BUY CE
OPEN,2026-06-08,13:49:12,23150,PE,BUY PE,37.4,23176.75,98.95,23143.0,23194.0,9.0,,0.00,0.00,,0.0,0.00,0.00,0,BUY CE,BUY PE,BUY CE
EXIT,2026-06-08,13:48:12,23100,PE,BUY PE,37.0,23160.40,67.25,23126.0,23177.0,9.0,13:58:12,23163.95,74.70,FLIP,10.0,-0.02,11.08,484,BUY CE,BUY PE,BUY CE
EXIT,2026-06-08,13:49:12,23150,PE,BUY PE,37.4,23176.75,98.95,23143.0,23194.0,9.0,13:58:12,23163.95,95.35,FLIP,9.0,0.06,-3.64,-234,BUY CE,BUY PE,BUY CE
OPEN,2026-06-08,13:58:12,23200,CE,BUY CE,36.4,23156.90,100.05,23190.0,23140.0,18.0,,0.00,0.00,,0.0,0.00,0.00,0,BUY CE,BUY PE,BUY CE
EXIT,2026-06-08,13:58:12,23200,CE,BUY CE,36.4,23156.90,100.05,23190.0,23140.0,18.0,13:59:12,23156.90,100.05,FLIP,1.0,0.00,0.00,0,BUY CE,BUY PE,BUY CE
OPEN,2026-06-08,13:59:12,23100,PE,BUY PE,36.0,23163.80,74.45,23130.0,23181.0,9.0,,0.00,0.00,,0.0,0.00,0.00,0,BUY CE,BUY PE,BUY CE
OPEN,2026-06-08,14:01:12,23150,PE,BUY PE,39.6,23183.20,92.20,23149.0,23200.0,9.0,,0.00,0.00,,0.0,0.00,0.00,0,BUY PE,BUY PE,NO TRADE
EXIT,2026-06-08,13:59:12,23100,PE,BUY PE,36.0,23163.80,74.45,23130.0,23181.0,9.0,14:01:12,23183.20,71.90,SL,2.0,-0.08,-3.43,-166,BUY CE,BUY PE,BUY CE
OPEN,2026-06-08,14:03:12,23100,PE,BUY PE,39.1,23174.10,71.90,23140.0,23191.0,9.0,,0.00,0.00,,0.0,0.00,0.00,0,BUY PE,BUY PE,NO TRADE
EXIT,2026-06-08,14:01:12,23150,PE,BUY PE,39.6,23183.20,92.20,23149.0,23200.0,9.0,14:10:12,23164.75,94.70,TIMEOUT,9.0,0.08,2.71,162,BUY PE,BUY PE,NO TRADE
EXIT,2026-06-08,14:03:12,23100,PE,BUY PE,39.1,23174.10,71.90,23140.0,23191.0,9.0,14:13:12,23160.55,76.05,TIMEOUT,10.0,0.06,5.77,270,BUY PE,BUY PE,NO TRADE
OPEN,2026-06-08,14:14:12,23100,PE,BUY PE,37.7,23157.90,77.10,23125.0,23174.0,9.0,,0.00,0.00,,0.0,0.00,0.00,0,BUY PE,BUY PE,BUY CE
EXIT,2026-06-08,14:14:12,23100,PE,BUY PE,37.7,23157.90,77.10,23125.0,23174.0,9.0,14:23:12,23155.10,74.30,TIMEOUT,9.0,0.01,-3.63,-182,BUY PE,BUY PE,BUY CE
OPEN,2026-06-08,14:24:12,23100,PE,BUY PE,39.2,23154.75,77.10,23121.0,23172.0,9.0,,0.00,0.00,,0.0,0.00,0.00,0,BUY PE,BUY PE,BUY PE
EXIT,2026-06-08,14:24:12,23100,PE,BUY PE,39.2,23154.75,77.10,23121.0,23172.0,9.0,14:33:12,23160.60,73.95,TIMEOUT,9.0,-0.03,-4.09,-205,BUY PE,BUY PE,BUY PE
OPEN,2026-06-08,14:34:12,23100,PE,BUY PE,37.0,23157.55,76.00,23125.0,23174.0,9.0,,0.00,0.00,,0.0,0.00,0.00,0,BUY PE,BUY PE,NO TRADE
EXIT,2026-06-08,14:34:12,23100,PE,BUY PE,37.0,23157.55,76.00,23125.0,23174.0,9.0,14:43:12,23153.95,75.00,TIMEOUT,9.0,0.02,-1.32,-65,BUY PE,BUY PE,NO TRADE
OPEN,2026-06-08,14:44:12,23100,PE,BUY PE,37.4,23169.50,75.00,23137.0,23186.0,9.0,,0.00,0.00,,0.0,0.00,0.00,0,BUY PE,BUY PE,NO TRADE
EXIT,2026-06-08,14:44:12,23100,PE,BUY PE,37.4,23169.50,75.00,23137.0,23186.0,9.0,14:47:12,23161.40,72.25,FLIP,3.0,0.03,-3.67,-179,BUY PE,BUY PE,NO TRADE
OPEN,2026-06-08,14:47:12,23250,CE,BUY CE,36.3,23180.05,70.85,23215.0,23163.0,18.0,,0.00,0.00,,0.0,0.00,0.00,0,BUY CE,BUY PE,NO TRADE
OPEN,2026-06-08,14:51:12,23200,CE,BUY CE,37.1,23173.35,100.00,23207.0,23156.0,18.0,,0.00,0.00,,0.0,0.00,0.00,0,BUY CE,BUY CE,BUY PE
EXIT,2026-06-08,14:47:12,23250,CE,BUY CE,36.3,23180.05,70.85,23215.0,23163.0,18.0,14:53:12,23179.25,70.50,FLIP,6.0,-0.00,-0.49,-23,BUY CE,BUY PE,NO TRADE
EXIT,2026-06-08,14:51:12,23200,CE,BUY CE,37.1,23173.35,100.00,23207.0,23156.0,18.0,14:53:12,23179.25,91.55,FLIP,2.0,0.03,-8.45,-549,BUY CE,BUY CE,BUY PE
OPEN,2026-06-08,14:53:12,23100,PE,BUY PE,37.4,23171.15,67.20,23136.0,23189.0,9.0,,0.00,0.00,,0.0,0.00,0.00,0,BUY PE,BUY PE,BUY PE
OPEN,2026-06-08,14:54:12,23150,PE,BUY PE,36.4,23175.35,87.85,23140.0,23193.0,9.0,,0.00,0.00,,0.0,0.00,0.00,0,BUY CE,BUY PE,BUY PE
EXIT,2026-06-08,14:53:12,23100,PE,BUY PE,37.4,23171.15,67.20,23136.0,23189.0,9.0,14:55:12,23175.35,67.20,FLIP,2.0,-0.02,0.00,0,BUY PE,BUY PE,BUY PE
EXIT,2026-06-08,14:54:12,23150,PE,BUY PE,36.4,23175.35,87.85,23140.0,23193.0,9.0,14:55:12,23175.35,87.85,FLIP,1.0,0.00,0.00,0,BUY CE,BUY PE,BUY PE
OPEN,2026-06-08,14:55:12,23250,CE,BUY CE,36.3,23176.80,68.00,23212.0,23159.0,18.0,,0.00,0.00,,0.0,0.00,0.00,0,NO TRADE,BUY CE,BUY PE
EXIT,2026-06-08,14:55:12,23250,CE,BUY CE,36.3,23176.80,68.00,23212.0,23159.0,18.0,14:56:12,23176.80,68.00,FLIP,1.0,0.00,0.00,0,NO TRADE,BUY CE,BUY PE
OPEN,2026-06-08,14:56:12,23100,PE,BUY PE,37.5,23165.65,68.55,23132.0,23183.0,9.0,,0.00,0.00,,0.0,0.00,0.00,0,BUY PE,BUY PE,BUY CE
EXIT,2026-06-08,14:56:12,23100,PE,BUY PE,37.5,23165.65,68.55,23132.0,23183.0,9.0,14:59:12,23164.55,68.35,FLIP,3.0,0.00,-0.29,-13,BUY PE,BUY PE,BUY CE
OPEN,2026-06-08,14:59:12,23250,CE,BUY CE,37.3,23194.80,68.25,23233.0,23176.0,18.0,,0.00,0.00,,0.0,0.00,0.00,0,BUY CE,BUY CE,BUY CE
OPEN,2026-06-08,15:00:12,23150,CE,BUY CE,47.0,23162.85,113.20,23202.0,23143.0,29.0,,0.00,0.00,,0.0,0.00,0.00,0,BUY CE,BUY CE,BUY PE
EXIT,2026-06-08,14:59:12,23250,CE,BUY CE,37.3,23194.80,68.25,23233.0,23176.0,18.0,15:00:12,23162.85,66.40,SL,1.0,-0.14,-2.71,-120,BUY CE,BUY CE,BUY CE
EXIT,2026-06-08,15:00:12,23150,CE,BUY CE,47.0,23162.85,113.20,23202.0,23143.0,29.0,15:02:12,23138.20,104.70,SL,2.0,-0.11,-7.51,-552,BUY CE,BUY CE,BUY PE
OPEN,2026-06-08,15:03:12,23150,CE,BUY CE,46.7,23131.35,104.70,23172.0,23111.0,26.0,,0.00,0.00,,0.0,0.00,0.00,0,BUY CE,BUY CE,BUY PE
OPEN,2026-06-08,15:04:12,23100,CE,BUY CE,46.6,23120.40,133.65,23163.0,23099.0,25.0,,0.00,0.00,,0.0,0.00,0.00,0,BUY CE,BUY CE,BUY PE
EXIT,2026-06-08,15:03:12,23150,CE,BUY CE,46.7,23131.35,104.70,23172.0,23111.0,26.0,15:06:12,23109.40,89.00,SL,3.0,-0.09,-15.00,-1021,BUY CE,BUY CE,BUY PE
OPEN,2026-06-08,15:07:12,23200,CE,BUY CE,44.5,23130.75,60.85,23176.0,23108.0,18.0,,0.00,0.00,,0.0,0.00,0.00,0,BUY CE,BUY PE,BUY PE
OPEN,2026-06-08,15:08:12,23150,CE,BUY CE,45.1,23128.00,81.50,23173.0,23106.0,21.0,,0.00,0.00,,0.0,0.00,0.00,0,BUY CE,BUY PE,BUY CE
EXIT,2026-06-08,15:07:12,23200,CE,BUY CE,44.5,23130.75,60.85,23176.0,23108.0,18.0,15:23:12,23106.85,65.95,SL,16.0,-0.10,8.38,332,BUY CE,BUY PE,BUY PE
EXIT,2026-06-08,15:04:12,23100,CE,BUY CE,46.6,23120.40,133.65,23163.0,23099.0,25.0,15:24:12,23098.05,114.70,SL,20.0,-0.10,-14.18,-1232,BUY CE,BUY CE,BUY PE
EXIT,2026-06-08,15:08:12,23150,CE,BUY CE,45.1,23128.00,81.50,23173.0,23106.0,21.0,15:24:12,23098.05,88.65,SL,16.0,-0.13,8.77,465,BUY CE,BUY PE,BUY CE
OPEN,2026-06-08,15:25:12,23100,CE,BUY CE,47.7,23100.15,106.95,23144.0,23078.0,4.0,,0.00,0.00,,0.0,0.00,0.00,0,BUY CE,BUY CE,BUY CE
EXIT,2026-06-08,15:25:12,23100,CE,BUY CE,47.7,23100.15,106.95,23144.0,23078.0,4.0,15:30:12,23101.70,102.15,EOD,5.0,0.01,-4.49,-312,BUY CE,BUY CE,BUY CE
OPEN,2026-06-09,09:00:12,23050,PE,BUY PE,42.6,23123.00,65.40,23078.0,23146.0,9.0,,0.00,0.00,,0.0,0.00,0.00,0,BUY PE,BUY PE,BUY PE
OPEN,2026-06-09,09:08:12,23200,PE,BUY PE,36.9,23259.05,140.85,23195.0,23291.0,9.0,,0.00,0.00,,0.0,0.00,0.00,0,BUY PE,BUY PE,BUY PE
EXIT,2026-06-09,09:00:12,23050,PE,BUY PE,42.6,23123.00,65.40,23078.0,23146.0,9.0,09:08:12,23259.05,65.40,SL,8.0,-0.59,0.00,0,BUY PE,BUY PE,BUY PE
OPEN,2026-06-09,09:16:12,23250,PE,BUY PE,47.4,23232.45,0.00,23172.0,23262.0,9.0,,0.00,0.00,,0.0,0.00,0.00,0,BUY PE,BUY PE,NO TRADE
EXIT,2026-06-09,09:08:12,23200,PE,BUY PE,36.9,23259.05,140.85,23195.0,23291.0,9.0,09:17:12,23227.00,140.85,TIMEOUT,9.0,0.14,0.00,0,BUY PE,BUY PE,BUY PE
EXIT,2026-06-09,09:16:12,23250,PE,BUY PE,47.4,23232.45,0.00,23172.0,23262.0,9.0,09:26:12,23236.50,64.70,TIMEOUT,10.0,-0.02,0.00,0,BUY PE,BUY PE,NO TRADE
OPEN,2026-06-09,09:27:12,23250,PE,BUY PE,46.7,23231.80,64.70,23176.0,23260.0,9.0,,0.00,0.00,,0.0,0.00,0.00,0,BUY PE,BUY PE,BUY PE
OPEN,2026-06-09,09:34:12,23200,PE,BUY PE,41.2,23237.55,37.65,23182.0,23266.0,9.0,,0.00,0.00,,0.0,0.00,0.00,0,BUY PE,BUY PE,NO TRADE
EXIT,2026-06-09,09:27:12,23250,PE,BUY PE,46.7,23231.80,64.70,23176.0,23260.0,9.0,09:37:12,23231.55,55.80,TIMEOUT,10.0,0.00,-13.76,-579,BUY PE,BUY PE,BUY PE
OPEN,2026-06-09,09:38:12,23150,PE,BUY PE,38.1,23215.45,23.70,23159.0,23243.0,9.0,,0.00,0.00,,0.0,0.00,0.00,0,BUY PE,BUY PE,NO TRADE
EXIT,2026-06-09,09:34:12,23200,PE,BUY PE,41.2,23237.55,37.65,23182.0,23266.0,9.0,09:43:12,23209.40,45.80,TIMEOUT,9.0,0.12,21.65,530,BUY PE,BUY PE,NO TRADE
EXIT,2026-06-09,09:38:12,23150,PE,BUY PE,38.1,23215.45,23.70,23159.0,23243.0,9.0,09:48:12,23216.70,28.35,TIMEOUT,10.0,-0.01,19.62,302,BUY PE,BUY PE,NO TRADE
OPEN,2026-06-09,09:49:12,23150,PE,BUY PE,36.3,23203.75,0.00,23149.0,23231.0,9.0,,0.00,0.00,,0.0,0.00,0.00,0,BUY PE,BUY CE,BUY CE
EXIT,2026-06-09,09:49:12,23150,PE,BUY PE,36.3,23203.75,0.00,23149.0,23231.0,9.0,09:59:12,23186.65,34.00,TIMEOUT,10.0,0.07,0.00,0,BUY PE,BUY CE,BUY CE
OPEN,2026-06-09,11:48:12,23150,PE,BUY PE,35.1,23194.65,36.80,23148.0,23218.0,9.0,,0.00,0.00,,0.0,0.00,0.00,0,BUY PE,NO TRADE,BUY CE
EXIT,2026-06-09,11:48:12,23150,PE,BUY PE,35.1,23194.65,36.80,23148.0,23218.0,9.0,11:57:12,23174.10,29.05,TIMEOUT,9.0,0.09,-21.06,-504,BUY PE,NO TRADE,BUY CE
OPEN,2026-06-09,12:51:12,23250,CE,BUY CE,35.2,23193.45,19.25,23230.0,23175.0,18.0,,0.00,0.00,,0.0,0.00,0.00,0,NO TRADE,BUY CE,NO TRADE
EXIT,2026-06-09,12:51:12,23250,CE,BUY CE,35.2,23193.45,19.25,23230.0,23175.0,18.0,13:10:12,23188.95,11.85,TIMEOUT,19.0,-0.02,-38.44,-481,NO TRADE,BUY CE,NO TRADE
OPEN,2026-06-09,13:18:12,23250,CE,BUY CE,35.3,23207.30,21.25,23245.0,23188.0,18.0,,0.00,0.00,,0.0,0.00,0.00,0,NO TRADE,BUY CE,NO TRADE
EXIT,2026-06-09,13:18:12,23250,CE,BUY CE,35.3,23207.30,21.25,23245.0,23188.0,18.0,13:37:12,23209.25,10.70,TIMEOUT,19.0,0.01,-49.65,-686,NO TRADE,BUY CE,NO TRADE
OPEN,2026-06-09,13:39:12,23250,CE,BUY CE,35.3,23206.60,13.35,23244.0,23188.0,18.0,,0.00,0.00,,0.0,0.00,0.00,0,BUY CE,BUY CE,BUY CE
EXIT,2026-06-09,13:39:12,23250,CE,BUY CE,35.3,23206.60,13.35,23244.0,23188.0,18.0,13:55:12,23197.45,9.45,FLIP,16.0,-0.04,-29.21,-254,BUY CE,BUY CE,BUY CE
OPEN,2026-06-09,13:55:12,23150,PE,BUY PE,35.3,23193.90,8.35,23157.0,23212.0,9.0,,0.00,0.00,,0.0,0.00,0.00,0,NO TRADE,BUY PE,BUY PE
EXIT,2026-06-09,13:55:12,23150,PE,BUY PE,35.3,23193.90,8.35,23157.0,23212.0,9.0,13:56:12,23193.90,8.35,FLIP,1.0,0.00,0.00,0,NO TRADE,BUY PE,BUY PE
OPEN,2026-06-09,13:56:12,23250,CE,BUY CE,35.4,23188.10,8.40,23224.0,23170.0,18.0,,0.00,0.00,,0.0,0.00,0.00,0,NO TRADE,BUY CE,BUY PE
EXIT,2026-06-09,13:56:12,23250,CE,BUY CE,35.4,23188.10,8.40,23224.0,23170.0,18.0,13:57:12,23188.10,8.40,FLIP,1.0,0.00,0.00,0,NO TRADE,BUY CE,BUY PE
OPEN,2026-06-09,13:57:12,23150,PE,BUY PE,37.1,23178.90,9.10,23142.0,23197.0,9.0,,0.00,0.00,,0.0,0.00,0.00,0,BUY CE,BUY PE,BUY PE
EXIT,2026-06-09,13:57:12,23150,PE,BUY PE,37.1,23178.90,9.10,23142.0,23197.0,9.0,14:06:12,23194.95,9.65,TIMEOUT,9.0,-0.07,6.04,36,BUY CE,BUY PE,BUY PE
OPEN,2026-06-09,14:07:12,23150,PE,BUY PE,35.2,23196.05,9.65,23161.0,23214.0,9.0,,0.00,0.00,,0.0,0.00,0.00,0,NO TRADE,BUY PE,NO TRADE
EXIT,2026-06-09,14:07:12,23150,PE,BUY PE,35.2,23196.05,9.65,23161.0,23214.0,9.0,14:13:12,23217.50,5.05,SL,6.0,-0.09,-47.67,-299,NO TRADE,BUY PE,NO TRADE
OPEN,2026-06-09,14:23:12,23150,PE,BUY PE,35.1,23192.15,3.55,23158.0,23209.0,9.0,,0.00,0.00,,0.0,0.00,0.00,0,NO TRADE,BUY PE,NO TRADE
EXIT,2026-06-09,14:23:12,23150,PE,BUY PE,35.1,23192.15,3.55,23158.0,23209.0,9.0,14:29:12,23213.25,2.95,SL,6.0,-0.09,-16.90,-39,NO TRADE,BUY PE,NO TRADE
OPEN,2026-06-09,14:30:12,23250,CE,BUY CE,35.5,23212.00,4.80,23248.0,23194.0,18.0,,0.00,0.00,,0.0,0.00,0.00,0,BUY CE,BUY CE,NO TRADE
OPEN,2026-06-09,14:39:12,23300,CE,BUY CE,35.7,23230.50,1.65,23266.0,23213.0,18.0,,0.00,0.00,,0.0,0.00,0.00,0,BUY CE,BUY CE,NO TRADE
EXIT,2026-06-09,14:30:12,23250,CE,BUY CE,35.5,23212.00,4.80,23248.0,23194.0,18.0,14:41:12,23257.25,6.85,TARGET,11.0,0.19,42.71,133,BUY CE,BUY CE,NO TRADE
EXIT,2026-06-09,14:39:12,23300,CE,BUY CE,35.7,23230.50,1.65,23266.0,23213.0,18.0,14:55:12,23266.75,2.80,TARGET,16.0,0.16,69.70,75,BUY CE,BUY CE,NO TRADE
OPEN,2026-06-09,14:56:12,23300,CE,BUY CE,43.4,23270.00,2.80,23306.0,23252.0,18.0,,0.00,0.00,,0.0,0.00,0.00,0,BUY CE,BUY CE,BUY PE
OPEN,2026-06-09,14:57:12,23350,CE,BUY CE,43.5,23277.30,0.55,23313.0,23259.0,18.0,,0.00,0.00,,0.0,0.00,0.00,0,BUY CE,BUY CE,BUY CE
OPEN,2026-06-09,15:00:12,23250,CE,BUY CE,53.5,23252.55,26.75,23293.0,23233.0,29.0,,0.00,0.00,,0.0,0.00,0.00,0,BUY CE,BUY CE,NO TRADE
EXIT,2026-06-09,14:57:12,23350,CE,BUY CE,43.5,23277.30,0.55,23313.0,23259.0,18.0,15:00:12,23252.55,0.55,SL,3.0,-0.11,0.00,0,BUY CE,BUY CE,BUY CE
EXIT,2026-06-09,14:56:12,23300,CE,BUY CE,43.4,23270.00,2.80,23306.0,23252.0,18.0,15:01:12,23239.35,3.25,SL,5.0,-0.13,16.07,29,BUY CE,BUY CE,BUY PE
EXIT,2026-06-09,15:00:12,23250,CE,BUY CE,53.5,23252.55,26.75,23293.0,23233.0,29.0,15:18:12,23229.05,0.25,SL,18.0,-0.10,-99.07,-1722,BUY CE,BUY CE,NO TRADE
OPEN,2026-06-09,15:19:12,23250,CE,BUY CE,48.8,23234.15,0.25,23275.0,23214.0,10.0,,0.00,0.00,,0.0,0.00,0.00,0,BUY CE,BUY CE,BUY PE
EXIT,2026-06-09,15:19:12,23250,CE,BUY CE,48.8,23234.15,0.25,23275.0,23214.0,10.0,15:30:12,23258.00,0.05,EOD,11.0,0.10,-80.00,-13,BUY CE,BUY CE,BUY PE
OPEN,2026-06-10,09:00:12,23200,PE,BUY PE,37.0,23242.10,0.05,23200.0,23263.0,9.0,,0.00,0.00,,0.0,0.00,0.00,0,BUY PE,BUY PE,BUY PE
EXIT,2026-06-10,09:00:12,23200,PE,BUY PE,37.0,23242.10,0.05,23200.0,23263.0,9.0,09:10:12,23233.95,127.40,TIMEOUT,10.0,0.04,254700.00,8278,BUY PE,BUY PE,BUY PE
OPEN,2026-06-10,09:11:12,23200,PE,BUY PE,35.9,23233.95,127.40,23191.0,23255.0,9.0,,0.00,0.00,,0.0,0.00,0.00,0,BUY PE,BUY PE,BUY PE
OPEN,2026-06-10,09:16:12,23300,PE,BUY PE,47.0,23297.80,168.15,23250.0,23322.0,9.0,,0.00,0.00,,0.0,0.00,0.00,0,BUY PE,BUY PE,NO TRADE
EXIT,2026-06-10,09:11:12,23200,PE,BUY PE,35.9,23233.95,127.40,23191.0,23255.0,9.0,09:16:12,23297.80,127.40,SL,5.0,-0.27,0.00,0,BUY PE,BUY PE,BUY PE
OPEN,2026-06-10,09:17:12,23350,PE,BUY PE,46.6,23334.95,207.95,23282.0,23361.0,9.0,,0.00,0.00,,0.0,0.00,0.00,0,BUY PE,BUY PE,NO TRADE
EXIT,2026-06-10,09:16:12,23300,PE,BUY PE,47.0,23297.80,168.15,23250.0,23322.0,9.0,09:17:12,23334.95,181.95,SL,1.0,-0.16,8.21,897,BUY PE,BUY PE,NO TRADE
OPEN,2026-06-10,09:21:12,23300,PE,BUY PE,47.4,23316.60,171.85,23263.0,23344.0,9.0,,0.00,0.00,,0.0,0.00,0.00,0,BUY PE,BUY PE,BUY PE
EXIT,2026-06-10,09:17:12,23350,PE,BUY PE,46.6,23334.95,207.95,23282.0,23361.0,9.0,09:27:12,23322.50,190.95,TIMEOUT,10.0,0.05,-8.18,-1105,BUY PE,BUY PE,NO TRADE
OPEN,2026-06-10,09:28:12,23350,PE,BUY PE,48.1,23333.65,190.95,23280.0,23361.0,9.0,,0.00,0.00,,0.0,0.00,0.00,0,BUY PE,BUY PE,BUY PE
EXIT,2026-06-10,09:21:12,23300,PE,BUY PE,47.4,23316.60,171.85,23263.0,23344.0,9.0,09:30:12,23343.70,167.90,TIMEOUT,9.0,-0.12,-2.30,-257,BUY PE,BUY PE,BUY PE
OPEN,2026-06-10,09:35:12,23300,PE,BUY PE,44.7,23346.95,164.65,23294.0,23373.0,9.0,,0.00,0.00,,0.0,0.00,0.00,0,BUY PE,BUY PE,NO TRADE
EXIT,2026-06-10,09:28:12,23350,PE,BUY PE,48.1,23333.65,190.95,23280.0,23361.0,9.0,09:37:12,23343.40,185.05,TIMEOUT,9.0,-0.04,-3.09,-383,BUY PE,BUY PE,BUY PE
EXIT,2026-06-10,09:35:12,23300,PE,BUY PE,44.7,23346.95,164.65,23294.0,23373.0,9.0,09:44:12,23355.25,161.40,TIMEOUT,9.0,-0.04,-1.97,-211,BUY PE,BUY PE,NO TRADE
OPEN,2026-06-10,09:45:12,23300,PE,BUY PE,40.8,23355.10,154.35,23304.0,23381.0,9.0,,0.00,0.00,,0.0,0.00,0.00,0,BUY PE,BUY PE,BUY PE
OPEN,2026-06-10,09:48:12,23350,PE,BUY PE,41.3,23375.60,178.05,23325.0,23401.0,9.0,,0.00,0.00,,0.0,0.00,0.00,0,BUY PE,BUY PE,BUY PE
EXIT,2026-06-10,09:45:12,23300,PE,BUY PE,40.8,23355.10,154.35,23304.0,23381.0,9.0,09:55:12,23373.70,150.50,TIMEOUT,10.0,-0.08,-2.49,-250,BUY PE,BUY PE,BUY PE
EXIT,2026-06-10,09:48:12,23350,PE,BUY PE,41.3,23375.60,178.05,23325.0,23401.0,9.0,09:58:12,23371.80,171.80,TIMEOUT,10.0,0.02,-3.51,-406,BUY PE,BUY PE,BUY PE
OPEN,2026-06-10,13:13:12,23450,CE,BUY CE,35.3,23406.85,165.75,23444.0,23388.0,18.0,,0.00,0.00,,0.0,0.00,0.00,0,NO TRADE,BUY CE,NO TRADE
EXIT,2026-06-10,13:13:12,23450,CE,BUY CE,35.3,23406.85,165.75,23444.0,23388.0,18.0,13:23:12,23386.45,155.10,SL,10.0,-0.09,-6.43,-692,NO TRADE,BUY CE,NO TRADE
OPEN,2026-06-10,13:25:12,23400,CE,BUY CE,35.8,23373.05,172.30,23410.0,23355.0,18.0,,0.00,0.00,,0.0,0.00,0.00,0,NO TRADE,BUY CE,BUY CE
EXIT,2026-06-10,13:25:12,23400,CE,BUY CE,35.8,23373.05,172.30,23410.0,23355.0,18.0,13:33:12,23400.95,183.40,FLIP,8.0,0.12,6.44,721,NO TRADE,BUY CE,BUY CE
OPEN,2026-06-10,13:33:12,23350,PE,BUY PE,35.4,23387.45,146.05,23348.0,23407.0,9.0,,0.00,0.00,,0.0,0.00,0.00,0,BUY PE,NO TRADE,BUY CE
EXIT,2026-06-10,13:33:12,23350,PE,BUY PE,35.4,23387.45,146.05,23348.0,23407.0,9.0,13:42:12,23379.75,162.35,TIMEOUT,9.0,0.03,11.16,1059,BUY PE,NO TRADE,BUY CE
OPEN,2026-06-10,13:43:12,23300,PE,BUY PE,36.4,23368.55,138.90,23330.0,23388.0,9.0,,0.00,0.00,,0.0,0.00,0.00,0,BUY PE,BUY PE,BUY PE
OPEN,2026-06-10,13:48:12,23350,PE,BUY PE,38.4,23375.75,167.85,23335.0,23396.0,9.0,,0.00,0.00,,0.0,0.00,0.00,0,BUY PE,BUY PE,BUY CE
EXIT,2026-06-10,13:43:12,23300,PE,BUY PE,36.4,23368.55,138.90,23330.0,23388.0,9.0,13:53:12,23350.40,149.80,TIMEOUT,10.0,0.08,7.85,709,BUY PE,BUY PE,BUY PE
OPEN,2026-06-10,13:54:12,23300,PE,BUY PE,36.5,23354.15,149.80,23314.0,23374.0,9.0,,0.00,0.00,,0.0,0.00,0.00,0,BUY PE,BUY PE,BUY CE
EXIT,2026-06-10,13:48:12,23350,PE,BUY PE,38.4,23375.75,167.85,23335.0,23396.0,9.0,13:57:12,23351.25,173.55,TIMEOUT,9.0,0.10,3.40,371,BUY PE,BUY PE,BUY CE
EXIT,2026-06-10,13:54:12,23300,PE,BUY PE,36.5,23354.15,149.80,23314.0,23374.0,9.0,14:01:12,23352.50,150.45,FLIP,7.0,0.01,0.43,42,BUY PE,BUY PE,BUY CE
OPEN,2026-06-10,14:01:12,23400,CE,BUY CE,36.1,23345.30,152.30,23382.0,23327.0,18.0,,0.00,0.00,,0.0,0.00,0.00,0,BUY CE,BUY PE,BUY CE
EXIT,2026-06-10,14:01:12,23400,CE,BUY CE,36.1,23345.30,152.30,23382.0,23327.0,18.0,14:02:12,23345.30,152.30,FLIP,1.0,0.00,0.00,0,BUY CE,BUY PE,BUY CE
OPEN,2026-06-10,14:02:12,23300,PE,BUY PE,35.6,23353.65,150.05,23317.0,23372.0,9.0,,0.00,0.00,,0.0,0.00,0.00,0,BUY CE,BUY PE,BUY CE
EXIT,2026-06-10,14:02:12,23300,PE,BUY PE,35.6,23353.65,150.05,23317.0,23372.0,9.0,14:12:12,23336.05,153.10,TIMEOUT,10.0,0.08,2.03,198,BUY CE,BUY PE,BUY CE
OPEN,2026-06-10,14:13:12,23350,CE,BUY CE,36.3,23317.65,173.75,23358.0,23298.0,18.0,,0.00,0.00,,0.0,0.00,0.00,0,BUY PE,BUY CE,BUY CE
EXIT,2026-06-10,14:13:12,23350,CE,BUY CE,36.3,23317.65,173.75,23358.0,23298.0,18.0,14:14:12,23317.65,173.75,FLIP,1.0,0.00,0.00,0,BUY PE,BUY CE,BUY CE
OPEN,2026-06-10,14:14:12,23250,PE,BUY PE,35.9,23323.55,144.05,23283.0,23344.0,9.0,,0.00,0.00,,0.0,0.00,0.00,0,BUY PE,BUY CE,BUY CE
EXIT,2026-06-10,14:14:12,23250,PE,BUY PE,35.9,23323.55,144.05,23283.0,23344.0,9.0,14:15:12,23323.55,144.05,FLIP,1.0,0.00,0.00,0,BUY PE,BUY CE,BUY CE
OPEN,2026-06-10,14:15:12,23350,CE,BUY CE,36.8,23309.05,158.20,23350.0,23289.0,18.0,,0.00,0.00,,0.0,0.00,0.00,0,BUY PE,BUY CE,BUY CE
EXIT,2026-06-10,14:15:12,23350,CE,BUY CE,36.8,23309.05,158.20,23350.0,23289.0,18.0,14:16:12,23309.05,158.20,FLIP,1.0,0.00,0.00,0,BUY PE,BUY CE,BUY CE
OPEN,2026-06-10,14:16:12,23250,PE,BUY PE,38.0,23323.75,144.05,23284.0,23344.0,9.0,,0.00,0.00,,0.0,0.00,0.00,0,BUY PE,BUY PE,BUY CE
OPEN,2026-06-10,14:18:12,23300,PE,BUY PE,39.3,23331.95,167.55,23291.0,23352.0,9.0,,0.00,0.00,,0.0,0.00,0.00,0,BUY PE,BUY PE,BUY CE
EXIT,2026-06-10,14:16:12,23250,PE,BUY PE,38.0,23323.75,144.05,23284.0,23344.0,9.0,14:26:12,23326.90,141.10,TIMEOUT,10.0,-0.01,-2.05,-192,BUY PE,BUY PE,BUY CE
EXIT,2026-06-10,14:18:12,23300,PE,BUY PE,39.3,23331.95,167.55,23291.0,23352.0,9.0,14:27:12,23328.00,163.35,TIMEOUT,9.0,0.02,-2.51,-273,BUY PE,BUY PE,BUY CE
OPEN,2026-06-10,14:28:12,23250,PE,BUY PE,37.3,23319.25,141.10,23279.0,23339.0,9.0,,0.00,0.00,,0.0,0.00,0.00,0,BUY CE,BUY PE,BUY CE
EXIT,2026-06-10,14:28:12,23250,PE,BUY PE,37.3,23319.25,141.10,23279.0,23339.0,9.0,14:32:12,23301.00,152.75,FLIP,4.0,0.08,8.26,757,BUY CE,BUY PE,BUY CE
OPEN,2026-06-10,14:32:12,23350,CE,BUY CE,37.7,23299.35,147.95,23339.0,23279.0,18.0,,0.00,0.00,,0.0,0.00,0.00,0,BUY PE,BUY CE,BUY CE
EXIT,2026-06-10,14:32:12,23350,CE,BUY CE,37.7,23299.35,147.95,23339.0,23279.0,18.0,14:33:12,23299.35,147.95,FLIP,1.0,0.00,0.00,0,BUY PE,BUY CE,BUY CE
OPEN,2026-06-10,14:33:12,23250,PE,BUY PE,38.0,23301.35,152.75,23259.0,23322.0,9.0,,0.00,0.00,,0.0,0.00,0.00,0,BUY PE,BUY PE,BUY CE
EXIT,2026-06-10,14:33:12,23250,PE,BUY PE,38.0,23301.35,152.75,23259.0,23322.0,9.0,14:42:12,23282.90,163.25,TIMEOUT,9.0,0.08,6.87,682,BUY PE,BUY PE,BUY CE
OPEN,2026-06-10,14:43:12,23200,PE,BUY PE,41.4,23265.80,140.95,23222.0,23288.0,9.0,,0.00,0.00,,0.0,0.00,0.00,0,BUY PE,BUY PE,BUY CE
EXIT,2026-06-10,14:43:12,23200,PE,BUY PE,41.4,23265.80,140.95,23222.0,23288.0,9.0,14:52:12,23252.90,155.80,TIMEOUT,9.0,0.06,10.54,965,BUY PE,BUY PE,BUY CE
OPEN,2026-06-10,14:53:12,23200,PE,BUY PE,41.8,23252.25,155.80,23208.0,23274.0,9.0,,0.00,0.00,,0.0,0.00,0.00,0,BUY PE,BUY PE,BUY CE
EXIT,2026-06-10,14:53:12,23200,PE,BUY PE,41.8,23252.25,155.80,23208.0,23274.0,9.0,15:00:12,23259.55,150.40,FLIP,7.0,-0.03,-3.47,-351,BUY PE,BUY PE,BUY CE
OPEN,2026-06-10,15:00:12,23250,CE,BUY CE,45.2,23246.40,176.40,23290.0,23224.0,29.0,,0.00,0.00,,0.0,0.00,0.00,0,BUY CE,BUY CE,BUY CE
OPEN,2026-06-10,15:01:12,23300,CE,BUY CE,44.2,23244.80,152.45,23287.0,23224.0,18.0,,0.00,0.00,,0.0,0.00,0.00,0,BUY CE,BUY PE,BUY CE
OPEN,2026-06-10,15:11:12,23200,CE,BUY CE,46.6,23222.85,192.60,23264.0,23202.0,18.0,,0.00,0.00,,0.0,0.00,0.00,0,BUY CE,BUY CE,BUY CE
EXIT,2026-06-10,15:00:12,23250,CE,BUY CE,45.2,23246.40,176.40,23290.0,23224.0,29.0,15:11:12,23222.85,166.65,SL,11.0,-0.10,-5.53,-634,BUY CE,BUY CE,BUY CE
EXIT,2026-06-10,15:01:12,23300,CE,BUY CE,44.2,23244.80,152.45,23287.0,23224.0,18.0,15:11:12,23222.85,143.00,SL,10.0,-0.09,-6.20,-614,BUY CE,BUY PE,BUY CE
OPEN,2026-06-10,15:12:12,23250,CE,BUY CE,45.9,23227.20,161.65,23268.0,23207.0,17.0,,0.00,0.00,,0.0,0.00,0.00,0,BUY CE,BUY CE,BUY CE
EXIT,2026-06-10,15:12:12,23250,CE,BUY CE,45.9,23227.20,161.65,23268.0,23207.0,17.0,15:14:12,23205.40,161.65,SL,2.0,-0.09,0.00,0,BUY CE,BUY CE,BUY CE
EXIT,2026-06-10,15:11:12,23200,CE,BUY CE,46.6,23222.85,192.60,23264.0,23202.0,18.0,15:15:12,23196.15,187.20,SL,4.0,-0.11,-2.80,-351,BUY CE,BUY CE,BUY CE
OPEN,2026-06-10,15:16:12,23200,CE,BUY CE,46.3,23203.35,0.00,23245.0,23182.0,13.0,,0.00,0.00,,0.0,0.00,0.00,0,BUY CE,BUY CE,BUY CE
OPEN,2026-06-10,15:20:12,23250,CE,BUY CE,44.6,23212.70,154.30,23258.0,23190.0,9.0,,0.00,0.00,,0.0,0.00,0.00,0,BUY CE,BUY PE,BUY CE
EXIT,2026-06-10,15:16:12,23200,CE,BUY CE,46.3,23203.35,0.00,23245.0,23182.0,13.0,15:25:12,23192.70,184.05,FLIP,9.0,-0.05,0.00,0,BUY CE,BUY CE,BUY CE
EXIT,2026-06-10,15:20:12,23250,CE,BUY CE,44.6,23212.70,154.30,23258.0,23190.0,9.0,15:25:12,23192.70,158.50,FLIP,5.0,-0.09,2.72,273,BUY CE,BUY PE,BUY CE
OPEN,2026-06-10,15:25:12,23150,PE,BUY PE,43.5,23207.35,138.55,23162.0,23230.0,4.0,,0.00,0.00,,0.0,0.00,0.00,0,BUY CE,BUY PE,BUY CE
OPEN,2026-06-10,15:28:12,23200,PE,BUY PE,45.3,23215.35,155.70,23171.0,23237.0,1.0,,0.00,0.00,,0.0,0.00,0.00,0,BUY CE,BUY PE,BUY PE
EXIT,2026-06-10,15:25:12,23150,PE,BUY PE,43.5,23207.35,138.55,23162.0,23230.0,4.0,15:30:12,23216.45,136.25,EOD,5.0,-0.04,-1.66,-150,BUY CE,BUY PE,BUY CE
EXIT,2026-06-10,15:28:12,23200,PE,BUY PE,45.3,23215.35,155.70,23171.0,23237.0,1.0,15:30:12,23216.45,158.95,EOD,2.0,-0.00,2.09,211,BUY CE,BUY PE,BUY PE
OPEN,2026-06-11,09:00:12,23150,PE,BUY PE,41.1,23214.95,140.60,23171.0,23237.0,9.0,,0.00,0.00,,0.0,0.00,0.00,0,BUY PE,BUY PE,BUY PE
EXIT,2026-06-11,09:00:12,23150,PE,BUY PE,41.1,23214.95,140.60,23171.0,23237.0,9.0,09:08:12,23214.95,140.60,FLIP,8.0,0.00,0.00,0,BUY PE,BUY PE,BUY PE
OPEN,2026-06-11,09:08:12,23150,CE,BUY CE,41.2,23104.40,208.65,23164.0,23074.0,18.0,,0.00,0.00,,0.0,0.00,0.00,0,BUY PE,BUY CE,BUY CE
EXIT,2026-06-11,09:08:12,23150,CE,BUY CE,41.2,23104.40,208.65,23164.0,23074.0,18.0,09:16:12,23104.40,208.65,FLIP,8.0,0.00,0.00,0,BUY PE,BUY CE,BUY CE
OPEN,2026-06-11,09:16:12,23100,PE,BUY PE,46.9,23092.60,0.00,23033.0,23123.0,9.0,,0.00,0.00,,0.0,0.00,0.00,0,BUY PE,BUY PE,NO TRADE
OPEN,2026-06-11,09:21:12,23150,PE,BUY PE,48.1,23132.85,184.85,23074.0,23162.0,9.0,,0.00,0.00,,0.0,0.00,0.00,0,BUY PE,BUY PE,BUY PE
EXIT,2026-06-11,09:16:12,23100,PE,BUY PE,46.9,23092.60,0.00,23033.0,23123.0,9.0,09:21:12,23132.85,160.00,SL,5.0,-0.17,0.00,0,BUY PE,BUY PE,NO TRADE
OPEN,2026-06-11,09:25:12,23100,PE,BUY PE,46.0,23113.45,144.60,23052.0,23144.0,9.0,,0.00,0.00,,0.0,0.00,0.00,0,BUY PE,BUY PE,BUY PE
EXIT,2026-06-11,09:21:12,23150,PE,BUY PE,48.1,23132.85,184.85,23074.0,23162.0,9.0,09:30:12,23122.10,181.30,TIMEOUT,9.0,0.05,-1.92,-231,BUY PE,BUY PE,BUY PE
OPEN,2026-06-11,09:34:12,23050,PE,BUY PE,43.0,23100.90,137.60,23041.0,23131.0,9.0,,0.00,0.00,,0.0,0.00,0.00,0,BUY PE,BUY PE,BUY CE
EXIT,2026-06-11,09:25:12,23100,PE,BUY PE,46.0,23113.45,144.60,23052.0,23144.0,9.0,09:35:12,23107.60,159.50,TIMEOUT,10.0,0.03,10.30,969,BUY PE,BUY PE,BUY PE
OPEN,2026-06-11,09:39:12,23100,PE,BUY PE,43.4,23136.40,156.25,23074.0,23167.0,9.0,,0.00,0.00,,0.0,0.00,0.00,0,BUY PE,BUY PE,NO TRADE
EXIT,2026-06-11,09:34:12,23050,PE,BUY PE,43.0,23100.90,137.60,23041.0,23131.0,9.0,09:39:12,23136.40,133.80,SL,5.0,-0.15,-2.76,-247,BUY PE,BUY PE,BUY CE
OPEN,2026-06-11,09:41:12,23050,PE,BUY PE,41.6,23120.75,122.75,23061.0,23151.0,9.0,,0.00,0.00,,0.0,0.00,0.00,0,BUY PE,BUY PE,BUY CE
EXIT,2026-06-11,09:41:12,23050,PE,BUY PE,41.6,23120.75,122.75,23061.0,23151.0,9.0,09:47:12,23151.25,117.70,SL,6.0,-0.13,-4.11,-328,BUY PE,BUY PE,BUY CE
EXIT,2026-06-11,09:39:12,23100,PE,BUY PE,43.4,23136.40,156.25,23074.0,23167.0,9.0,09:48:12,23141.60,135.70,TIMEOUT,9.0,-0.02,-13.15,-1336,BUY PE,BUY PE,NO TRADE
OPEN,2026-06-11,09:49:12,23100,PE,BUY PE,41.9,23144.35,135.70,23084.0,23174.0,9.0,,0.00,0.00,,0.0,0.00,0.00,0,BUY PE,BUY PE,NO TRADE
OPEN,2026-06-11,09:58:12,23050,PE,BUY PE,38.8,23124.30,116.20,23065.0,23154.0,9.0,,0.00,0.00,,0.0,0.00,0.00,0,BUY PE,BUY PE,BUY PE
EXIT,2026-06-11,09:49:12,23100,PE,BUY PE,41.9,23144.35,135.70,23084.0,23174.0,9.0,09:59:12,23114.75,141.00,TIMEOUT,10.0,0.13,3.91,345,BUY PE,BUY PE,NO TRADE
OPEN,2026-06-11,10:01:12,23100,PE,BUY PE,40.6,23132.95,148.70,23074.0,23162.0,9.0,,0.00,0.00,,0.0,0.00,0.00,0,BUY PE,BUY PE,BUY PE
EXIT,2026-06-11,09:58:12,23050,PE,BUY PE,38.8,23124.30,116.20,23065.0,23154.0,9.0,10:07:12,23133.15,127.50,TIMEOUT,9.0,-0.04,9.72,734,BUY PE,BUY PE,BUY PE
EXIT,2026-06-11,10:01:12,23100,PE,BUY PE,40.6,23132.95,148.70,23074.0,23162.0,9.0,10:10:12,23154.35,133.85,TIMEOUT,9.0,-0.09,-9.99,-965,BUY PE,BUY PE,BUY PE
OPEN,2026-06-11,10:11:12,23100,PE,BUY PE,40.9,23158.25,128.45,23098.0,23188.0,9.0,,0.00,0.00,,0.0,0.00,0.00,0,BUY PE,BUY PE,BUY CE
OPEN,2026-06-11,10:20:12,23150,PE,BUY PE,36.9,23184.10,146.80,23122.0,23215.0,9.0,,0.00,0.00,,0.0,0.00,0.00,0,BUY PE,NO TRADE,NO TRADE
EXIT,2026-06-11,10:11:12,23100,PE,BUY PE,40.9,23158.25,128.45,23098.0,23188.0,9.0,10:20:12,23184.10,124.50,TIMEOUT,9.0,-0.11,-3.08,-257,BUY PE,BUY PE,BUY CE
EXIT,2026-06-11,10:20:12,23150,PE,BUY PE,36.9,23184.10,146.80,23122.0,23215.0,9.0,10:30:12,23202.30,136.95,TIMEOUT,10.0,-0.08,-6.71,-640,BUY PE,NO TRADE,NO TRADE
OPEN,2026-06-11,12:39:12,23350,CE,BUY CE,35.9,23293.30,138.55,23335.0,23272.0,18.0,,0.00,0.00,,0.0,0.00,0.00,0,NO TRADE,BUY CE,NO TRADE
EXIT,2026-06-11,12:39:12,23350,CE,BUY CE,35.9,23293.30,138.55,23335.0,23272.0,18.0,12:58:12,23297.30,130.35,TIMEOUT,19.0,0.02,-5.92,-533,NO TRADE,BUY CE,NO TRADE
OPEN,2026-06-11,13:05:12,23250,PE,BUY PE,35.2,23301.55,126.00,23259.0,23323.0,9.0,,0.00,0.00,,0.0,0.00,0.00,0,BUY PE,NO TRADE,NO TRADE
EXIT,2026-06-11,13:05:12,23250,PE,BUY PE,35.2,23301.55,126.00,23259.0,23323.0,9.0,13:09:12,23294.80,131.30,FLIP,4.0,0.03,4.21,345,BUY PE,NO TRADE,NO TRADE
OPEN,2026-06-11,13:09:12,23350,CE,BUY CE,35.1,23288.90,139.85,23331.0,23268.0,18.0,,0.00,0.00,,0.0,0.00,0.00,0,NO TRADE,BUY CE,NO TRADE
OPEN,2026-06-11,13:12:12,23300,CE,BUY CE,36.5,23271.05,159.40,23313.0,23250.0,18.0,,0.00,0.00,,0.0,0.00,0.00,0,BUY PE,BUY CE,BUY CE
EXIT,2026-06-11,13:09:12,23350,CE,BUY CE,35.1,23288.90,139.85,23331.0,23268.0,18.0,13:13:12,23271.05,133.70,FLIP,4.0,-0.08,-4.40,-400,NO TRADE,BUY CE,NO TRADE
EXIT,2026-06-11,13:12:12,23300,CE,BUY CE,36.5,23271.05,159.40,23313.0,23250.0,18.0,13:13:12,23271.05,159.40,FLIP,1.0,0.00,0.00,0,BUY PE,BUY CE,BUY CE
OPEN,2026-06-11,13:13:12,23200,PE,BUY PE,37.6,23262.90,122.20,23220.0,23284.0,9.0,,0.00,0.00,,0.0,0.00,0.00,0,BUY PE,BUY PE,BUY CE
EXIT,2026-06-11,13:13:12,23200,PE,BUY PE,37.6,23262.90,122.20,23220.0,23284.0,9.0,13:21:12,23252.50,126.65,FLIP,8.0,0.04,3.64,289,BUY PE,BUY PE,BUY CE
OPEN,2026-06-11,13:21:12,23300,CE,BUY CE,36.7,23243.20,138.00,23285.0,23222.0,18.0,,0.00,0.00,,0.0,0.00,0.00,0,BUY CE,BUY CE,BUY CE
EXIT,2026-06-11,13:21:12,23300,CE,BUY CE,36.7,23243.20,138.00,23285.0,23222.0,18.0,13:23:12,23232.00,138.00,FLIP,2.0,-0.05,0.00,0,BUY CE,BUY CE,BUY CE
OPEN,2026-06-11,13:23:12,23200,PE,BUY PE,38.0,23235.75,127.25,23191.0,23258.0,9.0,,0.00,0.00,,0.0,0.00,0.00,0,BUY CE,BUY PE,BUY CE
OPEN,2026-06-11,13:27:12,23150,PE,BUY PE,38.6,23223.45,115.25,23180.0,23245.0,9.0,,0.00,0.00,,0.0,0.00,0.00,0,BUY CE,BUY PE,BUY CE
EXIT,2026-06-11,13:27:12,23150,PE,BUY PE,38.6,23223.45,115.25,23180.0,23245.0,9.0,13:31:12,23253.85,111.00,SL,4.0,-0.13,-3.69,-276,BUY CE,BUY PE,BUY CE
EXIT,2026-06-11,13:23:12,23200,PE,BUY PE,38.0,23235.75,127.25,23191.0,23258.0,9.0,13:32:12,23257.50,131.00,TIMEOUT,9.0,-0.09,2.95,244,BUY CE,BUY PE,BUY CE
OPEN,2026-06-11,13:33:12,23200,PE,BUY PE,40.2,23262.10,121.30,23219.0,23284.0,9.0,,0.00,0.00,,0.0,0.00,0.00,0,BUY PE,BUY PE,BUY CE
EXIT,2026-06-11,13:33:12,23200,PE,BUY PE,40.2,23262.10,121.30,23219.0,23284.0,9.0,13:42:12,23229.15,134.25,TIMEOUT,9.0,0.14,10.68,842,BUY PE,BUY PE,BUY CE
OPEN,2026-06-11,13:43:12,23200,PE,BUY PE,39.9,23227.25,134.25,23184.0,23249.0,9.0,,0.00,0.00,,0.0,0.00,0.00,0,BUY PE,BUY PE,BUY PE
OPEN,2026-06-11,13:44:12,23150,PE,BUY PE,40.8,23217.40,112.10,23172.0,23240.0,9.0,,0.00,0.00,,0.0,0.00,0.00,0,BUY PE,BUY PE,BUY CE
EXIT,2026-06-11,13:43:12,23200,PE,BUY PE,39.9,23227.25,134.25,23184.0,23249.0,9.0,13:53:12,23230.95,132.90,TIMEOUT,10.0,-0.02,-1.01,-88,BUY PE,BUY PE,BUY PE
EXIT,2026-06-11,13:44:12,23150,PE,BUY PE,40.8,23217.40,112.10,23172.0,23240.0,9.0,13:53:12,23230.95,112.10,TIMEOUT,9.0,-0.06,0.00,0,BUY PE,BUY PE,BUY CE
OPEN,2026-06-11,13:54:12,23200,PE,BUY PE,41.3,23232.70,134.30,23189.0,23255.0,9.0,,0.00,0.00,,0.0,0.00,0.00,0,BUY PE,BUY PE,BUY PE
EXIT,2026-06-11,13:54:12,23200,PE,BUY PE,41.3,23232.70,134.30,23189.0,23255.0,9.0,14:03:12,23233.85,126.85,TIMEOUT,9.0,-0.00,-5.55,-484,BUY PE,BUY PE,BUY PE
OPEN,2026-06-11,14:04:12,23200,PE,BUY PE,37.5,23233.95,127.35,23192.0,23255.0,9.0,,0.00,0.00,,0.0,0.00,0.00,0,BUY PE,BUY PE,BUY CE
OPEN,2026-06-11,14:08:12,23150,PE,BUY PE,37.8,23217.30,107.75,23176.0,23238.0,9.0,,0.00,0.00,,0.0,0.00,0.00,0,BUY PE,BUY PE,BUY PE
EXIT,2026-06-11,14:04:12,23200,PE,BUY PE,37.5,23233.95,127.35,23192.0,23255.0,9.0,14:14:12,23225.00,139.50,TIMEOUT,10.0,0.04,9.54,790,BUY PE,BUY PE,BUY CE
EXIT,2026-06-11,14:08:12,23150,PE,BUY PE,37.8,23217.30,107.75,23176.0,23238.0,9.0,14:17:12,23215.10,113.55,TIMEOUT,9.0,0.01,5.38,377,BUY PE,BUY PE,BUY PE
OPEN,2026-06-11,14:18:12,23150,PE,BUY PE,38.3,23211.30,113.55,23170.0,23232.0,9.0,,0.00,0.00,,0.0,0.00,0.00,0,BUY PE,BUY PE,BUY CE
EXIT,2026-06-11,14:18:12,23150,PE,BUY PE,38.3,23211.30,113.55,23170.0,23232.0,9.0,14:27:12,23224.25,114.20,TIMEOUT,9.0,-0.06,0.57,42,BUY PE,BUY PE,BUY CE
OPEN,2026-06-11,14:28:12,23200,PE,BUY PE,35.8,23238.50,134.45,23195.0,23261.0,9.0,,0.00,0.00,,0.0,0.00,0.00,0,BUY PE,BUY PE,BUY CE
OPEN,2026-06-11,14:37:12,23150,PE,BUY PE,41.8,23199.40,107.00,23152.0,23223.0,9.0,,0.00,0.00,,0.0,0.00,0.00,0,BUY PE,BUY PE,BUY PE
EXIT,2026-06-11,14:28:12,23200,PE,BUY PE,35.8,23238.50,134.45,23195.0,23261.0,9.0,14:38:12,23225.20,127.05,TIMEOUT,10.0,0.06,-5.50,-481,BUY PE,BUY PE,BUY CE
EXIT,2026-06-11,14:37:12,23150,PE,BUY PE,41.8,23199.40,107.00,23152.0,23223.0,9.0,14:38:12,23225.20,107.00,SL,1.0,-0.11,0.00,0,BUY PE,BUY PE,BUY PE
OPEN,2026-06-11,14:39:12,23150,PE,BUY PE,42.4,23210.90,107.00,23163.0,23235.0,9.0,,0.00,0.00,,0.0,0.00,0.00,0,BUY PE,BUY PE,BUY PE
OPEN,2026-06-11,14:48:12,23100,PE,BUY PE,44.4,23174.70,107.50,23124.0,23200.0,9.0,,0.00,0.00,,0.0,0.00,0.00,0,BUY PE,BUY PE,BUY PE
EXIT,2026-06-11,14:39:12,23150,PE,BUY PE,42.4,23210.90,107.00,23163.0,23235.0,9.0,14:48:12,23174.70,128.10,TIMEOUT,9.0,0.16,19.72,1371,BUY PE,BUY PE,BUY PE
OPEN,2026-06-11,14:49:12,23200,PE,BUY PE,45.2,23180.85,151.00,23131.0,23206.0,9.0,,0.00,0.00,,0.0,0.00,0.00,0,BUY PE,BUY PE,BUY PE
OPEN,2026-06-11,14:50:12,23150,PE,BUY PE,44.9,23183.05,134.95,23132.0,23209.0,9.0,,0.00,0.00,,0.0,0.00,0.00,0,BUY PE,BUY PE,BUY PE
EXIT,2026-06-11,14:48:12,23100,PE,BUY PE,44.4,23174.70,107.50,23124.0,23200.0,9.0,14:58:12,23167.40,115.45,TIMEOUT,10.0,0.03,7.40,517,BUY PE,BUY PE,BUY PE
OPEN,2026-06-11,14:59:12,23100,PE,BUY PE,40.5,23169.20,115.45,23121.0,23193.0,9.0,,0.00,0.00,,0.0,0.00,0.00,0,BUY PE,BUY PE,BUY PE
EXIT,2026-06-11,14:49:12,23200,PE,BUY PE,45.2,23180.85,151.00,23131.0,23206.0,9.0,14:59:12,23169.20,161.10,TIMEOUT,10.0,0.05,6.69,656,BUY PE,BUY PE,BUY PE
EXIT,2026-06-11,14:59:12,23100,PE,BUY PE,40.5,23169.20,115.45,23121.0,23193.0,9.0,15:00:12,23169.20,115.45,FLIP,1.0,0.00,0.00,0,BUY PE,BUY PE,BUY PE
EXIT,2026-06-11,14:50:12,23150,PE,BUY PE,44.9,23183.05,134.95,23132.0,23209.0,9.0,15:00:12,23169.20,137.00,FLIP,10.0,0.06,1.52,133,BUY PE,BUY PE,BUY PE
OPEN,2026-06-11,15:00:12,23250,CE,BUY CE,43.8,23187.10,110.10,23237.0,23162.0,18.0,,0.00,0.00,,0.0,0.00,0.00,0,BUY CE,BUY PE,BUY PE
EXIT,2026-06-11,15:00:12,23250,CE,BUY CE,43.8,23187.10,110.10,23237.0,23162.0,18.0,15:01:12,23187.10,110.10,FLIP,1.0,0.00,0.00,0,BUY CE,BUY PE,BUY PE
OPEN,2026-06-11,15:01:12,23100,PE,BUY PE,43.7,23155.30,116.65,23105.0,23180.0,9.0,,0.00,0.00,,0.0,0.00,0.00,0,BUY CE,BUY PE,BUY CE
EXIT,2026-06-11,15:01:12,23100,PE,BUY PE,43.7,23155.30,116.65,23105.0,23180.0,9.0,15:02:12,23155.30,116.65,FLIP,1.0,0.00,0.00,0,BUY CE,BUY PE,BUY CE
OPEN,2026-06-11,15:02:12,23200,CE,BUY CE,45.0,23145.40,132.00,23197.0,23119.0,18.0,,0.00,0.00,,0.0,0.00,0.00,0,BUY CE,BUY CE,BUY CE
EXIT,2026-06-11,15:02:12,23200,CE,BUY CE,45.0,23145.40,132.00,23197.0,23119.0,18.0,15:03:12,23145.40,132.00,FLIP,1.0,0.00,0.00,0,BUY CE,BUY CE,BUY CE
OPEN,2026-06-11,15:03:12,23100,PE,BUY PE,44.6,23151.25,122.20,23098.0,23178.0,9.0,,0.00,0.00,,0.0,0.00,0.00,0,BUY CE,BUY PE,BUY CE
EXIT,2026-06-11,15:03:12,23100,PE,BUY PE,44.6,23151.25,122.20,23098.0,23178.0,9.0,15:05:12,23156.70,122.20,FLIP,2.0,-0.02,0.00,0,BUY CE,BUY PE,BUY CE
OPEN,2026-06-11,15:05:12,23200,CE,BUY CE,44.6,23142.55,124.10,23195.0,23117.0,18.0,,0.00,0.00,,0.0,0.00,0.00,0,BUY CE,BUY CE,BUY CE
EXIT,2026-06-11,15:05:12,23200,CE,BUY CE,44.6,23142.55,124.10,23195.0,23117.0,18.0,15:06:12,23142.55,124.10,FLIP,1.0,0.00,0.00,0,BUY CE,BUY CE,BUY CE
OPEN,2026-06-11,15:06:12,23150,PE,BUY PE,45.6,23147.25,149.85,23097.0,23172.0,9.0,,0.00,0.00,,0.0,0.00,0.00,0,BUY CE,BUY PE,BUY CE
OPEN,2026-06-11,15:12:12,23100,PE,BUY PE,44.8,23140.25,117.65,23090.0,23165.0,9.0,,0.00,0.00,,0.0,0.00,0.00,0,BUY CE,BUY PE,BUY PE
EXIT,2026-06-11,15:12:12,23100,PE,BUY PE,44.8,23140.25,117.65,23090.0,23165.0,9.0,15:14:12,23167.45,117.65,SL,2.0,-0.12,0.00,0,BUY CE,BUY PE,BUY PE
EXIT,2026-06-11,15:06:12,23150,PE,BUY PE,45.6,23147.25,149.85,23097.0,23172.0,9.0,15:16:12,23171.55,136.80,TIMEOUT,10.0,-0.10,-8.71,-848,BUY CE,BUY PE,BUY CE
OPEN,2026-06-11,15:17:12,23200,PE,BUY PE,46.3,23183.70,159.65,23132.0,23210.0,9.0,,0.00,0.00,,0.0,0.00,0.00,0,BUY CE,BUY PE,BUY CE
OPEN,2026-06-11,15:23:12,23150,PE,BUY PE,45.1,23166.35,135.30,23115.0,23192.0,6.0,,0.00,0.00,,0.0,0.00,0.00,0,BUY PE,BUY PE,BUY PE
EXIT,2026-06-11,15:17:12,23200,PE,BUY PE,46.3,23183.70,159.65,23132.0,23210.0,9.0,15:26:12,23174.65,159.70,TIMEOUT,9.0,0.04,0.03,3,BUY CE,BUY PE,BUY CE
EXIT,2026-06-11,15:23:12,23150,PE,BUY PE,45.1,23166.35,135.30,23115.0,23192.0,6.0,15:29:12,23178.90,129.60,FLIP,6.0,-0.05,-4.21,-371,BUY PE,BUY PE,BUY PE
OPEN,2026-06-11,15:29:12,23200,CE,BUY CE,45.2,23178.55,146.55,23228.0,23154.0,0.0,,0.00,0.00,,0.0,0.00,0.00,0,BUY CE,BUY CE,BUY PE
EXIT,2026-06-11,15:29:12,23200,CE,BUY CE,45.2,23178.55,146.55,23228.0,23154.0,0.0,15:29:12,23178.55,146.55,TIMEOUT,0.0,0.00,0.00,0,BUY CE,BUY CE,BUY PE
OPEN,2026-06-11,15:30:12,23250,CE,BUY CE,44.9,23185.90,126.55,23237.0,23160.0,25.0,,0.00,0.00,,0.0,0.00,0.00,0,BUY CE,BUY PE,BUY PE
EXIT,2026-06-11,15:30:12,23250,CE,BUY CE,44.9,23185.90,126.55,23237.0,23160.0,25.0,15:30:12,23185.90,126.55,EOD,0.0,0.00,0.00,0,BUY CE,BUY PE,BUY PE
OPEN,2026-06-12,09:00:12,23100,PE,BUY PE,40.1,23161.60,105.45,23108.0,23189.0,9.0,,0.00,0.00,,0.0,0.00,0.00,0,BUY PE,BUY PE,BUY PE
EXIT,2026-06-12,09:00:12,23100,PE,BUY PE,40.1,23161.60,105.45,23108.0,23189.0,9.0,09:08:12,23161.60,105.45,FLIP,8.0,0.00,0.00,0,BUY PE,BUY PE,BUY PE
OPEN,2026-06-12,09:08:12,23450,CE,BUY CE,36.4,23412.55,55.20,23496.0,23371.0,18.0,,0.00,0.00,,0.0,0.00,0.00,0,BUY CE,BUY PE,BUY CE
EXIT,2026-06-12,09:08:12,23450,CE,BUY CE,36.4,23412.55,55.20,23496.0,23371.0,18.0,09:16:12,23412.55,55.20,FLIP,8.0,0.00,0.00,0,BUY CE,BUY PE,BUY CE
OPEN,2026-06-12,09:16:12,23450,PE,BUY PE,45.1,23434.50,0.00,23351.0,23477.0,9.0,,0.00,0.00,,0.0,0.00,0.00,0,BUY CE,BUY PE,NO TRADE
OPEN,2026-06-12,09:19:12,23400,PE,BUY PE,44.5,23433.70,117.20,23350.0,23476.0,9.0,,0.00,0.00,,0.0,0.00,0.00,0,BUY CE,BUY PE,BUY PE
EXIT,2026-06-12,09:16:12,23450,PE,BUY PE,45.1,23434.50,0.00,23351.0,23477.0,9.0,09:25:12,23428.75,142.50,TIMEOUT,9.0,0.02,0.00,0,BUY CE,BUY PE,NO TRADE
OPEN,2026-06-12,09:26:12,23350,PE,BUY PE,43.3,23413.80,100.45,23337.0,23452.0,9.0,,0.00,0.00,,0.0,0.00,0.00,0,BUY CE,BUY PE,BUY PE
EXIT,2026-06-12,09:26:12,23350,PE,BUY PE,43.3,23413.80,100.45,23337.0,23452.0,9.0,09:27:12,23413.80,100.45,FLIP,1.0,0.00,0.00,0,BUY CE,BUY PE,BUY PE
EXIT,2026-06-12,09:19:12,23400,PE,BUY PE,44.5,23433.70,117.20,23350.0,23476.0,9.0,09:27:12,23413.80,119.05,FLIP,8.0,0.08,1.58,120,BUY CE,BUY PE,BUY PE
OPEN,2026-06-12,09:27:12,23450,CE,BUY CE,43.5,23411.90,125.25,23490.0,23373.0,18.0,,0.00,0.00,,0.0,0.00,0.00,0,BUY CE,BUY PE,BUY PE
EXIT,2026-06-12,09:27:12,23450,CE,BUY CE,43.5,23411.90,125.25,23490.0,23373.0,18.0,09:28:12,23411.90,125.25,FLIP,1.0,0.00,0.00,0,BUY CE,BUY PE,BUY PE
OPEN,2026-06-12,09:28:12,23350,PE,BUY PE,44.3,23418.50,103.60,23341.0,23458.0,9.0,,0.00,0.00,,0.0,0.00,0.00,0,BUY CE,BUY PE,BUY PE
EXIT,2026-06-12,09:28:12,23350,PE,BUY PE,44.3,23418.50,103.60,23341.0,23458.0,9.0,09:37:12,23397.50,110.40,TIMEOUT,9.0,0.09,6.56,442,BUY CE,BUY PE,BUY PE
OPEN,2026-06-12,09:38:12,23350,PE,BUY PE,40.5,23400.65,110.40,23327.0,23438.0,9.0,,0.00,0.00,,0.0,0.00,0.00,0,BUY PE,BUY PE,NO TRADE
OPEN,2026-06-12,09:43:12,23300,PE,BUY PE,35.1,23373.55,96.80,23302.0,23410.0,9.0,,0.00,0.00,,0.0,0.00,0.00,0,BUY PE,BUY CE,BUY CE
EXIT,2026-06-12,09:38:12,23350,PE,BUY PE,40.5,23400.65,110.40,23327.0,23438.0,9.0,09:44:12,23373.55,115.60,FLIP,6.0,0.12,4.71,338,BUY PE,BUY PE,NO TRADE
EXIT,2026-06-12,09:43:12,23300,PE,BUY PE,35.1,23373.55,96.80,23302.0,23410.0,9.0,09:44:12,23373.55,96.80,FLIP,1.0,0.00,0.00,0,BUY PE,BUY CE,BUY CE
OPEN,2026-06-12,09:44:12,23400,CE,BUY CE,35.3,23368.30,134.35,23441.0,23332.0,18.0,,0.00,0.00,,0.0,0.00,0.00,0,NO TRADE,BUY CE,BUY CE
EXIT,2026-06-12,09:44:12,23400,CE,BUY CE,35.3,23368.30,134.35,23441.0,23332.0,18.0,09:45:12,23368.30,134.35,FLIP,1.0,0.00,0.00,0,NO TRADE,BUY CE,BUY CE
OPEN,2026-06-12,09:45:12,23300,PE,BUY PE,35.1,23374.90,101.45,23301.0,23412.0,9.0,,0.00,0.00,,0.0,0.00,0.00,0,NO TRADE,BUY PE,BUY CE
OPEN,2026-06-12,09:49:12,23350,PE,BUY PE,38.0,23375.55,122.30,23305.0,23411.0,9.0,,0.00,0.00,,0.0,0.00,0.00,0,BUY PE,BUY PE,BUY CE
EXIT,2026-06-12,09:45:12,23300,PE,BUY PE,35.1,23374.90,101.45,23301.0,23412.0,9.0,09:54:12,23361.15,101.85,TIMEOUT,9.0,0.06,0.39,26,NO TRADE,BUY PE,BUY CE
OPEN,2026-06-12,09:55:12,23300,PE,BUY PE,35.1,23358.30,101.85,23289.0,23393.0,9.0,,0.00,0.00,,0.0,0.00,0.00,0,BUY PE,NO TRADE,BUY CE
EXIT,2026-06-12,09:49:12,23350,PE,BUY PE,38.0,23375.55,122.30,23305.0,23411.0,9.0,09:59:12,23353.05,129.45,TIMEOUT,10.0,0.10,5.85,465,BUY PE,BUY PE,BUY CE
EXIT,2026-06-12,09:55:12,23300,PE,BUY PE,35.1,23358.30,101.85,23289.0,23393.0,9.0,10:04:12,23328.25,113.60,TIMEOUT,9.0,0.13,11.54,764,BUY PE,NO TRADE,BUY CE
OPEN,2026-06-12,13:30:12,23350,PE,BUY PE,35.1,23395.00,99.05,23357.0,23414.0,9.0,,0.00,0.00,,0.0,0.00,0.00,0,BUY CE,BUY PE,BUY CE
EXIT,2026-06-12,13:30:12,23350,PE,BUY PE,35.1,23395.00,99.05,23357.0,23414.0,9.0,13:32:12,23394.15,96.90,FLIP,2.0,0.00,-2.17,-140,BUY CE,BUY PE,BUY CE
OPEN,2026-06-12,13:32:12,23450,CE,BUY CE,35.5,23407.00,104.95,23444.0,23389.0,18.0,,0.00,0.00,,0.0,0.00,0.00,0,BUY CE,BUY PE,BUY CE
OPEN,2026-06-12,13:33:12,23500,CE,BUY CE,36.1,23425.15,84.15,23464.0,23406.0,18.0,,0.00,0.00,,0.0,0.00,0.00,0,BUY CE,BUY PE,BUY CE
EXIT,2026-06-12,13:32:12,23450,CE,BUY CE,35.5,23407.00,104.95,23444.0,23389.0,18.0,13:37:12,23446.90,121.40,TARGET,5.0,0.17,15.67,1069,BUY CE,BUY PE,BUY CE
EXIT,2026-06-12,13:33:12,23500,CE,BUY CE,36.1,23425.15,84.15,23464.0,23406.0,18.0,13:40:12,23464.70,116.10,TARGET,7.0,0.17,37.97,2077,BUY CE,BUY PE,BUY CE
OPEN,2026-06-12,13:41:12,23550,CE,BUY CE,37.0,23479.75,93.00,23522.0,23459.0,18.0,,0.00,0.00,,0.0,0.00,0.00,0,BUY CE,BUY PE,BUY CE
OPEN,2026-06-12,13:42:12,23500,CE,BUY CE,38.5,23465.15,125.55,23507.0,23444.0,18.0,,0.00,0.00,,0.0,0.00,0.00,0,BUY CE,BUY PE,BUY CE
EXIT,2026-06-12,13:41:12,23550,CE,BUY CE,37.0,23479.75,93.00,23522.0,23459.0,18.0,14:00:12,23509.05,126.80,TIMEOUT,19.0,0.12,36.34,2197,BUY CE,BUY PE,BUY CE
EXIT,2026-06-12,13:42:12,23500,CE,BUY CE,38.5,23465.15,125.55,23507.0,23444.0,18.0,14:00:12,23509.05,152.50,TARGET,18.0,0.19,21.47,1752,BUY CE,BUY PE,BUY CE
OPEN,2026-06-12,14:01:12,23550,CE,BUY CE,38.6,23504.40,126.80,23545.0,23484.0,18.0,,0.00,0.00,,0.0,0.00,0.00,0,BUY CE,BUY CE,NO TRADE
OPEN,2026-06-12,14:14:12,23600,CE,BUY CE,36.4,23525.85,103.70,23569.0,23504.0,18.0,,0.00,0.00,,0.0,0.00,0.00,0,BUY CE,BUY CE,NO TRADE
EXIT,2026-06-12,14:01:12,23550,CE,BUY CE,38.6,23504.40,126.80,23545.0,23484.0,18.0,14:20:12,23534.45,136.95,TIMEOUT,19.0,0.13,8.00,660,BUY CE,BUY CE,NO TRADE
EXIT,2026-06-12,14:14:12,23600,CE,BUY CE,36.4,23525.85,103.70,23569.0,23504.0,18.0,14:32:12,23552.50,124.95,TIMEOUT,18.0,0.11,20.49,1381,BUY CE,BUY CE,NO TRADE
OPEN,2026-06-12,14:33:12,23600,CE,BUY CE,39.9,23552.90,124.95,23593.0,23533.0,18.0,,0.00,0.00,,0.0,0.00,0.00,0,BUY CE,BUY CE,NO TRADE
OPEN,2026-06-12,14:47:12,23650,CE,BUY CE,39.7,23578.00,109.80,23619.0,23558.0,18.0,,0.00,0.00,,0.0,0.00,0.00,0,BUY CE,BUY CE,BUY CE
EXIT,2026-06-12,14:33:12,23600,CE,BUY CE,39.9,23552.90,124.95,23593.0,23533.0,18.0,14:51:12,23593.45,143.45,TARGET,18.0,0.17,14.81,1202,BUY CE,BUY CE,NO TRADE
OPEN,2026-06-12,15:00:12,23600,CE,BUY CE,57.3,23587.45,158.50,23631.0,23565.0,29.0,,0.00,0.00,,0.0,0.00,0.00,0,BUY CE,BUY CE,BUY CE
EXIT,2026-06-12,14:47:12,23650,CE,BUY CE,39.7,23578.00,109.80,23619.0,23558.0,18.0,15:03:12,23627.05,136.30,TARGET,16.0,0.21,24.13,1723,BUY CE,BUY CE,BUY CE
OPEN,2026-06-12,15:04:12,23650,CE,BUY CE,52.7,23626.30,136.30,23672.0,23603.0,25.0,,0.00,0.00,,0.0,0.00,0.00,0,BUY CE,BUY CE,BUY CE
EXIT,2026-06-12,15:00:12,23600,CE,BUY CE,57.3,23587.45,158.50,23631.0,23565.0,29.0,15:05:12,23634.60,162.65,TARGET,5.0,0.20,2.62,270,BUY CE,BUY CE,BUY CE
OPEN,2026-06-12,15:10:12,23600,CE,BUY CE,54.7,23613.15,174.80,23660.0,23590.0,19.0,,0.00,0.00,,0.0,0.00,0.00,0,BUY CE,BUY CE,BUY CE
EXIT,2026-06-12,15:10:12,23600,CE,BUY CE,54.7,23613.15,174.80,23660.0,23590.0,19.0,15:29:12,23630.35,166.80,TIMEOUT,19.0,0.07,-4.58,-520,BUY CE,BUY CE,BUY CE
EXIT,2026-06-12,15:04:12,23650,CE,BUY CE,52.7,23626.30,136.30,23672.0,23603.0,25.0,15:29:12,23630.35,139.25,TIMEOUT,25.0,0.02,2.16,192,BUY CE,BUY CE,BUY CE
OPEN,2026-06-12,15:30:12,23650,CE,BUY CE,54.5,23631.45,151.10,23674.0,23610.0,25.0,,0.00,0.00,,0.0,0.00,0.00,0,BUY CE,BUY CE,BUY PE
EXIT,2026-06-12,15:30:12,23650,CE,BUY CE,54.5,23631.45,151.10,23674.0,23610.0,25.0,15:30:12,23631.45,151.10,EOD,0.0,0.00,0.00,0,BUY CE,BUY CE,BUY PE
OPEN,2026-06-13,09:00:12,23550,PE,BUY PE,35.4,23622.90,83.15,23579.0,23645.0,9.0,,0.00,0.00,,0.0,0.00,0.00,0,BUY PE,BUY PE,NO TRADE
EXIT,2026-06-13,09:00:12,23550,PE,BUY PE,35.4,23622.90,83.15,23579.0,23645.0,9.0,09:10:12,23622.90,83.15,TIMEOUT,10.0,0.00,0.00,0,BUY PE,BUY PE,NO TRADE
OPEN,2026-06-13,09:11:12,23550,PE,BUY PE,35.4,23622.90,83.15,23579.0,23645.0,9.0,,0.00,0.00,,0.0,0.00,0.00,0,BUY PE,BUY PE,NO TRADE
EXIT,2026-06-13,09:11:12,23550,PE,BUY PE,35.4,23622.90,83.15,23579.0,23645.0,9.0,09:20:12,23622.90,83.15,TIMEOUT,9.0,0.00,0.00,0,BUY PE,BUY PE,NO TRADE
OPEN,2026-06-13,13:15:12,23650,CE,BUY CE,35.3,23622.90,150.25,23667.0,23601.0,18.0,,0.00,0.00,,0.0,0.00,0.00,0,BUY CE,BUY CE,NO TRADE
EXIT,2026-06-13,13:15:12,23650,CE,BUY CE,35.3,23622.90,150.25,23667.0,23601.0,18.0,13:34:12,23622.90,150.25,TIMEOUT,19.0,0.00,0.00,0,BUY CE,BUY CE,NO TRADE
OPEN,2026-06-13,13:35:12,23650,CE,BUY CE,36.7,23622.90,150.25,23667.0,23601.0,18.0,,0.00,0.00,,0.0,0.00,0.00,0,BUY CE,BUY CE,BUY PE
EXIT,2026-06-13,13:35:12,23650,CE,BUY CE,36.7,23622.90,150.25,23667.0,23601.0,18.0,13:53:12,23622.90,150.25,TIMEOUT,18.0,0.00,0.00,0,BUY CE,BUY CE,BUY PE
OPEN,2026-06-13,13:54:12,23650,CE,BUY CE,37.1,23622.90,150.25,23667.0,23601.0,18.0,,0.00,0.00,,0.0,0.00,0.00,0,BUY CE,BUY CE,BUY PE
EXIT,2026-06-13,13:54:12,23650,CE,BUY CE,37.1,23622.90,150.25,23667.0,23601.0,18.0,14:13:12,23622.90,150.25,TIMEOUT,19.0,0.00,0.00,0,BUY CE,BUY CE,BUY PE
OPEN,2026-06-13,14:14:12,23650,CE,BUY CE,37.0,23622.90,150.25,23667.0,23601.0,18.0,,0.00,0.00,,0.0,0.00,0.00,0,BUY CE,BUY CE,BUY PE
EXIT,2026-06-13,14:14:12,23650,CE,BUY CE,37.0,23622.90,150.25,23667.0,23601.0,18.0,14:33:12,23622.90,150.25,TIMEOUT,19.0,0.00,0.00,0,BUY CE,BUY CE,BUY PE
OPEN,2026-06-13,14:34:12,23650,CE,BUY CE,40.3,23622.90,150.25,23667.0,23601.0,18.0,,0.00,0.00,,0.0,0.00,0.00,0,BUY CE,BUY CE,BUY PE
EXIT,2026-06-13,14:34:12,23650,CE,BUY CE,40.3,23622.90,150.25,23667.0,23601.0,18.0,14:52:12,23622.90,150.25,TIMEOUT,18.0,0.00,0.00,0,BUY CE,BUY CE,BUY PE
OPEN,2026-06-13,14:53:12,23650,CE,BUY CE,41.3,23622.90,150.25,23667.0,23601.0,18.0,,0.00,0.00,,0.0,0.00,0.00,0,BUY CE,BUY CE,BUY PE
OPEN,2026-06-13,15:00:12,23600,CE,BUY CE,54.8,23622.90,179.30,23667.0,23601.0,29.0,,0.00,0.00,,0.0,0.00,0.00,0,BUY CE,BUY CE,BUY PE
EXIT,2026-06-13,14:53:12,23650,CE,BUY CE,41.3,23622.90,150.25,23667.0,23601.0,18.0,15:11:12,23622.90,150.25,TIMEOUT,18.0,0.00,0.00,0,BUY CE,BUY CE,BUY PE
EXIT,2026-06-13,15:00:12,23600,CE,BUY CE,54.8,23622.90,179.30,23667.0,23601.0,29.0,15:29:12,23622.90,179.30,TIMEOUT,29.0,0.00,0.00,0,BUY CE,BUY CE,BUY PE
OPEN,2026-06-13,15:30:12,23600,CE,BUY CE,54.4,23622.90,179.30,23667.0,23601.0,25.0,,0.00,0.00,,0.0,0.00,0.00,0,BUY CE,BUY CE,BUY PE
EXIT,2026-06-13,15:30:12,23600,CE,BUY CE,54.4,23622.90,179.30,23667.0,23601.0,25.0,15:30:12,23622.90,179.30,EOD,0.0,0.00,0.00,0,BUY CE,BUY CE,BUY PE
OPEN,2026-06-14,09:00:12,23550,PE,BUY PE,35.4,23622.90,83.15,23579.0,23645.0,9.0,,0.00,0.00,,0.0,0.00,0.00,0,BUY PE,BUY PE,NO TRADE
EXIT,2026-06-14,09:00:12,23550,PE,BUY PE,35.4,23622.90,83.15,23579.0,23645.0,9.0,09:10:12,23622.90,83.15,TIMEOUT,10.0,0.00,0.00,0,BUY PE,BUY PE,NO TRADE
OPEN,2026-06-14,09:11:12,23550,PE,BUY PE,35.4,23622.90,83.15,23579.0,23645.0,9.0,,0.00,0.00,,0.0,0.00,0.00,0,BUY PE,BUY PE,NO TRADE
EXIT,2026-06-14,09:11:12,23550,PE,BUY PE,35.4,23622.90,83.15,23579.0,23645.0,9.0,09:21:12,23622.90,83.15,TIMEOUT,10.0,0.00,0.00,0,BUY PE,BUY PE,NO TRADE
OPEN,2026-06-14,13:15:12,23650,CE,BUY CE,35.3,23622.90,150.25,23667.0,23601.0,18.0,,0.00,0.00,,0.0,0.00,0.00,0,BUY CE,BUY CE,NO TRADE
EXIT,2026-06-14,13:15:12,23650,CE,BUY CE,35.3,23622.90,150.25,23667.0,23601.0,18.0,13:33:12,23622.90,150.25,TIMEOUT,18.0,0.00,0.00,0,BUY CE,BUY CE,NO TRADE
OPEN,2026-06-14,13:34:12,23650,CE,BUY CE,36.5,23622.90,150.25,23667.0,23601.0,18.0,,0.00,0.00,,0.0,0.00,0.00,0,BUY CE,BUY CE,BUY PE
EXIT,2026-06-14,13:34:12,23650,CE,BUY CE,36.5,23622.90,150.25,23667.0,23601.0,18.0,13:52:12,23622.90,150.25,TIMEOUT,18.0,0.00,0.00,0,BUY CE,BUY CE,BUY PE
OPEN,2026-06-14,13:53:12,23650,CE,BUY CE,37.1,23622.90,150.25,23667.0,23601.0,18.0,,0.00,0.00,,0.0,0.00,0.00,0,BUY CE,BUY CE,BUY PE
EXIT,2026-06-14,13:53:12,23650,CE,BUY CE,37.1,23622.90,150.25,23667.0,23601.0,18.0,14:12:12,23622.90,150.25,TIMEOUT,19.0,0.00,0.00,0,BUY CE,BUY CE,BUY PE
OPEN,2026-06-14,14:13:12,23650,CE,BUY CE,37.0,23622.90,150.25,23667.0,23601.0,18.0,,0.00,0.00,,0.0,0.00,0.00,0,BUY CE,BUY CE,BUY PE
EXIT,2026-06-14,14:13:12,23650,CE,BUY CE,37.0,23622.90,150.25,23667.0,23601.0,18.0,14:32:12,23622.90,150.25,TIMEOUT,19.0,0.00,0.00,0,BUY CE,BUY CE,BUY PE
OPEN,2026-06-14,14:33:12,23650,CE,BUY CE,40.1,23622.90,150.25,23667.0,23601.0,18.0,,0.00,0.00,,0.0,0.00,0.00,0,BUY CE,BUY CE,BUY PE
EXIT,2026-06-14,14:33:12,23650,CE,BUY CE,40.1,23622.90,150.25,23667.0,23601.0,18.0,14:51:12,23622.90,150.25,TIMEOUT,18.0,0.00,0.00,0,BUY CE,BUY CE,BUY PE
OPEN,2026-06-14,14:52:12,23650,CE,BUY CE,41.1,23622.90,150.25,23667.0,23601.0,18.0,,0.00,0.00,,0.0,0.00,0.00,0,BUY CE,BUY CE,BUY PE
OPEN,2026-06-14,15:00:12,23600,CE,BUY CE,54.7,23622.90,179.30,23667.0,23601.0,29.0,,0.00,0.00,,0.0,0.00,0.00,0,BUY CE,BUY CE,BUY PE
EXIT,2026-06-14,14:52:12,23650,CE,BUY CE,41.1,23622.90,150.25,23667.0,23601.0,18.0,15:10:12,23622.90,150.25,TIMEOUT,18.0,0.00,0.00,0,BUY CE,BUY CE,BUY PE
EXIT,2026-06-14,15:00:12,23600,CE,BUY CE,54.7,23622.90,179.30,23667.0,23601.0,29.0,15:29:12,23622.90,179.30,TIMEOUT,29.0,0.00,0.00,0,BUY CE,BUY CE,BUY PE
OPEN,2026-06-14,15:30:12,23600,CE,BUY CE,54.4,23622.90,179.30,23667.0,23601.0,25.0,,0.00,0.00,,0.0,0.00,0.00,0,BUY CE,BUY CE,BUY PE
EXIT,2026-06-14,15:30:12,23600,CE,BUY CE,54.4,23622.90,179.30,23667.0,23601.0,25.0,15:30:12,23622.90,179.30,EOD,0.0,0.00,0.00,0,BUY CE,BUY CE,BUY PE
OPEN,2026-06-15,09:08:12,24050,CE,BUY CE,41.2,23984.85,27.10,24078.0,23938.0,18.0,,0.00,0.00,,0.0,0.00,0.00,0,BUY CE,BUY CE,BUY CE
EXIT,2026-06-15,09:08:12,24050,CE,BUY CE,41.2,23984.85,27.10,24078.0,23938.0,18.0,09:16:12,23984.85,27.10,FLIP,8.0,0.00,0.00,0,BUY CE,BUY CE,BUY CE
OPEN,2026-06-15,09:16:12,23950,PE,BUY PE,45.6,23961.10,314.60,23871.0,24006.0,9.0,,0.00,0.00,,0.0,0.00,0.00,0,BUY CE,BUY PE,NO TRADE
EXIT,2026-06-15,09:16:12,23950,PE,BUY PE,45.6,23961.10,314.60,23871.0,24006.0,9.0,09:25:12,23957.55,104.70,TIMEOUT,9.0,0.01,-66.72,-13644,BUY CE,BUY PE,NO TRADE
OPEN,2026-06-15,09:26:12,23950,PE,BUY PE,45.1,23946.00,104.70,23864.0,23987.0,9.0,,0.00,0.00,,0.0,0.00,0.00,0,BUY CE,BUY PE,BUY CE
OPEN,2026-06-15,09:28:12,23900,PE,BUY PE,44.7,23940.60,88.70,23858.0,23982.0,9.0,,0.00,0.00,,0.0,0.00,0.00,0,BUY CE,BUY PE,BUY PE
EXIT,2026-06-15,09:26:12,23950,PE,BUY PE,45.1,23946.00,104.70,23864.0,23987.0,9.0,09:35:12,23946.95,117.40,TIMEOUT,9.0,-0.00,12.13,826,BUY CE,BUY PE,BUY CE
EXIT,2026-06-15,09:28:12,23900,PE,BUY PE,44.7,23940.60,88.70,23858.0,23982.0,9.0,09:38:12,23937.10,90.20,TIMEOUT,10.0,0.01,1.69,98,BUY CE,BUY PE,BUY PE
OPEN,2026-06-15,09:39:12,23900,PE,BUY PE,39.1,23935.90,90.20,23859.0,23974.0,9.0,,0.00,0.00,,0.0,0.00,0.00,0,BUY PE,BUY PE,NO TRADE
EXIT,2026-06-15,09:39:12,23900,PE,BUY PE,39.1,23935.90,90.20,23859.0,23974.0,9.0,09:48:12,23971.30,73.50,TIMEOUT,9.0,-0.15,-18.51,-1086,BUY PE,BUY PE,NO TRADE
OPEN,2026-06-15,09:49:12,23950,PE,BUY PE,39.6,23976.35,95.45,23904.0,24012.0,9.0,,0.00,0.00,,0.0,0.00,0.00,0,BUY PE,BUY PE,NO TRADE
OPEN,2026-06-15,09:50:12,23900,PE,BUY PE,39.8,23971.70,77.65,23900.0,24008.0,9.0,,0.00,0.00,,0.0,0.00,0.00,0,BUY PE,BUY PE,NO TRADE
EXIT,2026-06-15,09:49:12,23950,PE,BUY PE,39.6,23976.35,95.45,23904.0,24012.0,9.0,09:58:12,23951.30,106.20,TIMEOUT,9.0,0.10,11.26,699,BUY PE,BUY PE,NO TRADE
EXIT,2026-06-15,09:50:12,23900,PE,BUY PE,39.8,23971.70,77.65,23900.0,24008.0,9.0,09:59:12,23942.65,82.20,TIMEOUT,9.0,0.12,5.86,296,BUY PE,BUY PE,NO TRADE
OPEN,2026-06-15,13:53:12,23800,PE,BUY PE,36.9,23871.65,53.95,23838.0,23889.0,9.0,,0.00,0.00,,0.0,0.00,0.00,0,NO TRADE,BUY PE,NO TRADE
OPEN,2026-06-15,13:54:12,23850,PE,BUY PE,37.7,23875.45,73.55,23841.0,23892.0,9.0,,0.00,0.00,,0.0,0.00,0.00,0,NO TRADE,BUY PE,BUY CE
EXIT,2026-06-15,13:53:12,23800,PE,BUY PE,36.9,23871.65,53.95,23838.0,23889.0,9.0,13:57:12,23898.65,51.85,SL,4.0,-0.11,-3.89,-137,NO TRADE,BUY PE,NO TRADE
EXIT,2026-06-15,13:54:12,23850,PE,BUY PE,37.7,23875.45,73.55,23841.0,23892.0,9.0,13:57:12,23898.65,70.70,SL,3.0,-0.10,-3.87,-185,NO TRADE,BUY PE,BUY CE
OPEN,2026-06-15,13:59:12,23850,PE,BUY PE,36.7,23901.15,67.75,23865.0,23919.0,9.0,,0.00,0.00,,0.0,0.00,0.00,0,BUY PE,BUY PE,NO TRADE
EXIT,2026-06-15,13:59:12,23850,PE,BUY PE,36.7,23901.15,67.75,23865.0,23919.0,9.0,14:09:12,23887.70,66.25,TIMEOUT,10.0,0.06,-2.21,-98,BUY PE,BUY PE,NO TRADE
OPEN,2026-06-15,14:10:12,23850,PE,BUY PE,36.4,23888.40,66.25,23853.0,23906.0,9.0,,0.00,0.00,,0.0,0.00,0.00,0,BUY PE,BUY PE,NO TRADE
EXIT,2026-06-15,14:10:12,23850,PE,BUY PE,36.4,23888.40,66.25,23853.0,23906.0,9.0,14:20:12,23903.10,64.20,TIMEOUT,10.0,-0.06,-3.09,-133,BUY PE,BUY PE,NO TRADE
OPEN,2026-06-15,14:31:12,23950,CE,BUY CE,35.1,23917.30,78.65,23950.0,23901.0,18.0,,0.00,0.00,,0.0,0.00,0.00,0,NO TRADE,BUY CE,NO TRADE
OPEN,2026-06-15,14:35:12,24000,CE,BUY CE,37.7,23933.95,64.10,23970.0,23916.0,18.0,,0.00,0.00,,0.0,0.00,0.00,0,BUY CE,BUY CE,NO TRADE
EXIT,2026-06-15,14:31:12,23950,CE,BUY CE,35.1,23917.30,78.65,23950.0,23901.0,18.0,14:50:12,23923.00,83.35,TIMEOUT,19.0,0.02,5.98,305,NO TRADE,BUY CE,NO TRADE
EXIT,2026-06-15,14:35:12,24000,CE,BUY CE,37.7,23933.95,64.10,23970.0,23916.0,18.0,14:51:12,23923.00,62.95,FLIP,16.0,-0.05,-1.79,-75,BUY CE,BUY CE,NO TRADE
OPEN,2026-06-15,14:51:12,23850,PE,BUY PE,38.3,23899.20,48.95,23863.0,23917.0,9.0,,0.00,0.00,,0.0,0.00,0.00,0,BUY PE,BUY PE,BUY PE
EXIT,2026-06-15,14:51:12,23850,PE,BUY PE,38.3,23899.20,48.95,23863.0,23917.0,9.0,15:00:12,23890.35,63.70,FLIP,9.0,0.04,30.13,959,BUY PE,BUY PE,BUY PE
OPEN,2026-06-15,15:00:12,23900,CE,BUY CE,46.2,23901.10,86.30,23938.0,23883.0,29.0,,0.00,0.00,,0.0,0.00,0.00,0,BUY CE,BUY CE,NO TRADE
OPEN,2026-06-15,15:01:12,23850,CE,BUY CE,47.7,23855.50,113.20,23896.0,23836.0,28.0,,0.00,0.00,,0.0,0.00,0.00,0,BUY CE,BUY CE,BUY PE
EXIT,2026-06-15,15:00:12,23900,CE,BUY CE,46.2,23901.10,86.30,23938.0,23883.0,29.0,15:01:12,23855.50,86.30,SL,1.0,-0.19,0.00,0,BUY CE,BUY CE,NO TRADE
OPEN,2026-06-15,15:02:12,23900,CE,BUY CE,45.5,23875.50,76.65,23918.0,23855.0,27.0,,0.00,0.00,,0.0,0.00,0.00,0,BUY CE,BUY CE,BUY PE
EXIT,2026-06-15,15:02:12,23900,CE,BUY CE,45.5,23875.50,76.65,23918.0,23855.0,27.0,15:07:12,23848.50,78.85,SL,5.0,-0.11,2.87,143,BUY CE,BUY CE,BUY PE
EXIT,2026-06-15,15:01:12,23850,CE,BUY CE,47.7,23855.50,113.20,23896.0,23836.0,28.0,15:12:12,23826.65,96.00,SL,11.0,-0.12,-15.19,-1118,BUY CE,BUY CE,BUY PE
OPEN,2026-06-15,15:13:12,23800,CE,BUY CE,46.0,23820.90,124.65,23863.0,23800.0,16.0,,0.00,0.00,,0.0,0.00,0.00,0,BUY CE,BUY CE,NO TRADE
OPEN,2026-06-15,15:14:12,23900,CE,BUY CE,44.6,23834.25,71.65,23876.0,23813.0,15.0,,0.00,0.00,,0.0,0.00,0.00,0,BUY CE,BUY PE,NO TRADE
EXIT,2026-06-15,15:14:12,23900,CE,BUY CE,44.6,23834.25,71.65,23876.0,23813.0,15.0,15:16:12,23847.50,61.95,FLIP,2.0,0.06,-13.54,-631,BUY CE,BUY PE,NO TRADE
EXIT,2026-06-15,15:13:12,23800,CE,BUY CE,46.0,23820.90,124.65,23863.0,23800.0,16.0,15:16:12,23847.50,110.00,FLIP,3.0,0.11,-11.75,-952,BUY CE,BUY CE,NO TRADE
OPEN,2026-06-15,15:16:12,23800,PE,BUY PE,43.1,23854.40,68.75,23813.0,23875.0,9.0,,0.00,0.00,,0.0,0.00,0.00,0,BUY CE,BUY PE,BUY CE
EXIT,2026-06-15,15:16:12,23800,PE,BUY PE,43.1,23854.40,68.75,23813.0,23875.0,9.0,15:20:12,23866.65,54.50,FLIP,4.0,-0.05,-20.73,-926,BUY CE,BUY PE,BUY CE
OPEN,2026-06-15,15:20:12,23900,CE,BUY CE,43.9,23864.30,82.20,23907.0,23843.0,9.0,,0.00,0.00,,0.0,0.00,0.00,0,BUY CE,BUY PE,BUY PE
EXIT,2026-06-15,15:20:12,23900,CE,BUY CE,43.9,23864.30,82.20,23907.0,23843.0,9.0,15:30:12,23855.90,70.20,EOD,10.0,-0.04,-14.60,-780,BUY CE,BUY PE,BUY PE
OPEN,2026-06-16,09:00:12,23800,PE,BUY PE,40.5,23853.90,47.80,23813.0,23874.0,9.0,,0.00,0.00,,0.0,0.00,0.00,0,BUY PE,BUY PE,BUY PE
OPEN,2026-06-16,09:08:12,23850,PE,BUY PE,42.0,23923.90,68.00,23874.0,23949.0,9.0,,0.00,0.00,,0.0,0.00,0.00,0,BUY PE,BUY PE,BUY PE
EXIT,2026-06-16,09:00:12,23800,PE,BUY PE,40.5,23853.90,47.80,23813.0,23874.0,9.0,09:08:12,23923.90,47.80,SL,8.0,-0.29,0.00,0,BUY PE,BUY PE,BUY PE
OPEN,2026-06-16,09:17:12,23950,PE,BUY PE,45.0,23928.65,0.00,23881.0,23953.0,9.0,,0.00,0.00,,0.0,0.00,0.00,0,BUY CE,BUY PE,NO TRADE
OPEN,2026-06-16,09:18:12,23900,PE,BUY PE,44.9,23932.60,54.40,23884.0,23957.0,9.0,,0.00,0.00,,0.0,0.00,0.00,0,BUY CE,BUY PE,NO TRADE
EXIT,2026-06-16,09:08:12,23850,PE,BUY PE,42.0,23923.90,68.00,23874.0,23949.0,9.0,09:18:12,23932.60,33.75,TIMEOUT,10.0,-0.04,-50.37,-2226,BUY PE,BUY PE,BUY PE
OPEN,2026-06-16,09:22:12,23850,PE,BUY PE,44.5,23916.80,25.30,23868.0,23941.0,9.0,,0.00,0.00,,0.0,0.00,0.00,0,BUY CE,BUY PE,BUY CE
EXIT,2026-06-16,09:17:12,23950,PE,BUY PE,45.0,23928.65,0.00,23881.0,23953.0,9.0,09:27:12,23923.95,65.95,TIMEOUT,10.0,0.02,0.00,0,BUY CE,BUY PE,NO TRADE
OPEN,2026-06-16,09:28:12,23950,PE,BUY PE,45.7,23931.35,71.45,23883.0,23955.0,9.0,,0.00,0.00,,0.0,0.00,0.00,0,BUY CE,BUY PE,NO TRADE
EXIT,2026-06-16,09:18:12,23900,PE,BUY PE,44.9,23932.60,54.40,23884.0,23957.0,9.0,09:28:12,23931.35,44.95,TIMEOUT,10.0,0.01,-17.37,-614,BUY CE,BUY PE,NO TRADE
OPEN,2026-06-16,09:30:12,23900,PE,BUY PE,45.0,23940.50,39.10,23892.0,23965.0,9.0,,0.00,0.00,,0.0,0.00,0.00,0,BUY CE,BUY PE,BUY PE
EXIT,2026-06-16,09:22:12,23850,PE,BUY PE,44.5,23916.80,25.30,23868.0,23941.0,9.0,09:32:12,23938.35,22.10,TIMEOUT,10.0,-0.09,-12.65,-208,BUY CE,BUY PE,BUY CE
EXIT,2026-06-16,09:28:12,23950,PE,BUY PE,45.7,23931.35,71.45,23883.0,23955.0,9.0,09:37:12,23943.10,53.15,TIMEOUT,9.0,-0.05,-25.61,-1190,BUY CE,BUY PE,NO TRADE
EXIT,2026-06-16,09:30:12,23900,PE,BUY PE,45.0,23940.50,39.10,23892.0,23965.0,9.0,09:40:12,23935.00,34.65,TIMEOUT,10.0,0.02,-11.38,-289,BUY CE,BUY PE,BUY PE
OPEN,2026-06-16,09:41:12,23900,PE,BUY PE,38.9,23931.40,34.65,23886.0,23954.0,9.0,,0.00,0.00,,0.0,0.00,0.00,0,BUY PE,BUY PE,NO TRADE
OPEN,2026-06-16,09:44:12,23850,PE,BUY PE,38.1,23921.35,22.65,23875.0,23944.0,9.0,,0.00,0.00,,0.0,0.00,0.00,0,BUY PE,NO TRADE,BUY PE
EXIT,2026-06-16,09:41:12,23900,PE,BUY PE,38.9,23931.40,34.65,23886.0,23954.0,9.0,09:50:12,23936.35,35.20,TIMEOUT,9.0,-0.02,1.59,36,BUY PE,BUY PE,NO TRADE
OPEN,2026-06-16,09:53:12,23900,PE,BUY PE,38.8,23933.70,38.25,23888.0,23957.0,9.0,,0.00,0.00,,0.0,0.00,0.00,0,BUY PE,BUY PE,BUY CE
EXIT,2026-06-16,09:44:12,23850,PE,BUY PE,38.1,23921.35,22.65,23875.0,23944.0,9.0,09:54:12,23938.90,17.85,TIMEOUT,10.0,-0.07,-21.19,-312,BUY PE,NO TRADE,BUY PE
EXIT,2026-06-16,09:53:12,23900,PE,BUY PE,38.8,23933.70,38.25,23888.0,23957.0,9.0,10:03:12,23915.50,31.25,TIMEOUT,10.0,0.08,-18.30,-455,BUY PE,BUY PE,BUY CE
OPEN,2026-06-16,14:45:12,23900,PE,BUY PE,35.2,23963.45,1.05,23931.0,23979.0,9.0,,0.00,0.00,,0.0,0.00,0.00,0,NO TRADE,BUY PE,NO TRADE
OPEN,2026-06-16,14:47:12,23950,PE,BUY PE,35.4,23978.70,10.10,23947.0,23995.0,9.0,,0.00,0.00,,0.0,0.00,0.00,0,NO TRADE,BUY PE,BUY PE
EXIT,2026-06-16,14:45:12,23900,PE,BUY PE,35.2,23963.45,1.05,23931.0,23979.0,9.0,14:48:12,23978.70,2.05,FLIP,3.0,-0.06,95.24,65,NO TRADE,BUY PE,NO TRADE
EXIT,2026-06-16,14:47:12,23950,PE,BUY PE,35.4,23978.70,10.10,23947.0,23995.0,9.0,14:48:12,23978.70,10.10,FLIP,1.0,0.00,0.00,0,NO TRADE,BUY PE,BUY PE
OPEN,2026-06-16,14:48:12,24050,CE,BUY CE,35.9,23982.15,1.10,24014.0,23966.0,18.0,,0.00,0.00,,0.0,0.00,0.00,0,BUY CE,BUY CE,NO TRADE
EXIT,2026-06-16,14:48:12,24050,CE,BUY CE,35.9,23982.15,1.10,24014.0,23966.0,18.0,14:52:12,23977.40,0.75,FLIP,4.0,-0.02,-31.82,-23,BUY CE,BUY CE,NO TRADE
OPEN,2026-06-16,14:52:12,23900,PE,BUY PE,35.6,23974.70,0.55,23943.0,23991.0,9.0,,0.00,0.00,,0.0,0.00,0.00,0,NO TRADE,BUY PE,BUY CE
EXIT,2026-06-16,14:52:12,23900,PE,BUY PE,35.6,23974.70,0.55,23943.0,23991.0,9.0,14:53:12,23974.70,0.55,FLIP,1.0,0.00,0.00,0,NO TRADE,BUY PE,BUY CE
OPEN,2026-06-16,14:53:12,24050,CE,BUY CE,35.8,23984.50,0.95,24018.0,23968.0,18.0,,0.00,0.00,,0.0,0.00,0.00,0,BUY CE,BUY CE,BUY CE
OPEN,2026-06-16,15:00:12,24000,CE,BUY CE,51.5,23984.70,5.05,24019.0,23968.0,29.0,,0.00,0.00,,0.0,0.00,0.00,0,BUY CE,BUY CE,NO TRADE
EXIT,2026-06-16,14:53:12,24050,CE,BUY CE,35.8,23984.50,0.95,24018.0,23968.0,18.0,15:12:12,23985.85,0.10,TIMEOUT,19.0,0.01,-89.47,-55,BUY CE,BUY CE,BUY CE
EXIT,2026-06-16,15:00:12,24000,CE,BUY CE,51.5,23984.70,5.05,24019.0,23968.0,29.0,15:30:12,23995.00,0.05,EOD,30.0,0.04,-99.01,-325,BUY CE,BUY CE,NO TRADE
OPEN,2026-06-17,09:16:12,24000,PE,BUY PE,45.0,24009.65,164.80,23974.0,24028.0,9.0,,0.00,0.00,,0.0,0.00,0.00,0,BUY CE,BUY PE,NO TRADE
OPEN,2026-06-17,09:20:12,23950,PE,BUY PE,45.2,23974.25,147.45,23934.0,23994.0,9.0,,0.00,0.00,,0.0,0.00,0.00,0,BUY CE,BUY PE,BUY PE
EXIT,2026-06-17,09:20:12,23950,PE,BUY PE,45.2,23974.25,147.45,23934.0,23994.0,9.0,09:21:12,23994.30,147.45,SL,1.0,-0.08,0.00,0,BUY CE,BUY PE,BUY PE
OPEN,2026-06-17,09:22:12,23950,PE,BUY PE,44.7,23984.95,147.45,23946.0,24004.0,9.0,,0.00,0.00,,0.0,0.00,0.00,0,BUY CE,BUY PE,BUY PE
EXIT,2026-06-17,09:16:12,24000,PE,BUY PE,45.0,24009.65,164.80,23974.0,24028.0,9.0,09:26:12,23993.45,173.65,TIMEOUT,10.0,0.07,5.37,575,BUY CE,BUY PE,NO TRADE
OPEN,2026-06-17,09:27:12,24000,PE,BUY PE,46.1,23999.50,173.65,23962.0,24019.0,9.0,,0.00,0.00,,0.0,0.00,0.00,0,BUY CE,BUY PE,BUY PE
EXIT,2026-06-17,09:22:12,23950,PE,BUY PE,44.7,23984.95,147.45,23946.0,24004.0,9.0,09:29:12,24013.70,143.75,SL,7.0,-0.12,-2.51,-240,BUY CE,BUY PE,BUY PE
EXIT,2026-06-17,09:27:12,24000,PE,BUY PE,46.1,23999.50,173.65,23962.0,24019.0,9.0,09:30:12,24022.75,168.00,SL,3.0,-0.10,-3.25,-367,BUY CE,BUY PE,BUY PE
OPEN,2026-06-17,09:31:12,24000,PE,BUY PE,44.9,24025.25,168.00,23985.0,24045.0,9.0,,0.00,0.00,,0.0,0.00,0.00,0,BUY CE,BUY PE,NO TRADE
OPEN,2026-06-17,09:32:12,24050,PE,BUY PE,45.2,24032.95,184.70,23993.0,24053.0,9.0,,0.00,0.00,,0.0,0.00,0.00,0,BUY CE,BUY PE,BUY PE
EXIT,2026-06-17,09:31:12,24000,PE,BUY PE,44.9,24025.25,168.00,23985.0,24045.0,9.0,09:39:12,24050.05,156.95,SL,8.0,-0.10,-6.58,-718,BUY CE,BUY PE,NO TRADE
OPEN,2026-06-17,09:40:12,24000,PE,BUY PE,38.8,24052.15,147.50,24010.0,24073.0,9.0,,0.00,0.00,,0.0,0.00,0.00,0,BUY PE,BUY PE,NO TRADE
EXIT,2026-06-17,09:32:12,24050,PE,BUY PE,45.2,24032.95,184.70,23993.0,24053.0,9.0,09:42:12,24053.50,170.70,SL,10.0,-0.09,-7.58,-910,BUY CE,BUY PE,BUY PE
EXIT,2026-06-17,09:40:12,24000,PE,BUY PE,38.8,24052.15,147.50,24010.0,24073.0,9.0,09:50:12,24061.70,142.35,TIMEOUT,10.0,-0.04,-3.49,-335,BUY PE,BUY PE,NO TRADE
OPEN,2026-06-17,09:51:12,24000,PE,BUY PE,36.8,24057.45,142.35,24018.0,24077.0,9.0,,0.00,0.00,,0.0,0.00,0.00,0,BUY PE,NO TRADE,BUY PE
EXIT,2026-06-17,09:51:12,24000,PE,BUY PE,36.8,24057.45,142.35,24018.0,24077.0,9.0,10:00:12,24065.35,142.40,TIMEOUT,9.0,-0.03,0.04,3,BUY PE,NO TRADE,BUY PE
OPEN,2026-06-17,14:34:12,24100,CE,BUY CE,37.3,24027.65,116.80,24057.0,24013.0,18.0,,0.00,0.00,,0.0,0.00,0.00,0,BUY CE,BUY CE,NO TRADE
EXIT,2026-06-17,14:34:12,24100,CE,BUY CE,37.3,24027.65,116.80,24057.0,24013.0,18.0,14:53:12,24031.55,126.40,TIMEOUT,19.0,0.02,8.22,624,BUY CE,BUY CE,NO TRADE
OPEN,2026-06-17,15:02:12,24100,CE,BUY CE,52.3,24092.10,144.35,24124.0,24076.0,27.0,,0.00,0.00,,0.0,0.00,0.00,0,BUY CE,BUY CE,BUY CE
EXIT,2026-06-17,15:02:12,24100,CE,BUY CE,52.3,24092.10,144.35,24124.0,24076.0,27.0,15:28:12,24075.75,136.00,SL,26.0,-0.07,-5.78,-543,BUY CE,BUY CE,BUY CE
OPEN,2026-06-17,15:29:12,24100,CE,BUY CE,49.6,24076.65,136.10,24106.0,24062.0,0.0,,0.00,0.00,,0.0,0.00,0.00,0,BUY CE,BUY CE,BUY CE
EXIT,2026-06-17,15:29:12,24100,CE,BUY CE,49.6,24076.65,136.10,24106.0,24062.0,0.0,15:29:12,24076.65,136.10,TIMEOUT,0.0,0.00,0.00,0,BUY CE,BUY CE,BUY CE
OPEN,2026-06-17,15:30:12,24100,CE,BUY CE,49.5,24082.40,136.10,24112.0,24067.0,25.0,,0.00,0.00,,0.0,0.00,0.00,0,BUY CE,BUY CE,BUY CE
EXIT,2026-06-17,15:30:12,24100,CE,BUY CE,49.5,24082.40,136.10,24112.0,24067.0,25.0,15:30:12,24082.40,136.10,EOD,0.0,0.00,0.00,0,BUY CE,BUY CE,BUY CE
OPEN,2026-06-18,09:16:12,24050,PE,BUY PE,45.9,24073.20,0.00,24036.0,24092.0,9.0,,0.00,0.00,,0.0,0.00,0.00,0,BUY CE,BUY PE,NO TRADE
OPEN,2026-06-18,09:18:12,24100,PE,BUY PE,46.0,24077.75,154.75,24041.0,24096.0,9.0,,0.00,0.00,,0.0,0.00,0.00,0,BUY CE,BUY PE,NO TRADE
EXIT,2026-06-18,09:16:12,24050,PE,BUY PE,45.9,24073.20,0.00,24036.0,24092.0,9.0,09:23:12,24095.45,121.70,SL,7.0,-0.09,0.00,0,BUY CE,BUY PE,NO TRADE
EXIT,2026-06-18,09:18:12,24100,PE,BUY PE,46.0,24077.75,154.75,24041.0,24096.0,9.0,09:28:12,24090.40,142.90,TIMEOUT,10.0,-0.05,-7.66,-770,BUY CE,BUY PE,NO TRADE
OPEN,2026-06-18,09:29:12,24100,PE,BUY PE,45.6,24087.40,142.90,24051.0,24105.0,9.0,,0.00,0.00,,0.0,0.00,0.00,0,BUY CE,BUY PE,BUY PE
OPEN,2026-06-18,09:32:12,24050,PE,BUY PE,44.4,24085.10,119.40,24050.0,24103.0,9.0,,0.00,0.00,,0.0,0.00,0.00,0,BUY CE,BUY PE,BUY PE
OPEN,2026-06-18,09:37:12,24000,PE,BUY PE,39.2,24070.55,100.20,24035.0,24089.0,9.0,,0.00,0.00,,0.0,0.00,0.00,0,BUY PE,BUY PE,NO TRADE
EXIT,2026-06-18,09:29:12,24100,PE,BUY PE,45.6,24087.40,142.90,24051.0,24105.0,9.0,09:38:12,24076.30,146.65,TIMEOUT,9.0,0.05,2.62,244,BUY CE,BUY PE,BUY PE
EXIT,2026-06-18,09:37:12,24000,PE,BUY PE,39.2,24070.55,100.20,24035.0,24089.0,9.0,09:41:12,24095.40,103.05,SL,4.0,-0.10,2.84,185,BUY PE,BUY PE,NO TRADE
EXIT,2026-06-18,09:32:12,24050,PE,BUY PE,44.4,24085.10,119.40,24050.0,24103.0,9.0,09:42:12,24107.10,115.25,SL,10.0,-0.09,-3.48,-270,BUY CE,BUY PE,BUY PE
OPEN,2026-06-18,09:43:12,24050,PE,BUY PE,40.9,24119.15,115.25,24081.0,24138.0,9.0,,0.00,0.00,,0.0,0.00,0.00,0,BUY PE,BUY PE,NO TRADE
OPEN,2026-06-18,09:47:12,24100,PE,BUY PE,39.5,24125.60,128.15,24088.0,24145.0,9.0,,0.00,0.00,,0.0,0.00,0.00,0,BUY PE,BUY PE,BUY PE
EXIT,2026-06-18,09:43:12,24050,PE,BUY PE,40.9,24119.15,115.25,24081.0,24138.0,9.0,09:52:12,24131.50,100.95,TIMEOUT,9.0,-0.05,-12.41,-929,BUY PE,BUY PE,NO TRADE
OPEN,2026-06-18,09:53:12,24050,PE,BUY PE,39.3,24123.70,99.10,24086.0,24143.0,9.0,,0.00,0.00,,0.0,0.00,0.00,0,BUY PE,BUY PE,NO TRADE
EXIT,2026-06-18,09:47:12,24100,PE,BUY PE,39.5,24125.60,128.15,24088.0,24145.0,9.0,09:56:12,24128.45,119.60,TIMEOUT,9.0,-0.01,-6.67,-556,BUY PE,BUY PE,BUY PE
EXIT,2026-06-18,09:53:12,24050,PE,BUY PE,39.3,24123.70,99.10,24086.0,24143.0,9.0,10:02:12,24116.75,99.45,TIMEOUT,9.0,0.03,0.35,23,BUY PE,BUY PE,NO TRADE
OPEN,2026-06-18,14:30:12,24050,PE,BUY PE,35.4,24084.25,101.80,24053.0,24100.0,9.0,,0.00,0.00,,0.0,0.00,0.00,0,NO TRADE,BUY PE,NO TRADE
EXIT,2026-06-18,14:30:12,24050,PE,BUY PE,35.4,24084.25,101.80,24053.0,24100.0,9.0,14:37:12,24111.30,101.00,SL,7.0,-0.11,-0.79,-52,NO TRADE,BUY PE,NO TRADE
OPEN,2026-06-18,14:38:12,24050,PE,BUY PE,38.0,24096.45,101.00,24064.0,24112.0,9.0,,0.00,0.00,,0.0,0.00,0.00,0,BUY PE,BUY PE,NO TRADE
EXIT,2026-06-18,14:38:12,24050,PE,BUY PE,38.0,24096.45,101.00,24064.0,24112.0,9.0,14:47:12,24092.10,97.95,TIMEOUT,9.0,0.02,-3.02,-198,BUY PE,BUY PE,NO TRADE
OPEN,2026-06-18,14:50:12,24050,PE,BUY PE,36.5,24083.60,96.25,24052.0,24100.0,9.0,,0.00,0.00,,0.0,0.00,0.00,0,BUY PE,BUY PE,BUY PE
EXIT,2026-06-18,14:50:12,24050,PE,BUY PE,36.5,24083.60,96.25,24052.0,24100.0,9.0,14:52:12,24100.35,95.15,SL,2.0,-0.07,-1.14,-71,BUY PE,BUY PE,BUY PE
OPEN,2026-06-18,14:53:12,24050,PE,BUY PE,35.5,24101.85,95.15,24069.0,24118.0,9.0,,0.00,0.00,,0.0,0.00,0.00,0,NO TRADE,BUY PE,BUY CE
EXIT,2026-06-18,14:53:12,24050,PE,BUY PE,35.5,24101.85,95.15,24069.0,24118.0,9.0,15:00:12,24113.70,90.55,FLIP,7.0,-0.05,-4.83,-299,NO TRADE,BUY PE,BUY CE
OPEN,2026-06-18,15:00:12,24100,CE,BUY CE,50.9,24112.15,119.00,24147.0,24095.0,29.0,,0.00,0.00,,0.0,0.00,0.00,0,BUY CE,BUY CE,NO TRADE
OPEN,2026-06-18,15:01:12,24150,CE,BUY CE,51.1,24134.70,95.20,24170.0,24117.0,28.0,,0.00,0.00,,0.0,0.00,0.00,0,BUY CE,BUY CE,BUY CE
EXIT,2026-06-18,15:00:12,24100,CE,BUY CE,50.9,24112.15,119.00,24147.0,24095.0,29.0,15:05:12,24150.40,134.70,TARGET,5.0,0.16,13.19,1020,BUY CE,BUY CE,NO TRADE
EXIT,2026-06-18,15:01:12,24150,CE,BUY CE,51.1,24134.70,95.20,24170.0,24117.0,28.0,15:07:12,24170.55,119.75,TARGET,6.0,0.15,25.79,1596,BUY CE,BUY CE,BUY CE
OPEN,2026-06-18,15:08:12,24150,PE,BUY PE,48.1,24171.95,104.10,24133.0,24191.0,9.0,,0.00,0.00,,0.0,0.00,0.00,0,BUY PE,BUY CE,BUY CE
OPEN,2026-06-18,15:09:12,24200,PE,BUY PE,47.6,24175.40,119.70,24136.0,24195.0,9.0,,0.00,0.00,,0.0,0.00,0.00,0,BUY PE,BUY CE,BUY CE
OPEN,2026-06-18,15:12:12,24100,PE,BUY PE,43.2,24166.30,77.65,24128.0,24185.0,9.0,,0.00,0.00,,0.0,0.00,0.00,0,BUY PE,BUY CE,NO TRADE
EXIT,2026-06-18,15:08:12,24150,PE,BUY PE,48.1,24171.95,104.10,24133.0,24191.0,9.0,15:13:12,24166.30,98.60,FLIP,5.0,0.02,-5.28,-358,BUY PE,BUY CE,BUY CE
EXIT,2026-06-18,15:09:12,24200,PE,BUY PE,47.6,24175.40,119.70,24136.0,24195.0,9.0,15:13:12,24166.30,123.25,FLIP,4.0,0.04,2.97,231,BUY PE,BUY CE,BUY CE
EXIT,2026-06-18,15:12:12,24100,PE,BUY PE,43.2,24166.30,77.65,24128.0,24185.0,9.0,15:13:12,24166.30,77.65,FLIP,1.0,0.00,0.00,0,BUY PE,BUY CE,NO TRADE
OPEN,2026-06-18,15:13:12,24150,CE,BUY CE,53.5,24167.55,131.30,24208.0,24148.0,16.0,,0.00,0.00,,0.0,0.00,0.00,0,BUY CE,BUY CE,NO TRADE
OPEN,2026-06-18,15:14:12,24200,CE,BUY CE,52.2,24176.25,103.95,24216.0,24156.0,15.0,,0.00,0.00,,0.0,0.00,0.00,0,BUY CE,BUY CE,NO TRADE
EXIT,2026-06-18,15:14:12,24200,CE,BUY CE,52.2,24176.25,103.95,24216.0,24156.0,15.0,15:29:12,24177.10,107.35,TIMEOUT,15.0,0.00,3.27,221,BUY CE,BUY CE,NO TRADE
EXIT,2026-06-18,15:13:12,24150,CE,BUY CE,53.5,24167.55,131.30,24208.0,24148.0,16.0,15:29:12,24177.10,133.25,TIMEOUT,16.0,0.04,1.49,127,BUY CE,BUY CE,NO TRADE
OPEN,2026-06-18,15:30:12,24200,CE,BUY CE,54.3,24179.30,107.35,24216.0,24161.0,25.0,,0.00,0.00,,0.0,0.00,0.00,0,BUY CE,BUY CE,BUY CE
EXIT,2026-06-18,15:30:12,24200,CE,BUY CE,54.3,24179.30,107.35,24216.0,24161.0,25.0,15:30:12,24179.30,107.35,EOD,0.0,0.00,0.00,0,BUY CE,BUY CE,BUY CE
OPEN,2026-06-19,09:08:12,24050,CE,BUY CE,42.0,23991.20,197.35,24055.0,23959.0,18.0,,0.00,0.00,,0.0,0.00,0.00,0,BUY CE,BUY CE,BUY PE
EXIT,2026-06-19,09:08:12,24050,CE,BUY CE,42.0,23991.20,197.35,24055.0,23959.0,18.0,09:16:12,23991.20,197.35,FLIP,8.0,0.00,0.00,0,BUY CE,BUY CE,BUY PE
OPEN,2026-06-19,09:16:12,23950,PE,BUY PE,46.3,23941.75,36.30,23875.0,23975.0,9.0,,0.00,0.00,,0.0,0.00,0.00,0,BUY CE,BUY PE,NO TRADE
OPEN,2026-06-19,09:23:12,23900,PE,BUY PE,44.7,23972.30,79.05,23909.0,24004.0,9.0,,0.00,0.00,,0.0,0.00,0.00,0,BUY CE,BUY PE,BUY PE
EXIT,2026-06-19,09:16:12,23950,PE,BUY PE,46.3,23941.75,36.30,23875.0,23975.0,9.0,09:25:12,23957.85,108.10,TIMEOUT,9.0,-0.07,197.80,4667,BUY CE,BUY PE,NO TRADE
OPEN,2026-06-19,09:29:12,23950,PE,BUY PE,45.1,23957.05,115.70,23895.0,23988.0,9.0,,0.00,0.00,,0.0,0.00,0.00,0,BUY CE,BUY PE,BUY PE
EXIT,2026-06-19,09:23:12,23900,PE,BUY PE,44.7,23972.30,79.05,23909.0,24004.0,9.0,09:32:12,23943.95,101.75,TIMEOUT,9.0,0.12,28.72,1476,BUY CE,BUY PE,BUY PE
OPEN,2026-06-19,09:34:12,23900,PE,BUY PE,40.8,23950.55,96.35,23890.0,23981.0,9.0,,0.00,0.00,,0.0,0.00,0.00,0,BUY PE,BUY PE,NO TRADE
EXIT,2026-06-19,09:29:12,23950,PE,BUY PE,45.1,23957.05,115.70,23895.0,23988.0,9.0,09:39:12,23960.55,122.45,TIMEOUT,10.0,-0.01,5.83,439,BUY CE,BUY PE,BUY PE
OPEN,2026-06-19,09:41:12,23950,PE,BUY PE,39.6,23978.80,118.05,23923.0,24007.0,9.0,,0.00,0.00,,0.0,0.00,0.00,0,BUY PE,BUY PE,NO TRADE
EXIT,2026-06-19,09:34:12,23900,PE,BUY PE,40.8,23950.55,96.35,23890.0,23981.0,9.0,09:43:12,23974.00,86.00,TIMEOUT,9.0,-0.10,-10.74,-673,BUY PE,BUY PE,NO TRADE
OPEN,2026-06-19,09:46:12,23900,PE,BUY PE,38.2,23962.80,88.30,23908.0,23990.0,9.0,,0.00,0.00,,0.0,0.00,0.00,0,BUY PE,BUY PE,BUY CE
EXIT,2026-06-19,09:41:12,23950,PE,BUY PE,39.6,23978.80,118.05,23923.0,24007.0,9.0,09:51:12,23969.25,108.85,TIMEOUT,10.0,0.04,-7.79,-598,BUY PE,BUY PE,NO TRADE
EXIT,2026-06-19,09:46:12,23900,PE,BUY PE,38.2,23962.80,88.30,23908.0,23990.0,9.0,09:55:12,23986.20,86.55,TIMEOUT,9.0,-0.10,-1.98,-114,BUY PE,BUY PE,BUY CE
OPEN,2026-06-19,14:24:12,24000,CE,BUY CE,36.9,23964.10,108.45,23999.0,23947.0,18.0,,0.00,0.00,,0.0,0.00,0.00,0,BUY PE,BUY CE,NO TRADE
EXIT,2026-06-19,14:24:12,24000,CE,BUY CE,36.9,23964.10,108.45,23999.0,23947.0,18.0,14:27:12,23966.35,106.85,FLIP,3.0,0.01,-1.48,-104,BUY PE,BUY CE,NO TRADE
OPEN,2026-06-19,14:27:12,23900,PE,BUY PE,35.8,23963.80,72.05,23929.0,23981.0,9.0,,0.00,0.00,,0.0,0.00,0.00,0,BUY PE,BUY PE,BUY PE
EXIT,2026-06-19,14:27:12,23900,PE,BUY PE,35.8,23963.80,72.05,23929.0,23981.0,9.0,14:32:12,23961.60,70.25,FLIP,5.0,0.01,-2.50,-117,BUY PE,BUY PE,BUY PE
OPEN,2026-06-19,14:32:12,24000,CE,BUY CE,35.2,23967.40,111.35,24001.0,23950.0,18.0,,0.00,0.00,,0.0,0.00,0.00,0,NO TRADE,BUY CE,NO TRADE
OPEN,2026-06-19,14:38:12,24050,CE,BUY CE,35.6,23987.55,96.95,24023.0,23970.0,18.0,,0.00,0.00,,0.0,0.00,0.00,0,BUY CE,BUY CE,NO TRADE
EXIT,2026-06-19,14:38:12,24050,CE,BUY CE,35.6,23987.55,96.95,24023.0,23970.0,18.0,14:44:12,23968.25,87.10,SL,6.0,-0.08,-10.16,-640,BUY CE,BUY CE,NO TRADE
OPEN,2026-06-19,14:48:12,24050,CE,BUY CE,36.5,23978.05,87.70,24012.0,23961.0,18.0,,0.00,0.00,,0.0,0.00,0.00,0,BUY CE,BUY CE,BUY PE
EXIT,2026-06-19,14:32:12,24000,CE,BUY CE,35.2,23967.40,111.35,24001.0,23950.0,18.0,14:50:12,23974.75,111.00,TIMEOUT,18.0,0.03,-0.31,-23,NO TRADE,BUY CE,NO TRADE
OPEN,2026-06-19,14:51:12,24000,CE,BUY CE,36.5,23967.45,114.35,24001.0,23950.0,18.0,,0.00,0.00,,0.0,0.00,0.00,0,BUY CE,BUY CE,BUY CE
EXIT,2026-06-19,14:51:12,24000,CE,BUY CE,36.5,23967.45,114.35,24001.0,23950.0,18.0,14:52:12,23967.45,114.35,FLIP,1.0,0.00,0.00,0,BUY CE,BUY CE,BUY CE
EXIT,2026-06-19,14:48:12,24050,CE,BUY CE,36.5,23978.05,87.70,24012.0,23961.0,18.0,14:52:12,23967.45,90.85,FLIP,4.0,-0.04,3.59,205,BUY CE,BUY CE,BUY PE
OPEN,2026-06-19,14:52:12,23900,PE,BUY PE,39.1,23946.85,63.60,23910.0,23965.0,9.0,,0.00,0.00,,0.0,0.00,0.00,0,BUY PE,BUY PE,BUY PE
OPEN,2026-06-19,14:55:12,23850,PE,BUY PE,42.1,23923.55,55.00,23885.0,23943.0,9.0,,0.00,0.00,,0.0,0.00,0.00,0,BUY PE,BUY PE,BUY PE
EXIT,2026-06-19,14:52:12,23900,PE,BUY PE,39.1,23946.85,63.60,23910.0,23965.0,9.0,14:56:12,23908.85,83.90,TARGET,4.0,0.16,31.92,1320,BUY PE,BUY PE,BUY PE
EXIT,2026-06-19,14:55:12,23850,PE,BUY PE,42.1,23923.55,55.00,23885.0,23943.0,9.0,15:01:12,23912.10,72.85,FLIP,6.0,0.05,32.45,1160,BUY PE,BUY PE,BUY PE
OPEN,2026-06-19,15:01:12,24000,CE,BUY CE,43.9,23959.30,96.70,24004.0,23937.0,18.0,,0.00,0.00,,0.0,0.00,0.00,0,BUY CE,BUY PE,BUY CE
OPEN,2026-06-19,15:04:12,24050,CE,BUY CE,44.5,23998.10,94.95,24048.0,23973.0,18.0,,0.00,0.00,,0.0,0.00,0.00,0,BUY CE,BUY CE,BUY PE
EXIT,2026-06-19,15:01:12,24000,CE,BUY CE,43.9,23959.30,96.70,24004.0,23937.0,18.0,15:05:12,24012.70,121.40,TARGET,4.0,0.22,25.54,1606,BUY CE,BUY PE,BUY CE
EXIT,2026-06-19,15:04:12,24050,CE,BUY CE,44.5,23998.10,94.95,24048.0,23973.0,18.0,15:06:12,24012.70,94.95,FLIP,2.0,0.06,0.00,0,BUY CE,BUY CE,BUY PE
OPEN,2026-06-19,15:06:12,24000,PE,BUY PE,45.3,24008.95,85.55,23959.0,24034.0,9.0,,0.00,0.00,,0.0,0.00,0.00,0,BUY PE,BUY CE,BUY PE
OPEN,2026-06-19,15:07:12,23950,PE,BUY PE,44.6,24019.85,63.25,23971.0,24044.0,9.0,,0.00,0.00,,0.0,0.00,0.00,0,BUY PE,BUY CE,BUY PE
EXIT,2026-06-19,15:06:12,24000,PE,BUY PE,45.3,24008.95,85.55,23959.0,24034.0,9.0,15:08:12,24019.85,83.60,FLIP,2.0,-0.05,-2.28,-127,BUY PE,BUY CE,BUY PE
EXIT,2026-06-19,15:07:12,23950,PE,BUY PE,44.6,24019.85,63.25,23971.0,24044.0,9.0,15:08:12,24019.85,63.25,FLIP,1.0,0.00,0.00,0,BUY PE,BUY CE,BUY PE
OPEN,2026-06-19,15:08:12,24050,CE,BUY CE,44.7,24018.20,95.65,24069.0,23993.0,18.0,,0.00,0.00,,0.0,0.00,0.00,0,BUY PE,BUY CE,BUY PE
EXIT,2026-06-19,15:08:12,24050,CE,BUY CE,44.7,24018.20,95.65,24069.0,23993.0,18.0,15:10:12,24025.45,95.65,FLIP,2.0,0.03,0.00,0,BUY PE,BUY CE,BUY PE
OPEN,2026-06-19,15:10:12,24050,PE,BUY PE,50.4,24027.25,104.90,23976.0,24053.0,9.0,,0.00,0.00,,0.0,0.00,0.00,0,BUY PE,BUY CE,BUY PE
EXIT,2026-06-19,15:10:12,24050,PE,BUY PE,50.4,24027.25,104.90,23976.0,24053.0,9.0,15:16:12,24026.45,99.15,FLIP,6.0,0.00,-5.48,-374,BUY PE,BUY CE,BUY PE
OPEN,2026-06-19,15:16:12,24000,CE,BUY CE,45.0,24014.50,121.00,24063.0,23991.0,13.0,,0.00,0.00,,0.0,0.00,0.00,0,BUY PE,BUY CE,BUY PE
OPEN,2026-06-19,15:19:12,24050,CE,BUY CE,47.2,24026.75,93.90,24075.0,24003.0,10.0,,0.00,0.00,,0.0,0.00,0.00,0,BUY PE,BUY CE,BUY PE
EXIT,2026-06-19,15:16:12,24000,CE,BUY CE,45.0,24014.50,121.00,24063.0,23991.0,13.0,15:30:12,24042.70,122.35,EOD,14.0,0.12,1.12,88,BUY PE,BUY CE,BUY PE
EXIT,2026-06-19,15:19:12,24050,CE,BUY CE,47.2,24026.75,93.90,24075.0,24003.0,10.0,15:30:12,24042.70,95.90,EOD,11.0,0.07,2.13,130,BUY PE,BUY CE,BUY PE
OPEN,2026-06-20,09:00:12,23950,PE,BUY PE,39.5,24013.10,53.70,23962.0,24039.0,9.0,,0.00,0.00,,0.0,0.00,0.00,0,BUY PE,BUY PE,BUY PE
EXIT,2026-06-20,09:00:12,23950,PE,BUY PE,39.5,24013.10,53.70,23962.0,24039.0,9.0,09:10:12,24013.10,53.70,TIMEOUT,10.0,0.00,0.00,0,BUY PE,BUY PE,BUY PE
OPEN,2026-06-20,09:11:12,23950,PE,BUY PE,39.5,24013.10,53.70,23962.0,24039.0,9.0,,0.00,0.00,,0.0,0.00,0.00,0,BUY PE,BUY PE,BUY PE
EXIT,2026-06-20,09:11:12,23950,PE,BUY PE,39.5,24013.10,53.70,23962.0,24039.0,9.0,09:20:12,24013.10,53.70,TIMEOUT,9.0,0.00,0.00,0,BUY PE,BUY PE,BUY PE
OPEN,2026-06-20,09:21:12,23950,PE,BUY PE,38.9,24013.10,53.70,23962.0,24039.0,9.0,,0.00,0.00,,0.0,0.00,0.00,0,BUY PE,BUY PE,BUY PE
EXIT,2026-06-20,09:21:12,23950,PE,BUY PE,38.9,24013.10,53.70,23962.0,24039.0,9.0,09:30:12,24013.10,53.70,TIMEOUT,9.0,0.00,0.00,0,BUY PE,BUY PE,BUY PE
OPEN,2026-06-20,09:31:12,23950,PE,BUY PE,38.5,24013.10,53.70,23962.0,24039.0,9.0,,0.00,0.00,,0.0,0.00,0.00,0,BUY PE,BUY PE,BUY PE
EXIT,2026-06-20,09:31:12,23950,PE,BUY PE,38.5,24013.10,53.70,23962.0,24039.0,9.0,09:40:12,24013.10,53.70,TIMEOUT,9.0,0.00,0.00,0,BUY PE,BUY PE,BUY PE
OPEN,2026-06-20,09:41:12,23950,PE,BUY PE,37.1,24013.10,53.70,23962.0,24039.0,9.0,,0.00,0.00,,0.0,0.00,0.00,0,BUY PE,BUY PE,BUY PE
EXIT,2026-06-20,09:41:12,23950,PE,BUY PE,37.1,24013.10,53.70,23962.0,24039.0,9.0,09:50:12,24013.10,53.70,TIMEOUT,9.0,0.00,0.00,0,BUY PE,BUY PE,BUY PE
OPEN,2026-06-20,09:51:12,23950,PE,BUY PE,36.0,24013.10,53.70,23962.0,24039.0,9.0,,0.00,0.00,,0.0,0.00,0.00,0,BUY PE,NO TRADE,NO TRADE
EXIT,2026-06-20,09:51:12,23950,PE,BUY PE,36.0,24013.10,53.70,23962.0,24039.0,9.0,10:00:12,24013.10,53.70,TIMEOUT,9.0,0.00,0.00,0,BUY PE,NO TRADE,NO TRADE
OPEN,2026-06-20,11:17:12,23950,PE,BUY PE,35.1,24013.10,53.70,23962.0,24039.0,9.0,,0.00,0.00,,0.0,0.00,0.00,0,BUY PE,NO TRADE,NO TRADE
EXIT,2026-06-20,11:17:12,23950,PE,BUY PE,35.1,24013.10,53.70,23962.0,24039.0,9.0,11:27:12,24013.10,53.70,TIMEOUT,10.0,0.00,0.00,0,BUY PE,NO TRADE,NO TRADE
OPEN,2026-06-20,11:28:12,23950,PE,BUY PE,35.5,24013.10,53.70,23962.0,24039.0,9.0,,0.00,0.00,,0.0,0.00,0.00,0,BUY PE,NO TRADE,NO TRADE
EXIT,2026-06-20,11:28:12,23950,PE,BUY PE,35.5,24013.10,53.70,23962.0,24039.0,9.0,11:37:12,24013.10,53.70,TIMEOUT,9.0,0.00,0.00,0,BUY PE,NO TRADE,NO TRADE
OPEN,2026-06-20,11:38:12,23950,PE,BUY PE,35.5,24013.10,53.70,23962.0,24039.0,9.0,,0.00,0.00,,0.0,0.00,0.00,0,BUY PE,NO TRADE,NO TRADE
EXIT,2026-06-20,11:38:12,23950,PE,BUY PE,35.5,24013.10,53.70,23962.0,24039.0,9.0,11:48:12,24013.10,53.70,TIMEOUT,10.0,0.00,0.00,0,BUY PE,NO TRADE,NO TRADE
OPEN,2026-06-20,11:49:12,23950,PE,BUY PE,35.9,24013.10,53.70,23962.0,24039.0,9.0,,0.00,0.00,,0.0,0.00,0.00,0,BUY PE,NO TRADE,NO TRADE
EXIT,2026-06-20,11:49:12,23950,PE,BUY PE,35.9,24013.10,53.70,23962.0,24039.0,9.0,11:59:12,24013.10,53.70,TIMEOUT,10.0,0.00,0.00,0,BUY PE,NO TRADE,NO TRADE
OPEN,2026-06-20,12:00:12,23950,PE,BUY PE,35.9,24013.10,53.70,23962.0,24039.0,9.0,,0.00,0.00,,0.0,0.00,0.00,0,BUY PE,NO TRADE,NO TRADE
EXIT,2026-06-20,12:00:12,23950,PE,BUY PE,35.9,24013.10,53.70,23962.0,24039.0,9.0,12:09:12,24013.10,53.70,TIMEOUT,9.0,0.00,0.00,0,BUY PE,NO TRADE,NO TRADE
OPEN,2026-06-20,12:10:12,23950,PE,BUY PE,36.4,24013.10,53.70,23962.0,24039.0,9.0,,0.00,0.00,,0.0,0.00,0.00,0,BUY PE,NO TRADE,NO TRADE
EXIT,2026-06-20,12:10:12,23950,PE,BUY PE,36.4,24013.10,53.70,23962.0,24039.0,9.0,12:20:12,24013.10,53.70,TIMEOUT,10.0,0.00,0.00,0,BUY PE,NO TRADE,NO TRADE
OPEN,2026-06-20,12:21:12,23950,PE,BUY PE,36.6,24013.10,53.70,23962.0,24039.0,9.0,,0.00,0.00,,0.0,0.00,0.00,0,BUY PE,NO TRADE,NO TRADE
EXIT,2026-06-20,12:21:12,23950,PE,BUY PE,36.6,24013.10,53.70,23962.0,24039.0,9.0,12:30:12,24013.10,53.70,TIMEOUT,9.0,0.00,0.00,0,BUY PE,NO TRADE,NO TRADE
OPEN,2026-06-20,12:31:12,23950,PE,BUY PE,37.7,24013.10,53.70,23962.0,24039.0,9.0,,0.00,0.00,,0.0,0.00,0.00,0,BUY PE,NO TRADE,BUY PE
EXIT,2026-06-20,12:31:12,23950,PE,BUY PE,37.7,24013.10,53.70,23962.0,24039.0,9.0,12:40:12,24013.10,53.70,TIMEOUT,9.0,0.00,0.00,0,BUY PE,NO TRADE,BUY PE
OPEN,2026-06-20,12:41:12,23950,PE,BUY PE,38.3,24013.10,53.70,23962.0,24039.0,9.0,,0.00,0.00,,0.0,0.00,0.00,0,BUY PE,BUY PE,NO TRADE
EXIT,2026-06-20,12:41:12,23950,PE,BUY PE,38.3,24013.10,53.70,23962.0,24039.0,9.0,12:50:12,24013.10,53.70,TIMEOUT,9.0,0.00,0.00,0,BUY PE,BUY PE,NO TRADE
OPEN,2026-06-20,12:51:12,23950,PE,BUY PE,38.2,24013.10,53.70,23962.0,24039.0,9.0,,0.00,0.00,,0.0,0.00,0.00,0,BUY PE,BUY PE,BUY PE
EXIT,2026-06-20,12:51:12,23950,PE,BUY PE,38.2,24013.10,53.70,23962.0,24039.0,9.0,13:01:12,24013.10,53.70,TIMEOUT,10.0,0.00,0.00,0,BUY PE,BUY PE,BUY PE
OPEN,2026-06-20,13:02:12,23950,PE,BUY PE,38.0,24013.10,53.70,23962.0,24039.0,9.0,,0.00,0.00,,0.0,0.00,0.00,0,BUY PE,BUY PE,BUY PE
EXIT,2026-06-20,13:02:12,23950,PE,BUY PE,38.0,24013.10,53.70,23962.0,24039.0,9.0,13:12:12,24013.10,53.70,TIMEOUT,10.0,0.00,0.00,0,BUY PE,BUY PE,BUY PE
OPEN,2026-06-20,13:13:12,23950,PE,BUY PE,38.8,24013.10,53.70,23962.0,24039.0,9.0,,0.00,0.00,,0.0,0.00,0.00,0,BUY PE,BUY PE,NO TRADE
EXIT,2026-06-20,13:13:12,23950,PE,BUY PE,38.8,24013.10,53.70,23962.0,24039.0,9.0,13:23:12,24013.10,53.70,TIMEOUT,10.0,0.00,0.00,0,BUY PE,BUY PE,NO TRADE
OPEN,2026-06-20,13:24:12,23950,PE,BUY PE,38.4,24013.10,53.70,23962.0,24039.0,9.0,,0.00,0.00,,0.0,0.00,0.00,0,BUY PE,BUY PE,BUY PE
EXIT,2026-06-20,13:24:12,23950,PE,BUY PE,38.4,24013.10,53.70,23962.0,24039.0,9.0,13:33:12,24013.10,53.70,TIMEOUT,9.0,0.00,0.00,0,BUY PE,BUY PE,BUY PE
OPEN,2026-06-20,13:34:12,23950,PE,BUY PE,38.1,24013.10,53.70,23962.0,24039.0,9.0,,0.00,0.00,,0.0,0.00,0.00,0,BUY PE,BUY PE,BUY PE
EXIT,2026-06-20,13:34:12,23950,PE,BUY PE,38.1,24013.10,53.70,23962.0,24039.0,9.0,13:44:12,24013.10,53.70,TIMEOUT,10.0,0.00,0.00,0,BUY PE,BUY PE,BUY PE
OPEN,2026-06-20,13:45:12,23950,PE,BUY PE,37.9,24013.10,53.70,23962.0,24039.0,9.0,,0.00,0.00,,0.0,0.00,0.00,0,BUY PE,BUY CE,BUY PE
EXIT,2026-06-20,13:45:12,23950,PE,BUY PE,37.9,24013.10,53.70,23962.0,24039.0,9.0,13:55:12,24013.10,53.70,TIMEOUT,10.0,0.00,0.00,0,BUY PE,BUY CE,BUY PE
OPEN,2026-06-20,13:56:12,23950,PE,BUY PE,38.3,24013.10,53.70,23962.0,24039.0,9.0,,0.00,0.00,,0.0,0.00,0.00,0,BUY PE,BUY PE,BUY PE
EXIT,2026-06-20,13:56:12,23950,PE,BUY PE,38.3,24013.10,53.70,23962.0,24039.0,9.0,14:06:12,24013.10,53.70,TIMEOUT,10.0,0.00,0.00,0,BUY PE,BUY PE,BUY PE
OPEN,2026-06-20,14:07:12,23950,PE,BUY PE,38.3,24013.10,53.70,23962.0,24039.0,9.0,,0.00,0.00,,0.0,0.00,0.00,0,BUY PE,BUY PE,BUY PE
EXIT,2026-06-20,14:07:12,23950,PE,BUY PE,38.3,24013.10,53.70,23962.0,24039.0,9.0,14:16:12,24013.10,53.70,TIMEOUT,9.0,0.00,0.00,0,BUY PE,BUY PE,BUY PE
OPEN,2026-06-20,14:17:12,23950,PE,BUY PE,38.3,24013.10,53.70,23962.0,24039.0,9.0,,0.00,0.00,,0.0,0.00,0.00,0,BUY PE,BUY PE,BUY PE
EXIT,2026-06-20,14:17:12,23950,PE,BUY PE,38.3,24013.10,53.70,23962.0,24039.0,9.0,14:26:12,24013.10,53.70,TIMEOUT,9.0,0.00,0.00,0,BUY PE,BUY PE,BUY PE
OPEN,2026-06-20,14:27:12,23950,PE,BUY PE,38.3,24013.10,53.70,23962.0,24039.0,9.0,,0.00,0.00,,0.0,0.00,0.00,0,BUY PE,BUY PE,BUY PE
EXIT,2026-06-20,14:27:12,23950,PE,BUY PE,38.3,24013.10,53.70,23962.0,24039.0,9.0,14:36:12,24013.10,53.70,TIMEOUT,9.0,0.00,0.00,0,BUY PE,BUY PE,BUY PE
OPEN,2026-06-20,14:37:12,23950,PE,BUY PE,38.5,24013.10,53.70,23962.0,24039.0,9.0,,0.00,0.00,,0.0,0.00,0.00,0,BUY PE,BUY CE,BUY PE
EXIT,2026-06-20,14:37:12,23950,PE,BUY PE,38.5,24013.10,53.70,23962.0,24039.0,9.0,14:47:12,24013.10,53.70,TIMEOUT,10.0,0.00,0.00,0,BUY PE,BUY CE,BUY PE
OPEN,2026-06-20,14:48:12,23950,PE,BUY PE,38.6,24013.10,53.70,23962.0,24039.0,9.0,,0.00,0.00,,0.0,0.00,0.00,0,BUY PE,BUY CE,BUY PE
EXIT,2026-06-20,14:48:12,23950,PE,BUY PE,38.6,24013.10,53.70,23962.0,24039.0,9.0,14:58:12,24013.10,53.70,TIMEOUT,10.0,0.00,0.00,0,BUY PE,BUY CE,BUY PE
OPEN,2026-06-20,14:59:12,23950,PE,BUY PE,38.6,24013.10,53.70,23962.0,24039.0,9.0,,0.00,0.00,,0.0,0.00,0.00,0,BUY PE,BUY PE,BUY PE
EXIT,2026-06-20,14:59:12,23950,PE,BUY PE,38.6,24013.10,53.70,23962.0,24039.0,9.0,15:00:12,24013.10,53.70,FLIP,1.0,0.00,0.00,0,BUY PE,BUY PE,BUY PE
OPEN,2026-06-20,15:00:12,24000,CE,BUY CE,48.5,24013.10,120.00,24064.0,23988.0,29.0,,0.00,0.00,,0.0,0.00,0.00,0,BUY CE,BUY CE,BUY PE
EXIT,2026-06-20,15:00:12,24000,CE,BUY CE,48.5,24013.10,120.00,24064.0,23988.0,29.0,15:30:12,24013.10,120.00,EOD,30.0,0.00,0.00,0,BUY CE,BUY CE,BUY PE
OPEN,2026-06-21,09:00:12,23950,PE,BUY PE,39.5,24013.10,53.70,23962.0,24039.0,9.0,,0.00,0.00,,0.0,0.00,0.00,0,BUY PE,BUY PE,BUY PE
EXIT,2026-06-21,09:00:12,23950,PE,BUY PE,39.5,24013.10,53.70,23962.0,24039.0,9.0,09:09:12,24013.10,53.70,TIMEOUT,9.0,0.00,0.00,0,BUY PE,BUY PE,BUY PE
OPEN,2026-06-21,09:10:12,23950,PE,BUY PE,39.5,24013.10,53.70,23962.0,24039.0,9.0,,0.00,0.00,,0.0,0.00,0.00,0,BUY PE,BUY PE,BUY PE
EXIT,2026-06-21,09:10:12,23950,PE,BUY PE,39.5,24013.10,53.70,23962.0,24039.0,9.0,09:19:12,24013.10,53.70,TIMEOUT,9.0,0.00,0.00,0,BUY PE,BUY PE,BUY PE
OPEN,2026-06-21,09:20:12,23950,PE,BUY PE,39.0,24013.10,53.70,23962.0,24039.0,9.0,,0.00,0.00,,0.0,0.00,0.00,0,BUY PE,BUY PE,BUY PE
EXIT,2026-06-21,09:20:12,23950,PE,BUY PE,39.0,24013.10,53.70,23962.0,24039.0,9.0,09:30:12,24013.10,53.70,TIMEOUT,10.0,0.00,0.00,0,BUY PE,BUY PE,BUY PE
OPEN,2026-06-21,09:31:12,23950,PE,BUY PE,38.5,24013.10,53.70,23962.0,24039.0,9.0,,0.00,0.00,,0.0,0.00,0.00,0,BUY PE,BUY PE,BUY PE
EXIT,2026-06-21,09:31:12,23950,PE,BUY PE,38.5,24013.10,53.70,23962.0,24039.0,9.0,09:40:12,24013.10,53.70,TIMEOUT,9.0,0.00,0.00,0,BUY PE,BUY PE,BUY PE
OPEN,2026-06-21,09:41:12,23950,PE,BUY PE,37.1,24013.10,53.70,23962.0,24039.0,9.0,,0.00,0.00,,0.0,0.00,0.00,0,BUY PE,BUY PE,BUY PE
EXIT,2026-06-21,09:41:12,23950,PE,BUY PE,37.1,24013.10,53.70,23962.0,24039.0,9.0,09:50:12,24013.10,53.70,TIMEOUT,9.0,0.00,0.00,0,BUY PE,BUY PE,BUY PE
OPEN,2026-06-21,09:51:12,23950,PE,BUY PE,36.0,24013.10,53.70,23962.0,24039.0,9.0,,0.00,0.00,,0.0,0.00,0.00,0,BUY PE,NO TRADE,NO TRADE
EXIT,2026-06-21,09:51:12,23950,PE,BUY PE,36.0,24013.10,53.70,23962.0,24039.0,9.0,10:00:12,24013.10,53.70,TIMEOUT,9.0,0.00,0.00,0,BUY PE,NO TRADE,NO TRADE
OPEN,2026-06-21,11:17:12,23950,PE,BUY PE,35.1,24013.10,53.70,23962.0,24039.0,9.0,,0.00,0.00,,0.0,0.00,0.00,0,BUY PE,NO TRADE,BUY PE
EXIT,2026-06-21,11:17:12,23950,PE,BUY PE,35.1,24013.10,53.70,23962.0,24039.0,9.0,11:26:12,24013.10,53.70,TIMEOUT,9.0,0.00,0.00,0,BUY PE,NO TRADE,BUY PE
OPEN,2026-06-21,11:27:12,23950,PE,BUY PE,35.5,24013.10,53.70,23962.0,24039.0,9.0,,0.00,0.00,,0.0,0.00,0.00,0,BUY PE,NO TRADE,BUY PE
EXIT,2026-06-21,11:27:12,23950,PE,BUY PE,35.5,24013.10,53.70,23962.0,24039.0,9.0,11:36:12,24013.10,53.70,TIMEOUT,9.0,0.00,0.00,0,BUY PE,NO TRADE,BUY PE
OPEN,2026-06-21,11:37:12,23950,PE,BUY PE,35.5,24013.10,53.70,23962.0,24039.0,9.0,,0.00,0.00,,0.0,0.00,0.00,0,BUY PE,NO TRADE,BUY PE
EXIT,2026-06-21,11:37:12,23950,PE,BUY PE,35.5,24013.10,53.70,23962.0,24039.0,9.0,11:46:12,24013.10,53.70,TIMEOUT,9.0,0.00,0.00,0,BUY PE,NO TRADE,BUY PE
OPEN,2026-06-21,11:47:12,23950,PE,BUY PE,35.7,24013.10,53.70,23962.0,24039.0,9.0,,0.00,0.00,,0.0,0.00,0.00,0,BUY PE,NO TRADE,BUY PE
EXIT,2026-06-21,11:47:12,23950,PE,BUY PE,35.7,24013.10,53.70,23962.0,24039.0,9.0,11:56:12,24013.10,53.70,TIMEOUT,9.0,0.00,0.00,0,BUY PE,NO TRADE,BUY PE
OPEN,2026-06-21,11:57:12,23950,PE,BUY PE,36.1,24013.10,53.70,23962.0,24039.0,9.0,,0.00,0.00,,0.0,0.00,0.00,0,BUY PE,NO TRADE,BUY PE
EXIT,2026-06-21,11:57:12,23950,PE,BUY PE,36.1,24013.10,53.70,23962.0,24039.0,9.0,12:07:12,24013.10,53.70,TIMEOUT,10.0,0.00,0.00,0,BUY PE,NO TRADE,BUY PE
OPEN,2026-06-21,12:08:12,23950,PE,BUY PE,36.0,24013.10,53.70,23962.0,24039.0,9.0,,0.00,0.00,,0.0,0.00,0.00,0,BUY PE,NO TRADE,BUY PE
EXIT,2026-06-21,12:08:12,23950,PE,BUY PE,36.0,24013.10,53.70,23962.0,24039.0,9.0,12:17:12,24013.10,53.70,TIMEOUT,9.0,0.00,0.00,0,BUY PE,NO TRADE,BUY PE
OPEN,2026-06-21,12:18:12,23950,PE,BUY PE,36.4,24013.10,53.70,23962.0,24039.0,9.0,,0.00,0.00,,0.0,0.00,0.00,0,BUY PE,NO TRADE,BUY PE
EXIT,2026-06-21,12:18:12,23950,PE,BUY PE,36.4,24013.10,53.70,23962.0,24039.0,9.0,12:27:12,24013.10,53.70,TIMEOUT,9.0,0.00,0.00,0,BUY PE,NO TRADE,BUY PE
OPEN,2026-06-21,12:28:12,23950,PE,BUY PE,37.1,24013.10,53.70,23962.0,24039.0,9.0,,0.00,0.00,,0.0,0.00,0.00,0,BUY PE,NO TRADE,BUY PE
EXIT,2026-06-21,12:28:12,23950,PE,BUY PE,37.1,24013.10,53.70,23962.0,24039.0,9.0,12:38:12,24013.10,53.70,TIMEOUT,10.0,0.00,0.00,0,BUY PE,NO TRADE,BUY PE
OPEN,2026-06-21,12:39:12,23950,PE,BUY PE,37.9,24013.10,53.70,23962.0,24039.0,9.0,,0.00,0.00,,0.0,0.00,0.00,0,BUY PE,NO TRADE,BUY PE
EXIT,2026-06-21,12:39:12,23950,PE,BUY PE,37.9,24013.10,53.70,23962.0,24039.0,9.0,12:49:12,24013.10,53.70,TIMEOUT,10.0,0.00,0.00,0,BUY PE,NO TRADE,BUY PE
OPEN,2026-06-21,12:50:12,23950,PE,BUY PE,38.2,24013.10,53.70,23962.0,24039.0,9.0,,0.00,0.00,,0.0,0.00,0.00,0,BUY PE,BUY PE,BUY PE
EXIT,2026-06-21,12:50:12,23950,PE,BUY PE,38.2,24013.10,53.70,23962.0,24039.0,9.0,12:59:12,24013.10,53.70,TIMEOUT,9.0,0.00,0.00,0,BUY PE,BUY PE,BUY PE
OPEN,2026-06-21,13:00:12,23950,PE,BUY PE,38.0,24013.10,53.70,23962.0,24039.0,9.0,,0.00,0.00,,0.0,0.00,0.00,0,BUY PE,BUY PE,BUY PE
EXIT,2026-06-21,13:00:12,23950,PE,BUY PE,38.0,24013.10,53.70,23962.0,24039.0,9.0,13:09:12,24013.10,53.70,TIMEOUT,9.0,0.00,0.00,0,BUY PE,BUY PE,BUY PE
OPEN,2026-06-21,13:10:12,23950,PE,BUY PE,38.7,24013.10,53.70,23962.0,24039.0,9.0,,0.00,0.00,,0.0,0.00,0.00,0,BUY PE,BUY PE,BUY PE
EXIT,2026-06-21,13:10:12,23950,PE,BUY PE,38.7,24013.10,53.70,23962.0,24039.0,9.0,13:20:12,24013.10,53.70,TIMEOUT,10.0,0.00,0.00,0,BUY PE,BUY PE,BUY PE
OPEN,2026-06-21,13:21:12,23950,PE,BUY PE,38.9,24013.10,53.70,23962.0,24039.0,9.0,,0.00,0.00,,0.0,0.00,0.00,0,BUY PE,BUY PE,BUY PE
EXIT,2026-06-21,13:21:12,23950,PE,BUY PE,38.9,24013.10,53.70,23962.0,24039.0,9.0,13:31:12,24013.10,53.70,TIMEOUT,10.0,0.00,0.00,0,BUY PE,BUY PE,BUY PE
OPEN,2026-06-21,13:32:12,23950,PE,BUY PE,38.0,24013.10,53.70,23962.0,24039.0,9.0,,0.00,0.00,,0.0,0.00,0.00,0,BUY PE,BUY PE,BUY PE
EXIT,2026-06-21,13:32:12,23950,PE,BUY PE,38.0,24013.10,53.70,23962.0,24039.0,9.0,13:41:12,24013.10,53.70,TIMEOUT,9.0,0.00,0.00,0,BUY PE,BUY PE,BUY PE
OPEN,2026-06-21,13:42:12,23950,PE,BUY PE,37.6,24013.10,53.70,23962.0,24039.0,9.0,,0.00,0.00,,0.0,0.00,0.00,0,BUY PE,BUY CE,BUY PE
EXIT,2026-06-21,13:42:12,23950,PE,BUY PE,37.6,24013.10,53.70,23962.0,24039.0,9.0,13:52:12,24013.10,53.70,TIMEOUT,10.0,0.00,0.00,0,BUY PE,BUY CE,BUY PE
OPEN,2026-06-21,13:53:12,23950,PE,BUY PE,38.0,24013.10,53.70,23962.0,24039.0,9.0,,0.00,0.00,,0.0,0.00,0.00,0,BUY PE,BUY CE,BUY PE
EXIT,2026-06-21,13:53:12,23950,PE,BUY PE,38.0,24013.10,53.70,23962.0,24039.0,9.0,14:02:12,24013.10,53.70,TIMEOUT,9.0,0.00,0.00,0,BUY PE,BUY CE,BUY PE
OPEN,2026-06-21,14:03:12,23950,PE,BUY PE,38.4,24013.10,53.70,23962.0,24039.0,9.0,,0.00,0.00,,0.0,0.00,0.00,0,BUY PE,BUY PE,BUY PE
EXIT,2026-06-21,14:03:12,23950,PE,BUY PE,38.4,24013.10,53.70,23962.0,24039.0,9.0,14:13:12,24013.10,53.70,TIMEOUT,10.0,0.00,0.00,0,BUY PE,BUY PE,BUY PE
OPEN,2026-06-21,14:14:12,23950,PE,BUY PE,38.3,24013.10,53.70,23962.0,24039.0,9.0,,0.00,0.00,,0.0,0.00,0.00,0,BUY PE,BUY PE,BUY PE
EXIT,2026-06-21,14:14:12,23950,PE,BUY PE,38.3,24013.10,53.70,23962.0,24039.0,9.0,14:24:12,24013.10,53.70,TIMEOUT,10.0,0.00,0.00,0,BUY PE,BUY PE,BUY PE
OPEN,2026-06-21,14:25:12,23950,PE,BUY PE,38.3,24013.10,53.70,23962.0,24039.0,9.0,,0.00,0.00,,0.0,0.00,0.00,0,BUY PE,BUY PE,BUY PE
EXIT,2026-06-21,14:25:12,23950,PE,BUY PE,38.3,24013.10,53.70,23962.0,24039.0,9.0,14:34:12,24013.10,53.70,TIMEOUT,9.0,0.00,0.00,0,BUY PE,BUY PE,BUY PE
OPEN,2026-06-21,14:35:12,23950,PE,BUY PE,38.7,24013.10,53.70,23962.0,24039.0,9.0,,0.00,0.00,,0.0,0.00,0.00,0,BUY PE,BUY CE,BUY PE
EXIT,2026-06-21,14:35:12,23950,PE,BUY PE,38.7,24013.10,53.70,23962.0,24039.0,9.0,14:45:12,24013.10,53.70,TIMEOUT,10.0,0.00,0.00,0,BUY PE,BUY CE,BUY PE
OPEN,2026-06-21,14:46:12,23950,PE,BUY PE,38.7,24013.10,53.70,23962.0,24039.0,9.0,,0.00,0.00,,0.0,0.00,0.00,0,BUY PE,BUY CE,BUY PE
EXIT,2026-06-21,14:46:12,23950,PE,BUY PE,38.7,24013.10,53.70,23962.0,24039.0,9.0,14:55:12,24013.10,53.70,TIMEOUT,9.0,0.00,0.00,0,BUY PE,BUY CE,BUY PE
OPEN,2026-06-21,14:56:12,23950,PE,BUY PE,38.6,24013.10,53.70,23962.0,24039.0,9.0,,0.00,0.00,,0.0,0.00,0.00,0,BUY PE,BUY PE,BUY PE
EXIT,2026-06-21,14:56:12,23950,PE,BUY PE,38.6,24013.10,53.70,23962.0,24039.0,9.0,15:00:12,24013.10,53.70,FLIP,4.0,0.00,0.00,0,BUY PE,BUY PE,BUY PE
OPEN,2026-06-21,15:00:12,24000,CE,BUY CE,48.5,24013.10,120.00,24064.0,23988.0,29.0,,0.00,0.00,,0.0,0.00,0.00,0,BUY CE,BUY CE,BUY PE
EXIT,2026-06-21,15:00:12,24000,CE,BUY CE,48.5,24013.10,120.00,24064.0,23988.0,29.0,15:30:12,24013.10,120.00,EOD,30.0,0.00,0.00,0,BUY CE,BUY CE,BUY PE
OPEN,2026-06-22,09:00:12,23950,PE,BUY PE,38.7,24013.10,53.70,23962.0,24039.0,9.0,,0.00,0.00,,0.0,0.00,0.00,0,BUY PE,BUY PE,BUY PE
OPEN,2026-06-22,09:08:12,24050,PE,BUY PE,36.4,24106.60,95.80,24052.0,24134.0,9.0,,0.00,0.00,,0.0,0.00,0.00,0,BUY CE,BUY PE,BUY PE
EXIT,2026-06-22,09:00:12,23950,PE,BUY PE,38.7,24013.10,53.70,23962.0,24039.0,9.0,09:08:12,24106.60,53.70,SL,8.0,-0.39,0.00,0,BUY PE,BUY PE,BUY PE
OPEN,2026-06-22,09:16:12,24100,PE,BUY PE,46.4,24099.35,0.00,24045.0,24126.0,9.0,,0.00,0.00,,0.0,0.00,0.00,0,BUY CE,BUY PE,NO TRADE
OPEN,2026-06-22,09:18:12,24150,PE,BUY PE,47.3,24132.70,109.45,24077.0,24161.0,9.0,,0.00,0.00,,0.0,0.00,0.00,0,BUY CE,BUY PE,NO TRADE
EXIT,2026-06-22,09:16:12,24100,PE,BUY PE,46.4,24099.35,0.00,24045.0,24126.0,9.0,09:18:12,24132.70,82.60,SL,2.0,-0.14,0.00,0,BUY CE,BUY PE,NO TRADE
EXIT,2026-06-22,09:08:12,24050,PE,BUY PE,36.4,24106.60,95.80,24052.0,24134.0,9.0,09:18:12,24132.70,60.50,TIMEOUT,10.0,-0.11,-36.85,-2294,BUY CE,BUY PE,BUY PE
OPEN,2026-06-22,09:20:12,24100,PE,BUY PE,46.7,24120.95,73.25,24066.0,24148.0,9.0,,0.00,0.00,,0.0,0.00,0.00,0,BUY CE,BUY PE,BUY PE
EXIT,2026-06-22,09:18:12,24150,PE,BUY PE,47.3,24132.70,109.45,24077.0,24161.0,9.0,09:27:12,24135.85,94.95,TIMEOUT,9.0,-0.01,-13.25,-942,BUY CE,BUY PE,NO TRADE
OPEN,2026-06-22,09:28:12,24150,PE,BUY PE,45.8,24127.65,95.10,24075.0,24154.0,9.0,,0.00,0.00,,0.0,0.00,0.00,0,BUY CE,BUY PE,NO TRADE
EXIT,2026-06-22,09:20:12,24100,PE,BUY PE,46.7,24120.95,73.25,24066.0,24148.0,9.0,09:30:12,24132.60,72.80,TIMEOUT,10.0,-0.05,-0.61,-29,BUY CE,BUY PE,BUY PE
OPEN,2026-06-22,09:32:12,24100,PE,BUY PE,45.0,24131.45,72.80,24080.0,24157.0,9.0,,0.00,0.00,,0.0,0.00,0.00,0,BUY CE,BUY PE,NO TRADE
OPEN,2026-06-22,09:37:12,24050,PE,BUY PE,41.2,24119.85,51.00,24070.0,24145.0,9.0,,0.00,0.00,,0.0,0.00,0.00,0,BUY PE,BUY PE,NO TRADE
EXIT,2026-06-22,09:28:12,24150,PE,BUY PE,45.8,24127.65,95.10,24075.0,24154.0,9.0,09:37:12,24119.85,94.55,TIMEOUT,9.0,0.03,-0.58,-36,BUY CE,BUY PE,NO TRADE
EXIT,2026-06-22,09:32:12,24100,PE,BUY PE,45.0,24131.45,72.80,24080.0,24157.0,9.0,09:42:12,24124.75,71.40,TIMEOUT,10.0,0.03,-1.92,-91,BUY CE,BUY PE,NO TRADE
EXIT,2026-06-22,09:37:12,24050,PE,BUY PE,41.2,24119.85,51.00,24070.0,24145.0,9.0,09:47:12,24112.40,54.20,TIMEOUT,10.0,0.03,6.27,208,BUY PE,BUY PE,NO TRADE
OPEN,2026-06-22,15:00:12,24150,CE,BUY CE,49.8,24138.75,60.00,24163.0,24127.0,29.0,,0.00,0.00,,0.0,0.00,0.00,0,BUY CE,BUY CE,NO TRADE
OPEN,2026-06-22,15:01:12,24100,CE,BUY CE,48.3,24119.65,87.00,24146.0,24107.0,28.0,,0.00,0.00,,0.0,0.00,0.00,0,BUY CE,BUY CE,NO TRADE
EXIT,2026-06-22,15:00:12,24150,CE,BUY CE,49.8,24138.75,60.00,24163.0,24127.0,29.0,15:01:12,24119.65,60.00,SL,1.0,-0.08,0.00,0,BUY CE,BUY CE,NO TRADE
EXIT,2026-06-22,15:01:12,24100,CE,BUY CE,48.3,24119.65,87.00,24146.0,24107.0,28.0,15:08:12,24106.60,75.80,SL,7.0,-0.05,-12.87,-728,BUY CE,BUY CE,NO TRADE
OPEN,2026-06-22,15:09:12,24100,CE,BUY CE,47.6,24106.15,75.80,24132.0,24093.0,20.0,,0.00,0.00,,0.0,0.00,0.00,0,BUY CE,BUY CE,NO TRADE
EXIT,2026-06-22,15:09:12,24100,CE,BUY CE,47.6,24106.15,75.80,24132.0,24093.0,20.0,15:24:12,24088.95,73.30,SL,15.0,-0.07,-3.30,-162,BUY CE,BUY CE,NO TRADE
OPEN,2026-06-22,15:25:12,24100,CE,BUY CE,49.0,24086.75,73.30,24114.0,24073.0,4.0,,0.00,0.00,,0.0,0.00,0.00,0,BUY CE,BUY CE,BUY CE
EXIT,2026-06-22,15:25:12,24100,CE,BUY CE,49.0,24086.75,73.30,24114.0,24073.0,4.0,15:29:12,24086.30,64.10,TIMEOUT,4.0,-0.00,-12.55,-598,BUY CE,BUY CE,BUY CE
OPEN,2026-06-22,15:30:12,24100,CE,BUY CE,50.0,24087.20,64.10,24113.0,24074.0,25.0,,0.00,0.00,,0.0,0.00,0.00,0,BUY CE,BUY CE,BUY CE
EXIT,2026-06-22,15:30:12,24100,CE,BUY CE,50.0,24087.20,64.10,24113.0,24074.0,25.0,15:30:12,24087.20,64.10,EOD,0.0,0.00,0.00,0,BUY CE,BUY CE,BUY CE
OPEN,2026-06-23,09:16:12,24050,PE,BUY PE,47.0,24041.45,0.00,24010.0,24057.0,9.0,,0.00,0.00,,0.0,0.00,0.00,0,BUY CE,BUY PE,NO TRADE
EXIT,2026-06-23,09:16:12,24050,PE,BUY PE,47.0,24041.45,0.00,24010.0,24057.0,9.0,09:17:12,24057.55,0.00,SL,1.0,-0.07,0.00,0,BUY CE,BUY PE,NO TRADE
OPEN,2026-06-23,09:18:12,24050,PE,BUY PE,46.6,24058.10,40.05,24027.0,24074.0,9.0,,0.00,0.00,,0.0,0.00,0.00,0,BUY CE,BUY PE,NO TRADE
OPEN,2026-06-23,09:20:12,24100,PE,BUY PE,46.9,24078.30,65.15,24047.0,24094.0,9.0,,0.00,0.00,,0.0,0.00,0.00,0,BUY CE,BUY PE,BUY PE
EXIT,2026-06-23,09:18:12,24050,PE,BUY PE,46.6,24058.10,40.05,24027.0,24074.0,9.0,09:20:12,24078.30,36.60,SL,2.0,-0.08,-8.61,-224,BUY CE,BUY PE,NO TRADE
EXIT,2026-06-23,09:20:12,24100,PE,BUY PE,46.9,24078.30,65.15,24047.0,24094.0,9.0,09:30:12,24089.85,46.70,TIMEOUT,10.0,-0.05,-28.32,-1199,BUY CE,BUY PE,BUY PE
OPEN,2026-06-23,09:31:12,24050,PE,BUY PE,44.7,24095.05,24.10,24065.0,24110.0,9.0,,0.00,0.00,,0.0,0.00,0.00,0,BUY CE,BUY PE,BUY PE
EXIT,2026-06-23,09:31:12,24050,PE,BUY PE,44.7,24095.05,24.10,24065.0,24110.0,9.0,09:36:12,24111.50,19.75,SL,5.0,-0.07,-18.05,-283,BUY CE,BUY PE,BUY PE
OPEN,2026-06-23,11:51:12,23950,PE,BUY PE,35.0,24014.15,7.80,23982.0,24030.0,9.0,,0.00,0.00,,0.0,0.00,0.00,0,BUY PE,NO TRADE,BUY PE
EXIT,2026-06-23,11:51:12,23950,PE,BUY PE,35.0,24014.15,7.80,23982.0,24030.0,9.0,11:59:12,23988.00,26.80,FLIP,8.0,0.11,243.59,1235,BUY PE,NO TRADE,BUY PE
OPEN,2026-06-23,11:59:12,24000,CE,BUY CE,37.3,23973.55,39.80,24010.0,23956.0,18.0,,0.00,0.00,,0.0,0.00,0.00,0,BUY PE,BUY CE,BUY PE
OPEN,2026-06-23,12:00:12,24050,CE,BUY CE,35.2,23977.25,18.95,24014.0,23959.0,18.0,,0.00,0.00,,0.0,0.00,0.00,0,BUY PE,BUY CE,BUY PE
EXIT,2026-06-23,11:59:12,24000,CE,BUY CE,37.3,23973.55,39.80,24010.0,23956.0,18.0,12:01:12,23977.25,37.25,FLIP,2.0,0.02,-6.41,-166,BUY PE,BUY CE,BUY PE
EXIT,2026-06-23,12:00:12,24050,CE,BUY CE,35.2,23977.25,18.95,24014.0,23959.0,18.0,12:01:12,23977.25,18.95,FLIP,1.0,0.00,0.00,0,BUY PE,BUY CE,BUY PE
OPEN,2026-06-23,12:01:12,23950,PE,BUY PE,36.3,23980.15,34.65,23943.0,23999.0,9.0,,0.00,0.00,,0.0,0.00,0.00,0,BUY PE,NO TRADE,BUY PE
OPEN,2026-06-23,12:04:12,23900,PE,BUY PE,36.8,23973.10,14.45,23936.0,23992.0,9.0,,0.00,0.00,,0.0,0.00,0.00,0,BUY PE,NO TRADE,BUY PE
EXIT,2026-06-23,12:01:12,23950,PE,BUY PE,36.3,23980.15,34.65,23943.0,23999.0,9.0,12:11:12,23959.55,35.75,TIMEOUT,10.0,0.09,3.17,72,BUY PE,NO TRADE,BUY PE
EXIT,2026-06-23,12:04:12,23900,PE,BUY PE,36.8,23973.10,14.45,23936.0,23992.0,9.0,12:14:12,23960.55,19.70,TIMEOUT,10.0,0.05,36.33,341,BUY PE,NO TRADE,BUY PE
OPEN,2026-06-23,12:15:12,23900,PE,BUY PE,36.1,23961.45,19.10,23925.0,23979.0,9.0,,0.00,0.00,,0.0,0.00,0.00,0,BUY PE,NO TRADE,BUY PE
EXIT,2026-06-23,12:15:12,23900,PE,BUY PE,36.1,23961.45,19.10,23925.0,23979.0,9.0,12:24:12,23925.85,36.90,FLIP,9.0,0.15,93.19,1157,BUY PE,NO TRADE,BUY PE
OPEN,2026-06-23,12:24:12,23950,CE,BUY CE,35.7,23922.60,38.45,23963.0,23903.0,18.0,,0.00,0.00,,0.0,0.00,0.00,0,BUY PE,BUY CE,BUY CE
EXIT,2026-06-23,12:24:12,23950,CE,BUY CE,35.7,23922.60,38.45,23963.0,23903.0,18.0,12:25:12,23922.60,38.45,FLIP,1.0,0.00,0.00,0,BUY PE,BUY CE,BUY CE
OPEN,2026-06-23,12:25:12,23900,PE,BUY PE,37.3,23925.35,36.90,23885.0,23945.0,9.0,,0.00,0.00,,0.0,0.00,0.00,0,BUY PE,NO TRADE,BUY CE
EXIT,2026-06-23,12:25:12,23900,PE,BUY PE,37.3,23925.35,36.90,23885.0,23945.0,9.0,12:27:12,23945.55,34.90,SL,2.0,-0.08,-5.42,-130,BUY PE,NO TRADE,BUY CE
OPEN,2026-06-23,12:28:12,23900,PE,BUY PE,37.9,23949.50,34.90,23909.0,23970.0,9.0,,0.00,0.00,,0.0,0.00,0.00,0,BUY PE,BUY PE,BUY CE
EXIT,2026-06-23,12:28:12,23900,PE,BUY PE,37.9,23949.50,34.90,23909.0,23970.0,9.0,12:38:12,23942.05,28.35,TIMEOUT,10.0,0.03,-18.77,-426,BUY PE,BUY PE,BUY CE
OPEN,2026-06-23,12:39:12,23900,PE,BUY PE,36.3,23954.35,28.35,23914.0,23974.0,9.0,,0.00,0.00,,0.0,0.00,0.00,0,BUY PE,BUY PE,NO TRADE
EXIT,2026-06-23,12:39:12,23900,PE,BUY PE,36.3,23954.35,28.35,23914.0,23974.0,9.0,12:48:12,23935.40,21.35,TIMEOUT,9.0,0.08,-24.69,-455,BUY PE,BUY PE,NO TRADE
OPEN,2026-06-23,12:49:12,23900,PE,BUY PE,35.4,23929.80,21.35,23890.0,23950.0,9.0,,0.00,0.00,,0.0,0.00,0.00,0,BUY PE,NO TRADE,NO TRADE
EXIT,2026-06-23,12:49:12,23900,PE,BUY PE,35.4,23929.80,21.35,23890.0,23950.0,9.0,12:59:12,23932.70,25.10,TIMEOUT,10.0,-0.01,17.56,244,BUY PE,NO TRADE,NO TRADE
OPEN,2026-06-23,13:31:12,23850,PE,BUY PE,38.4,23883.30,14.45,23845.0,23902.0,9.0,,0.00,0.00,,0.0,0.00,0.00,0,BUY PE,BUY PE,BUY PE
OPEN,2026-06-23,13:35:12,23800,PE,BUY PE,36.8,23868.55,11.50,23830.0,23888.0,9.0,,0.00,0.00,,0.0,0.00,0.00,0,BUY PE,BUY PE,BUY CE
EXIT,2026-06-23,13:31:12,23850,PE,BUY PE,38.4,23883.30,14.45,23845.0,23902.0,9.0,13:40:12,23879.50,24.25,TIMEOUT,9.0,0.02,67.82,637,BUY PE,BUY PE,BUY PE
OPEN,2026-06-23,13:41:12,23850,PE,BUY PE,38.1,23885.05,25.05,23848.0,23904.0,9.0,,0.00,0.00,,0.0,0.00,0.00,0,NO TRADE,BUY PE,NO TRADE
EXIT,2026-06-23,13:35:12,23800,PE,BUY PE,36.8,23868.55,11.50,23830.0,23888.0,9.0,13:42:12,23888.10,11.15,SL,7.0,-0.08,-3.04,-23,BUY PE,BUY PE,BUY CE
EXIT,2026-06-23,13:41:12,23850,PE,BUY PE,38.1,23885.05,25.05,23848.0,23904.0,9.0,13:51:12,23876.35,14.35,TIMEOUT,10.0,0.04,-42.71,-696,NO TRADE,BUY PE,NO TRADE
OPEN,2026-06-23,13:52:12,23800,PE,BUY PE,37.4,23874.85,5.60,23837.0,23894.0,9.0,,0.00,0.00,,0.0,0.00,0.00,0,BUY PE,BUY PE,NO TRADE
EXIT,2026-06-23,13:52:12,23800,PE,BUY PE,37.4,23874.85,5.60,23837.0,23894.0,9.0,14:02:12,23870.30,7.10,TIMEOUT,10.0,0.02,26.79,98,BUY PE,BUY PE,NO TRADE
OPEN,2026-06-23,14:03:12,23800,PE,BUY PE,35.1,23872.45,7.10,23835.0,23891.0,9.0,,0.00,0.00,,0.0,0.00,0.00,0,NO TRADE,BUY PE,NO TRADE
OPEN,2026-06-23,14:04:12,23850,PE,BUY PE,36.7,23887.15,18.80,23849.0,23906.0,9.0,,0.00,0.00,,0.0,0.00,0.00,0,NO TRADE,BUY PE,NO TRADE
EXIT,2026-06-23,14:03:12,23800,PE,BUY PE,35.1,23872.45,7.10,23835.0,23891.0,9.0,14:05:12,23892.95,6.75,SL,2.0,-0.09,-4.93,-23,NO TRADE,BUY PE,NO TRADE
EXIT,2026-06-23,14:04:12,23850,PE,BUY PE,36.7,23887.15,18.80,23849.0,23906.0,9.0,14:12:12,23906.55,11.55,SL,8.0,-0.08,-38.56,-471,NO TRADE,BUY PE,NO TRADE
OPEN,2026-06-23,14:13:12,23850,PE,BUY PE,35.9,23915.25,11.55,23875.0,23935.0,9.0,,0.00,0.00,,0.0,0.00,0.00,0,NO TRADE,BUY PE,BUY PE
EXIT,2026-06-23,14:13:12,23850,PE,BUY PE,35.9,23915.25,11.55,23875.0,23935.0,9.0,14:22:12,23915.50,7.50,TIMEOUT,9.0,-0.00,-35.06,-263,NO TRADE,BUY PE,BUY PE
OPEN,2026-06-23,14:23:12,23950,CE,BUY CE,35.2,23914.40,7.00,23955.0,23894.0,18.0,,0.00,0.00,,0.0,0.00,0.00,0,NO TRADE,BUY CE,NO TRADE
EXIT,2026-06-23,14:23:12,23950,CE,BUY CE,35.2,23914.40,7.00,23955.0,23894.0,18.0,14:41:12,23903.25,5.35,TIMEOUT,18.0,-0.05,-23.57,-107,NO TRADE,BUY CE,NO TRADE
OPEN,2026-06-23,14:43:12,24000,CE,BUY CE,35.4,23933.70,1.35,23973.0,23914.0,18.0,,0.00,0.00,,0.0,0.00,0.00,0,BUY CE,NO TRADE,NO TRADE
OPEN,2026-06-23,14:47:12,23950,CE,BUY CE,36.4,23919.80,11.65,23959.0,23900.0,18.0,,0.00,0.00,,0.0,0.00,0.00,0,BUY CE,BUY CE,BUY CE
EXIT,2026-06-23,14:43:12,24000,CE,BUY CE,35.4,23933.70,1.35,23973.0,23914.0,18.0,14:49:12,23908.60,3.05,SL,6.0,-0.10,125.93,110,BUY CE,NO TRADE,NO TRADE
OPEN,2026-06-23,14:57:12,24000,CE,BUY CE,35.3,23926.45,1.05,23964.0,23907.0,18.0,,0.00,0.00,,0.0,0.00,0.00,0,BUY CE,BUY CE,BUY CE
OPEN,2026-06-23,15:00:12,23900,CE,BUY CE,47.0,23898.15,28.85,23941.0,23877.0,29.0,,0.00,0.00,,0.0,0.00,0.00,0,BUY CE,BUY CE,NO TRADE
EXIT,2026-06-23,14:47:12,23950,CE,BUY CE,36.4,23919.80,11.65,23959.0,23900.0,18.0,15:00:12,23898.15,4.55,SL,13.0,-0.09,-60.94,-462,BUY CE,BUY CE,BUY CE
EXIT,2026-06-23,14:57:12,24000,CE,BUY CE,35.3,23926.45,1.05,23964.0,23907.0,18.0,15:00:12,23898.15,1.05,SL,3.0,-0.12,0.00,0,BUY CE,BUY CE,BUY CE
OPEN,2026-06-23,15:01:12,23850,CE,BUY CE,47.8,23834.25,29.70,23883.0,23810.0,28.0,,0.00,0.00,,0.0,0.00,0.00,0,BUY CE,BUY CE,BUY PE
EXIT,2026-06-23,15:00:12,23900,CE,BUY CE,47.0,23898.15,28.85,23941.0,23877.0,29.0,15:01:12,23834.25,4.50,SL,1.0,-0.27,-84.40,-1583,BUY CE,BUY CE,NO TRADE
OPEN,2026-06-23,15:04:12,23800,CE,BUY CE,47.5,23823.45,41.75,23873.0,23798.0,25.0,,0.00,0.00,,0.0,0.00,0.00,0,BUY CE,BUY CE,BUY PE
EXIT,2026-06-23,15:01:12,23850,CE,BUY CE,47.8,23834.25,29.70,23883.0,23810.0,28.0,15:06:12,23839.45,6.30,FLIP,5.0,0.02,-78.79,-1521,BUY CE,BUY CE,BUY PE
EXIT,2026-06-23,15:04:12,23800,CE,BUY CE,47.5,23823.45,41.75,23873.0,23798.0,25.0,15:06:12,23839.45,41.75,FLIP,2.0,0.07,0.00,0,BUY CE,BUY CE,BUY PE
OPEN,2026-06-23,15:06:12,23800,PE,BUY PE,44.0,23851.80,2.25,23802.0,23877.0,9.0,,0.00,0.00,,0.0,0.00,0.00,0,BUY CE,BUY PE,BUY PE
EXIT,2026-06-23,15:06:12,23800,PE,BUY PE,44.0,23851.80,2.25,23802.0,23877.0,9.0,15:10:12,23847.10,0.55,FLIP,4.0,0.02,-75.56,-110,BUY CE,BUY PE,BUY PE
OPEN,2026-06-23,15:10:12,23900,CE,BUY CE,44.6,23845.00,0.25,23896.0,23820.0,18.0,,0.00,0.00,,0.0,0.00,0.00,0,BUY CE,BUY PE,BUY PE
OPEN,2026-06-23,15:11:12,23850,CE,BUY CE,45.0,23841.95,3.95,23891.0,23817.0,18.0,,0.00,0.00,,0.0,0.00,0.00,0,BUY CE,BUY PE,BUY PE
OPEN,2026-06-23,15:17:12,23800,CE,BUY CE,46.9,23820.75,35.95,23870.0,23796.0,12.0,,0.00,0.00,,0.0,0.00,0.00,0,BUY CE,BUY CE,BUY CE
EXIT,2026-06-23,15:10:12,23900,CE,BUY CE,44.6,23845.00,0.25,23896.0,23820.0,18.0,15:18:12,23811.35,0.10,SL,8.0,-0.14,-60.00,-10,BUY CE,BUY PE,BUY PE
EXIT,2026-06-23,15:11:12,23850,CE,BUY CE,45.0,23841.95,3.95,23891.0,23817.0,18.0,15:18:12,23811.35,0.15,SL,7.0,-0.13,-96.20,-247,BUY CE,BUY PE,BUY PE
OPEN,2026-06-23,15:21:12,23850,CE,BUY CE,44.7,23807.10,0.10,23856.0,23783.0,8.0,,0.00,0.00,,0.0,0.00,0.00,0,BUY CE,BUY PE,BUY CE
EXIT,2026-06-23,15:17:12,23800,CE,BUY CE,46.9,23820.75,35.95,23870.0,23796.0,12.0,15:24:12,23795.00,27.70,SL,7.0,-0.11,-22.95,-536,BUY CE,BUY CE,BUY CE
OPEN,2026-06-23,15:25:12,23800,CE,BUY CE,46.0,23794.50,25.00,23846.0,23769.0,4.0,,0.00,0.00,,0.0,0.00,0.00,0,BUY CE,BUY CE,BUY CE
EXIT,2026-06-23,15:21:12,23850,CE,BUY CE,44.7,23807.10,0.10,23856.0,23783.0,8.0,15:30:12,23794.45,0.05,EOD,9.0,-0.05,-50.00,-3,BUY CE,BUY PE,BUY CE
EXIT,2026-06-23,15:25:12,23800,CE,BUY CE,46.0,23794.50,25.00,23846.0,23769.0,4.0,15:30:12,23794.45,23.95,EOD,5.0,-0.00,-4.20,-68,BUY CE,BUY CE,BUY CE
OPEN,2026-06-24,09:00:12,23750,PE,BUY PE,43.6,23824.10,0.10,23771.0,23851.0,9.0,,0.00,0.00,,0.0,0.00,0.00,0,BUY PE,BUY PE,BUY PE
EXIT,2026-06-24,09:00:12,23750,PE,BUY PE,43.6,23824.10,0.10,23771.0,23851.0,9.0,09:09:12,23795.80,0.10,TIMEOUT,9.0,0.12,0.00,0,BUY PE,BUY PE,BUY PE
OPEN,2026-06-24,09:10:12,23750,PE,BUY PE,41.2,23795.80,0.00,23747.0,23820.0,9.0,,0.00,0.00,,0.0,0.00,0.00,0,BUY PE,BUY PE,BUY CE
OPEN,2026-06-24,09:16:12,23850,PE,BUY PE,45.1,23845.05,0.00,23793.0,23871.0,9.0,,0.00,0.00,,0.0,0.00,0.00,0,BUY CE,BUY PE,NO TRADE
EXIT,2026-06-24,09:10:12,23750,PE,BUY PE,41.2,23795.80,0.00,23747.0,23820.0,9.0,09:16:12,23845.05,0.00,SL,6.0,-0.21,0.00,0,BUY PE,BUY PE,BUY CE
OPEN,2026-06-24,09:20:12,23800,PE,BUY PE,44.4,23852.85,0.00,23797.0,23881.0,9.0,,0.00,0.00,,0.0,0.00,0.00,0,BUY CE,BUY PE,BUY PE
EXIT,2026-06-24,09:16:12,23850,PE,BUY PE,45.1,23845.05,0.00,23793.0,23871.0,9.0,09:23:12,23872.00,0.00,SL,7.0,-0.11,0.00,0,BUY CE,BUY PE,NO TRADE
OPEN,2026-06-24,09:26:12,23850,PE,BUY PE,45.4,23873.45,0.00,23819.0,23900.0,9.0,,0.00,0.00,,0.0,0.00,0.00,0,BUY CE,BUY PE,BUY PE
OPEN,2026-06-24,09:27:12,23900,PE,BUY PE,45.3,23877.50,0.00,23822.0,23906.0,9.0,,0.00,0.00,,0.0,0.00,0.00,0,BUY CE,BUY PE,BUY PE
EXIT,2026-06-24,09:20:12,23800,PE,BUY PE,44.4,23852.85,0.00,23797.0,23881.0,9.0,09:30:12,23886.80,0.00,SL,10.0,-0.14,0.00,0,BUY CE,BUY PE,BUY PE
EXIT,2026-06-24,09:26:12,23850,PE,BUY PE,45.4,23873.45,0.00,23819.0,23900.0,9.0,09:32:12,23882.10,0.00,FLIP,6.0,-0.04,0.00,0,BUY CE,BUY PE,BUY PE
EXIT,2026-06-24,09:27:12,23900,PE,BUY PE,45.3,23877.50,0.00,23822.0,23906.0,9.0,09:32:12,23882.10,0.00,FLIP,5.0,-0.02,0.00,0,BUY CE,BUY PE,BUY PE
OPEN,2026-06-24,09:32:12,23950,CE,BUY CE,43.1,23886.15,0.00,23939.0,23860.0,18.0,,0.00,0.00,,0.0,0.00,0.00,0,BUY CE,BUY PE,BUY PE
EXIT,2026-06-24,09:32:12,23950,CE,BUY CE,43.1,23886.15,0.00,23939.0,23860.0,18.0,09:34:12,23885.40,0.00,FLIP,2.0,-0.00,0.00,0,BUY CE,BUY PE,BUY PE
OPEN,2026-06-24,09:34:12,23850,PE,BUY PE,42.1,23875.80,0.00,23823.0,23902.0,9.0,,0.00,0.00,,0.0,0.00,0.00,0,BUY PE,BUY PE,NO TRADE
OPEN,2026-06-24,09:35:12,23800,PE,BUY PE,40.9,23871.80,0.00,23818.0,23899.0,9.0,,0.00,0.00,,0.0,0.00,0.00,0,BUY PE,BUY PE,BUY CE
EXIT,2026-06-24,09:34:12,23850,PE,BUY PE,42.1,23875.80,0.00,23823.0,23902.0,9.0,09:44:12,23865.10,0.00,TIMEOUT,10.0,0.04,0.00,0,BUY PE,BUY PE,NO TRADE
EXIT,2026-06-24,09:35:12,23800,PE,BUY PE,40.9,23871.80,0.00,23818.0,23899.0,9.0,09:45:12,23872.35,0.00,TIMEOUT,10.0,-0.00,0.00,0,BUY PE,BUY PE,BUY CE
OPEN,2026-06-24,09:46:12,23800,PE,BUY PE,35.9,23862.75,0.00,23810.0,23889.0,9.0,,0.00,0.00,,0.0,0.00,0.00,0,BUY PE,BUY CE,BUY CE
EXIT,2026-06-24,09:46:12,23800,PE,BUY PE,35.9,23862.75,0.00,23810.0,23889.0,9.0,09:50:12,23840.05,0.00,FLIP,4.0,0.10,0.00,0,BUY PE,BUY CE,BUY CE
OPEN,2026-06-24,09:50:12,23850,CE,BUY CE,38.3,23819.75,0.00,23877.0,23791.0,18.0,,0.00,0.00,,0.0,0.00,0.00,0,BUY PE,BUY CE,BUY PE
EXIT,2026-06-24,09:50:12,23850,CE,BUY CE,38.3,23819.75,0.00,23877.0,23791.0,18.0,09:51:12,23819.75,0.00,FLIP,1.0,0.00,0.00,0,BUY PE,BUY CE,BUY PE
OPEN,2026-06-24,09:51:12,23750,PE,BUY PE,37.7,23822.55,0.00,23768.0,23850.0,9.0,,0.00,0.00,,0.0,0.00,0.00,0,BUY PE,BUY PE,BUY PE
EXIT,2026-06-24,09:51:12,23750,PE,BUY PE,37.7,23822.55,0.00,23768.0,23850.0,9.0,09:52:12,23822.55,0.00,FLIP,1.0,0.00,0.00,0,BUY PE,BUY PE,BUY PE
OPEN,2026-06-24,09:52:12,23850,CE,BUY CE,39.0,23812.40,0.00,23868.0,23784.0,18.0,,0.00,0.00,,0.0,0.00,0.00,0,BUY PE,BUY CE,BUY PE
EXIT,2026-06-24,09:52:12,23850,CE,BUY CE,39.0,23812.40,0.00,23868.0,23784.0,18.0,09:53:12,23812.40,0.00,FLIP,1.0,0.00,0.00,0,BUY PE,BUY CE,BUY PE
OPEN,2026-06-24,09:53:12,23750,PE,BUY PE,38.3,23821.30,0.00,23765.0,23849.0,9.0,,0.00,0.00,,0.0,0.00,0.00,0,BUY PE,BUY PE,BUY PE
OPEN,2026-06-24,09:55:12,23800,PE,BUY PE,38.5,23830.00,0.00,23774.0,23858.0,9.0,,0.00,0.00,,0.0,0.00,0.00,0,BUY PE,BUY PE,BUY PE
EXIT,2026-06-24,09:53:12,23750,PE,BUY PE,38.3,23821.30,0.00,23765.0,23849.0,9.0,09:57:12,23853.30,0.00,SL,4.0,-0.13,0.00,0,BUY PE,BUY PE,BUY PE
EXIT,2026-06-24,09:55:12,23800,PE,BUY PE,38.5,23830.00,0.00,23774.0,23858.0,9.0,10:01:12,23870.65,0.00,SL,6.0,-0.17,0.00,0,BUY PE,BUY PE,BUY PE
OPEN,2026-06-24,10:02:12,23800,PE,BUY PE,38.7,23872.45,0.00,23816.0,23900.0,9.0,,0.00,0.00,,0.0,0.00,0.00,0,BUY PE,BUY PE,BUY PE
OPEN,2026-06-24,10:03:12,23850,PE,BUY PE,39.6,23892.40,0.00,23834.0,23921.0,9.0,,0.00,0.00,,0.0,0.00,0.00,0,BUY PE,BUY PE,BUY PE
EXIT,2026-06-24,10:02:12,23800,PE,BUY PE,38.7,23872.45,0.00,23816.0,23900.0,9.0,10:10:12,23905.45,0.00,SL,8.0,-0.14,0.00,0,BUY PE,BUY PE,BUY PE
EXIT,2026-06-24,10:03:12,23850,PE,BUY PE,39.6,23892.40,0.00,23834.0,23921.0,9.0,10:13:12,23914.05,0.00,TIMEOUT,10.0,-0.09,0.00,0,BUY PE,BUY PE,BUY PE
OPEN,2026-06-24,14:04:12,24000,PE,BUY PE,35.5,24039.30,0.00,24005.0,24056.0,9.0,,0.00,0.00,,0.0,0.00,0.00,0,NO TRADE,BUY PE,NO TRADE
EXIT,2026-06-24,14:04:12,24000,PE,BUY PE,35.5,24039.30,0.00,24005.0,24056.0,9.0,14:13:12,24051.95,0.00,TIMEOUT,9.0,-0.05,0.00,0,NO TRADE,BUY PE,NO TRADE
OPEN,2026-06-24,14:32:12,24100,CE,BUY CE,35.2,24050.30,0.00,24083.0,24034.0,18.0,,0.00,0.00,,0.0,0.00,0.00,0,BUY CE,BUY CE,NO TRADE
EXIT,2026-06-24,14:32:12,24100,CE,BUY CE,35.2,24050.30,0.00,24083.0,24034.0,18.0,14:50:12,24048.35,0.00,TIMEOUT,18.0,-0.01,0.00,0,BUY CE,BUY CE,NO TRADE
OPEN,2026-06-24,14:51:12,24100,CE,BUY CE,35.2,24062.55,0.00,24097.0,24046.0,18.0,,0.00,0.00,,0.0,0.00,0.00,0,BUY CE,NO TRADE,BUY CE
OPEN,2026-06-24,15:00:12,24000,CE,BUY CE,47.1,24020.30,0.00,24060.0,24000.0,29.0,,0.00,0.00,,0.0,0.00,0.00,0,BUY CE,BUY CE,BUY PE
EXIT,2026-06-24,14:51:12,24100,CE,BUY CE,35.2,24062.55,0.00,24097.0,24046.0,18.0,15:00:12,24020.30,0.00,SL,9.0,-0.18,0.00,0,BUY CE,NO TRADE,BUY CE
OPEN,2026-06-24,15:01:12,24050,CE,BUY CE,46.5,24042.85,0.00,24080.0,24024.0,28.0,,0.00,0.00,,0.0,0.00,0.00,0,BUY CE,BUY CE,NO TRADE
EXIT,2026-06-24,15:01:12,24050,CE,BUY CE,46.5,24042.85,0.00,24080.0,24024.0,28.0,15:08:12,24018.60,0.00,SL,7.0,-0.10,0.00,0,BUY CE,BUY CE,NO TRADE
OPEN,2026-06-24,15:16:12,24050,CE,BUY CE,46.8,24029.35,0.00,24068.0,24010.0,13.0,,0.00,0.00,,0.0,0.00,0.00,0,BUY CE,BUY CE,BUY PE
EXIT,2026-06-24,15:16:12,24050,CE,BUY CE,46.8,24029.35,0.00,24068.0,24010.0,13.0,15:20:12,24007.40,0.00,SL,4.0,-0.09,0.00,0,BUY CE,BUY CE,BUY PE
EXIT,2026-06-24,15:00:12,24000,CE,BUY CE,47.1,24020.30,0.00,24060.0,24000.0,29.0,15:30:12,24014.75,0.00,EOD,30.0,-0.02,0.00,0,BUY CE,BUY CE,BUY PE
OPEN,2026-06-25,09:00:12,23950,PE,BUY PE,39.0,24021.65,0.00,23984.0,24041.0,9.0,,0.00,0.00,,0.0,0.00,0.00,0,NO TRADE,BUY PE,BUY PE
EXIT,2026-06-25,09:00:12,23950,PE,BUY PE,39.0,24021.65,0.00,23984.0,24041.0,9.0,09:08:12,24125.85,0.00,SL,8.0,-0.43,0.00,0,NO TRADE,BUY PE,BUY PE
OPEN,2026-06-25,09:16:12,24150,PE,BUY PE,46.6,24126.10,0.00,24072.0,24153.0,9.0,,0.00,0.00,,0.0,0.00,0.00,0,BUY CE,BUY PE,NO TRADE
OPEN,2026-06-25,09:17:12,24100,PE,BUY PE,45.6,24114.30,0.00,24061.0,24141.0,9.0,,0.00,0.00,,0.0,0.00,0.00,0,BUY CE,BUY PE,NO TRADE
EXIT,2026-06-25,09:17:12,24100,PE,BUY PE,45.6,24114.30,0.00,24061.0,24141.0,9.0,09:22:12,24148.05,0.00,SL,5.0,-0.14,0.00,0,BUY CE,BUY PE,NO TRADE
EXIT,2026-06-25,09:16:12,24150,PE,BUY PE,46.6,24126.10,0.00,24072.0,24153.0,9.0,09:25:12,24159.10,0.00,SL,9.0,-0.14,0.00,0,BUY CE,BUY PE,NO TRADE
OPEN,2026-06-25,09:26:12,24150,PE,BUY PE,47.4,24163.80,0.00,24113.0,24189.0,9.0,,0.00,0.00,,0.0,0.00,0.00,0,BUY CE,BUY PE,BUY PE
OPEN,2026-06-25,09:30:12,24100,PE,BUY PE,44.8,24148.60,0.00,24096.0,24175.0,9.0,,0.00,0.00,,0.0,0.00,0.00,0,BUY CE,BUY PE,BUY PE
EXIT,2026-06-25,09:26:12,24150,PE,BUY PE,47.4,24163.80,0.00,24113.0,24189.0,9.0,09:36:12,24138.35,0.00,TIMEOUT,10.0,0.11,0.00,0,BUY CE,BUY PE,BUY PE
EXIT,2026-06-25,09:30:12,24100,PE,BUY PE,44.8,24148.60,0.00,24096.0,24175.0,9.0,09:40:12,24139.45,0.00,TIMEOUT,10.0,0.04,0.00,0,BUY CE,BUY PE,BUY PE
OPEN,2026-06-25,09:41:12,24100,PE,BUY PE,40.4,24133.30,0.00,24085.0,24157.0,9.0,,0.00,0.00,,0.0,0.00,0.00,0,BUY PE,BUY PE,NO TRADE
EXIT,2026-06-25,09:41:12,24100,PE,BUY PE,40.4,24133.30,0.00,24085.0,24157.0,9.0,09:48:12,24162.15,0.00,SL,7.0,-0.12,0.00,0,BUY PE,BUY PE,NO TRADE
OPEN,2026-06-25,09:49:12,24100,PE,BUY PE,40.0,24158.10,0.00,24110.0,24182.0,9.0,,0.00,0.00,,0.0,0.00,0.00,0,BUY PE,BUY PE,BUY PE
OPEN,2026-06-25,09:53:12,24150,PE,BUY PE,40.1,24179.80,0.00,24131.0,24204.0,9.0,,0.00,0.00,,0.0,0.00,0.00,0,BUY PE,BUY PE,NO TRADE
EXIT,2026-06-25,09:49:12,24100,PE,BUY PE,40.0,24158.10,0.00,24110.0,24182.0,9.0,09:59:12,24177.15,0.00,TIMEOUT,10.0,-0.08,0.00,0,BUY PE,BUY PE,BUY PE
EXIT,2026-06-25,09:53:12,24150,PE,BUY PE,40.1,24179.80,0.00,24131.0,24204.0,9.0,10:03:12,24172.50,0.00,TIMEOUT,10.0,0.03,0.00,0,BUY PE,BUY PE,NO TRADE
OPEN,2026-06-25,14:00:12,24100,PE,BUY PE,37.3,24173.25,0.00,24137.0,24191.0,9.0,,0.00,0.00,,0.0,0.00,0.00,0,NO TRADE,BUY PE,NO TRADE
OPEN,2026-06-25,14:01:12,24150,PE,BUY PE,35.4,24182.40,0.00,24147.0,24200.0,9.0,,0.00,0.00,,0.0,0.00,0.00,0,NO TRADE,BUY PE,NO TRADE
EXIT,2026-06-25,14:00:12,24100,PE,BUY PE,37.3,24173.25,0.00,24137.0,24191.0,9.0,14:10:12,24171.75,0.00,TIMEOUT,10.0,0.01,0.00,0,NO TRADE,BUY PE,NO TRADE
EXIT,2026-06-25,14:01:12,24150,PE,BUY PE,35.4,24182.40,0.00,24147.0,24200.0,9.0,14:10:12,24171.75,0.00,TIMEOUT,9.0,0.04,0.00,0,NO TRADE,BUY PE,NO TRADE
OPEN,2026-06-25,14:11:12,24100,PE,BUY PE,35.8,24157.80,0.00,24124.0,24175.0,9.0,,0.00,0.00,,0.0,0.00,0.00,0,NO TRADE,BUY PE,NO TRADE
OPEN,2026-06-25,14:16:12,24050,PE,BUY PE,39.8,24114.00,0.00,24076.0,24133.0,9.0,,0.00,0.00,,0.0,0.00,0.00,0,BUY PE,BUY PE,BUY CE
EXIT,2026-06-25,14:11:12,24100,PE,BUY PE,35.8,24157.80,0.00,24124.0,24175.0,9.0,14:16:12,24114.00,0.00,TARGET,5.0,0.18,0.00,0,NO TRADE,BUY PE,NO TRADE
OPEN,2026-06-25,14:17:12,24100,PE,BUY PE,42.2,24125.85,0.00,24087.0,24145.0,9.0,,0.00,0.00,,0.0,0.00,0.00,0,BUY PE,BUY PE,BUY CE
EXIT,2026-06-25,14:16:12,24050,PE,BUY PE,39.8,24114.00,0.00,24076.0,24133.0,9.0,14:25:12,24108.45,0.00,TIMEOUT,9.0,0.02,0.00,0,BUY PE,BUY PE,BUY CE
OPEN,2026-06-25,14:26:12,24050,PE,BUY PE,42.5,24097.85,0.00,24059.0,24117.0,9.0,,0.00,0.00,,0.0,0.00,0.00,0,BUY PE,BUY PE,BUY CE
EXIT,2026-06-25,14:17:12,24100,PE,BUY PE,42.2,24125.85,0.00,24087.0,24145.0,9.0,14:27:12,24100.90,0.00,TIMEOUT,10.0,0.10,0.00,0,BUY PE,BUY PE,BUY CE
OPEN,2026-06-25,14:36:12,24100,PE,BUY PE,44.5,24127.05,0.00,24087.0,24147.0,9.0,,0.00,0.00,,0.0,0.00,0.00,0,BUY PE,BUY PE,BUY PE
EXIT,2026-06-25,14:26:12,24050,PE,BUY PE,42.5,24097.85,0.00,24059.0,24117.0,9.0,14:36:12,24127.05,0.00,SL,10.0,-0.12,0.00,0,BUY PE,BUY PE,BUY CE
OPEN,2026-06-25,14:38:12,24050,PE,BUY PE,44.9,24112.25,0.00,24072.0,24132.0,9.0,,0.00,0.00,,0.0,0.00,0.00,0,BUY PE,BUY PE,BUY PE
EXIT,2026-06-25,14:36:12,24100,PE,BUY PE,44.5,24127.05,0.00,24087.0,24147.0,9.0,14:43:12,24077.30,0.00,TARGET,7.0,0.21,0.00,0,BUY PE,BUY PE,BUY PE
OPEN,2026-06-25,14:44:12,24000,PE,BUY PE,41.7,24073.95,0.00,24031.0,24095.0,9.0,,0.00,0.00,,0.0,0.00,0.00,0,BUY PE,BUY PE,BUY CE
EXIT,2026-06-25,14:38:12,24050,PE,BUY PE,44.9,24112.25,0.00,24072.0,24132.0,9.0,14:45:12,24068.85,0.00,TARGET,7.0,0.18,0.00,0,BUY PE,BUY PE,BUY PE
OPEN,2026-06-25,14:46:12,24050,PE,BUY PE,43.1,24092.95,0.00,24050.0,24114.0,9.0,,0.00,0.00,,0.0,0.00,0.00,0,BUY PE,BUY PE,BUY PE
OPEN,2026-06-25,14:53:12,24100,PE,BUY PE,45.3,24092.00,0.00,24049.0,24114.0,9.0,,0.00,0.00,,0.0,0.00,0.00,0,BUY PE,BUY PE,BUY PE
EXIT,2026-06-25,14:44:12,24000,PE,BUY PE,41.7,24073.95,0.00,24031.0,24095.0,9.0,14:54:12,24112.05,0.00,SL,10.0,-0.16,0.00,0,BUY PE,BUY PE,BUY CE
EXIT,2026-06-25,14:46:12,24050,PE,BUY PE,43.1,24092.95,0.00,24050.0,24114.0,9.0,14:56:12,24104.40,0.00,TIMEOUT,10.0,-0.05,0.00,0,BUY PE,BUY PE,BUY PE
OPEN,2026-06-25,15:00:12,24000,PE,BUY PE,44.9,24065.00,0.00,24014.0,24091.0,9.0,,0.00,0.00,,0.0,0.00,0.00,0,BUY PE,BUY PE,BUY PE
OPEN,2026-06-25,15:01:12,24050,PE,BUY PE,45.7,24062.15,0.00,24013.0,24087.0,9.0,,0.00,0.00,,0.0,0.00,0.00,0,BUY CE,BUY PE,BUY PE
EXIT,2026-06-25,14:53:12,24100,PE,BUY PE,45.3,24092.00,0.00,24049.0,24114.0,9.0,15:02:12,24048.70,0.00,TARGET,9.0,0.18,0.00,0,BUY PE,BUY PE,BUY PE
EXIT,2026-06-25,15:00:12,24000,PE,BUY PE,44.9,24065.00,0.00,24014.0,24091.0,9.0,15:10:12,24065.80,0.00,TIMEOUT,10.0,-0.00,0.00,0,BUY PE,BUY PE,BUY PE
EXIT,2026-06-25,15:01:12,24050,PE,BUY PE,45.7,24062.15,0.00,24013.0,24087.0,9.0,15:10:12,24065.80,0.00,TIMEOUT,9.0,-0.02,0.00,0,BUY CE,BUY PE,BUY PE
OPEN,2026-06-25,15:11:12,24050,PE,BUY PE,48.2,24069.35,0.00,24020.0,24094.0,9.0,,0.00,0.00,,0.0,0.00,0.00,0,BUY PE,BUY PE,BUY PE
EXIT,2026-06-25,15:11:12,24050,PE,BUY PE,48.2,24069.35,0.00,24020.0,24094.0,9.0,15:20:12,24053.80,0.00,TIMEOUT,9.0,0.06,0.00,0,BUY PE,BUY PE,BUY PE
OPEN,2026-06-25,15:21:12,24050,PE,BUY PE,45.9,24044.85,0.00,23997.0,24069.0,8.0,,0.00,0.00,,0.0,0.00,0.00,0,BUY CE,BUY PE,BUY PE
OPEN,2026-06-25,15:27:12,24000,PE,BUY PE,44.5,24045.80,0.00,23999.0,24069.0,2.0,,0.00,0.00,,0.0,0.00,0.00,0,BUY PE,BUY PE,BUY PE
EXIT,2026-06-25,15:21:12,24050,PE,BUY PE,45.9,24044.85,0.00,23997.0,24069.0,8.0,15:29:12,24053.50,0.00,TIMEOUT,8.0,-0.04,0.00,0,BUY CE,BUY PE,BUY PE
OPEN,2026-06-25,15:30:12,24050,PE,BUY PE,46.1,24052.85,0.00,24005.0,24077.0,25.0,,0.00,0.00,,0.0,0.00,0.00,0,BUY PE,BUY PE,BUY PE
EXIT,2026-06-25,15:30:12,24050,PE,BUY PE,46.1,24052.85,0.00,24005.0,24077.0,25.0,15:30:12,24052.85,0.00,EOD,0.0,0.00,0.00,0,BUY PE,BUY PE,BUY PE
EXIT,2026-06-25,15:27:12,24000,PE,BUY PE,44.5,24045.80,0.00,23999.0,24069.0,2.0,15:30:12,24052.85,0.00,EOD,3.0,-0.03,0.00,0,BUY PE,BUY PE,BUY PE
OPEN,2026-06-26,09:00:12,24000,PE,BUY PE,44.1,24056.00,0.00,24008.0,24080.0,9.0,,0.00,0.00,,0.0,0.00,0.00,0,BUY PE,BUY PE,BUY PE
EXIT,2026-06-26,09:00:12,24000,PE,BUY PE,44.1,24056.00,0.00,24008.0,24080.0,9.0,09:09:12,24056.00,0.00,TIMEOUT,9.0,0.00,0.00,0,BUY PE,BUY PE,BUY PE
OPEN,2026-06-26,09:10:12,24000,PE,BUY PE,44.1,24056.00,0.00,24008.0,24080.0,9.0,,0.00,0.00,,0.0,0.00,0.00,0,BUY PE,BUY PE,BUY PE
OPEN,2026-06-29,09:16:12,24100,PE,BUY PE,45.6,24093.65,0.00,24040.0,24121.0,9.0,,0.00,0.00,,0.0,0.00,0.00,0,BUY CE,BUY PE,NO TRADE
OPEN,2026-06-29,09:25:12,24050,PE,BUY PE,44.9,24076.40,0.00,24021.0,24104.0,9.0,,0.00,0.00,,0.0,0.00,0.00,0,BUY CE,BUY PE,BUY PE
OPEN,2026-06-29,09:26:12,24000,PE,BUY PE,44.5,24072.00,0.00,24019.0,24099.0,9.0,,0.00,0.00,,0.0,0.00,0.00,0,BUY CE,BUY PE,BUY PE
EXIT,2026-06-29,09:16:12,24100,PE,BUY PE,45.6,24093.65,0.00,24040.0,24121.0,9.0,09:26:12,24072.00,0.00,TIMEOUT,10.0,0.09,0.00,0,BUY CE,BUY PE,NO TRADE
EXIT,2026-06-29,09:25:12,24050,PE,BUY PE,44.9,24076.40,0.00,24021.0,24104.0,9.0,09:34:12,24033.60,0.00,TIMEOUT,9.0,0.18,0.00,0,BUY CE,BUY PE,BUY PE
OPEN,2026-06-29,09:35:12,23950,PE,BUY PE,41.8,24017.25,0.00,23959.0,24046.0,9.0,,0.00,0.00,,0.0,0.00,0.00,0,BUY PE,BUY PE,BUY CE
EXIT,2026-06-29,09:26:12,24000,PE,BUY PE,44.5,24072.00,0.00,24019.0,24099.0,9.0,09:35:12,24017.25,0.00,TARGET,9.0,0.23,0.00,0,BUY CE,BUY PE,BUY PE
OPEN,2026-06-29,09:37:12,24000,PE,BUY PE,43.5,24027.60,0.00,23972.0,24056.0,9.0,,0.00,0.00,,0.0,0.00,0.00,0,BUY PE,BUY PE,BUY CE
EXIT,2026-06-29,09:35:12,23950,PE,BUY PE,41.8,24017.25,0.00,23959.0,24046.0,9.0,09:39:12,24053.30,0.00,SL,4.0,-0.15,0.00,0,BUY PE,BUY PE,BUY CE
EXIT,2026-06-29,09:37:12,24000,PE,BUY PE,43.5,24027.60,0.00,23972.0,24056.0,9.0,09:40:12,24058.10,0.00,SL,3.0,-0.13,0.00,0,BUY PE,BUY PE,BUY CE
OPEN,2026-06-29,09:41:12,24100,PE,BUY PE,45.1,24076.45,0.00,24017.0,24106.0,9.0,,0.00,0.00,,0.0,0.00,0.00,0,BUY PE,BUY PE,NO TRADE
OPEN,2026-06-29,09:42:12,24050,PE,BUY PE,45.4,24070.30,0.00,24010.0,24100.0,9.0,,0.00,0.00,,0.0,0.00,0.00,0,BUY PE,BUY PE,BUY PE
EXIT,2026-06-29,09:41:12,24100,PE,BUY PE,45.1,24076.45,0.00,24017.0,24106.0,9.0,09:50:12,24084.50,0.00,TIMEOUT,9.0,-0.03,0.00,0,BUY PE,BUY PE,NO TRADE
EXIT,2026-06-29,09:42:12,24050,PE,BUY PE,45.4,24070.30,0.00,24010.0,24100.0,9.0,09:51:12,24082.60,0.00,TIMEOUT,9.0,-0.05,0.00,0,BUY PE,BUY PE,BUY PE
OPEN,2026-06-29,09:52:12,24000,PE,BUY PE,40.6,24074.35,0.00,24017.0,24103.0,9.0,,0.00,0.00,,0.0,0.00,0.00,0,BUY PE,BUY PE,BUY CE
OPEN,2026-06-29,09:53:12,24050,PE,BUY PE,41.1,24079.40,0.00,24021.0,24108.0,9.0,,0.00,0.00,,0.0,0.00,0.00,0,BUY PE,BUY PE,BUY CE
EXIT,2026-06-29,09:52:12,24000,PE,BUY PE,40.6,24074.35,0.00,24017.0,24103.0,9.0,10:02:12,24076.55,0.00,TIMEOUT,10.0,-0.01,0.00,0,BUY PE,BUY PE,BUY CE
EXIT,2026-06-29,09:53:12,24050,PE,BUY PE,41.1,24079.40,0.00,24021.0,24108.0,9.0,10:02:12,24076.55,0.00,TIMEOUT,9.0,0.01,0.00,0,BUY PE,BUY PE,BUY CE
OPEN,2026-06-29,13:17:12,23900,PE,BUY PE,35.3,23953.80,0.00,23915.0,23973.0,9.0,,0.00,0.00,,0.0,0.00,0.00,0,BUY PE,NO TRADE,NO TRADE
EXIT,2026-06-29,13:17:12,23900,PE,BUY PE,35.3,23953.80,0.00,23915.0,23973.0,9.0,13:26:12,23949.30,0.00,TIMEOUT,9.0,0.02,0.00,0,BUY PE,NO TRADE,NO TRADE
OPEN,2026-06-29,13:44:12,23900,PE,BUY PE,38.8,23936.75,0.00,23897.0,23957.0,9.0,,0.00,0.00,,0.0,0.00,0.00,0,BUY PE,BUY PE,BUY PE
EXIT,2026-06-29,13:44:12,23900,PE,BUY PE,38.8,23936.75,0.00,23897.0,23957.0,9.0,13:54:12,23945.45,0.00,TIMEOUT,10.0,-0.04,0.00,0,BUY PE,BUY PE,BUY PE
OPEN,2026-06-29,13:55:12,23900,PE,BUY PE,37.3,23950.85,0.00,23911.0,23971.0,9.0,,0.00,0.00,,0.0,0.00,0.00,0,BUY PE,BUY PE,NO TRADE
EXIT,2026-06-29,13:55:12,23900,PE,BUY PE,37.3,23950.85,0.00,23911.0,23971.0,9.0,14:04:12,23958.60,0.00,TIMEOUT,9.0,-0.03,0.00,0,BUY PE,BUY PE,NO TRADE
OPEN,2026-06-29,14:05:12,23900,PE,BUY PE,35.7,23953.50,0.00,23915.0,23973.0,9.0,,0.00,0.00,,0.0,0.00,0.00,0,BUY PE,BUY PE,BUY CE
EXIT,2026-06-29,14:05:12,23900,PE,BUY PE,35.7,23953.50,0.00,23915.0,23973.0,9.0,14:14:12,23960.80,0.00,TIMEOUT,9.0,-0.03,0.00,0,BUY PE,BUY PE,BUY CE
OPEN,2026-06-29,14:25:12,23900,PE,BUY PE,36.1,23947.50,0.00,23910.0,23967.0,9.0,,0.00,0.00,,0.0,0.00,0.00,0,NO TRADE,BUY PE,NO TRADE
EXIT,2026-06-29,14:25:12,23900,PE,BUY PE,36.1,23947.50,0.00,23910.0,23967.0,9.0,14:33:12,23951.90,0.00,FLIP,8.0,-0.02,0.00,0,NO TRADE,BUY PE,NO TRADE
OPEN,2026-06-29,14:33:12,24000,CE,BUY CE,35.4,23967.20,0.00,24006.0,23948.0,18.0,,0.00,0.00,,0.0,0.00,0.00,0,BUY CE,NO TRADE,NO TRADE
EXIT,2026-06-29,14:33:12,24000,CE,BUY CE,35.4,23967.20,0.00,24006.0,23948.0,18.0,14:37:12,23966.55,0.00,FLIP,4.0,-0.00,0.00,0,BUY CE,NO TRADE,NO TRADE
OPEN,2026-06-29,14:37:12,23900,PE,BUY PE,35.2,23954.40,0.00,23916.0,23973.0,9.0,,0.00,0.00,,0.0,0.00,0.00,0,NO TRADE,BUY PE,BUY CE
EXIT,2026-06-29,14:37:12,23900,PE,BUY PE,35.2,23954.40,0.00,23916.0,23973.0,9.0,14:43:12,23955.85,0.00,FLIP,6.0,-0.01,0.00,0,NO TRADE,BUY PE,BUY CE
OPEN,2026-06-29,14:43:12,24000,CE,BUY CE,35.2,23959.00,0.00,23998.0,23940.0,18.0,,0.00,0.00,,0.0,0.00,0.00,0,BUY CE,NO TRADE,BUY CE
EXIT,2026-06-29,14:43:12,24000,CE,BUY CE,35.2,23959.00,0.00,23998.0,23940.0,18.0,14:51:12,23963.20,0.00,FLIP,8.0,0.02,0.00,0,BUY CE,NO TRADE,BUY CE
OPEN,2026-06-29,14:51:12,23900,PE,BUY PE,37.3,23945.95,0.00,23907.0,23965.0,9.0,,0.00,0.00,,0.0,0.00,0.00,0,BUY PE,BUY PE,BUY CE
EXIT,2026-06-29,14:51:12,23900,PE,BUY PE,37.3,23945.95,0.00,23907.0,23965.0,9.0,15:00:12,23928.25,0.00,FLIP,9.0,0.07,0.00,0,BUY PE,BUY PE,BUY CE
OPEN,2026-06-29,15:00:12,23950,CE,BUY CE,48.4,23946.75,0.00,23989.0,23926.0,29.0,,0.00,0.00,,0.0,0.00,0.00,0,BUY CE,BUY CE,NO TRADE
OPEN,2026-06-29,15:28:12,24000,CE,BUY CE,47.9,23978.30,0.00,24024.0,23955.0,1.0,,0.00,0.00,,0.0,0.00,0.00,0,BUY CE,BUY CE,BUY CE
EXIT,2026-06-29,15:00:12,23950,CE,BUY CE,48.4,23946.75,0.00,23989.0,23926.0,29.0,15:29:12,23976.95,0.00,TIMEOUT,29.0,0.13,0.00,0,BUY CE,BUY CE,NO TRADE
EXIT,2026-06-29,15:28:12,24000,CE,BUY CE,47.9,23978.30,0.00,24024.0,23955.0,1.0,15:29:12,23976.95,0.00,TIMEOUT,1.0,-0.01,0.00,0,BUY CE,BUY CE,BUY CE
OPEN,2026-06-29,15:30:12,24000,CE,BUY CE,48.4,23977.95,0.00,24024.0,23955.0,25.0,,0.00,0.00,,0.0,0.00,0.00,0,BUY CE,BUY CE,BUY CE
EXIT,2026-06-29,15:30:12,24000,CE,BUY CE,48.4,23977.95,0.00,24024.0,23955.0,25.0,15:30:12,23977.95,0.00,EOD,0.0,0.00,0.00,0,BUY CE,BUY CE,BUY CE
OPEN,2026-06-30,09:00:12,23900,PE,BUY PE,43.0,23946.25,0.00,23895.0,23972.0,9.0,,0.00,0.00,,0.0,0.00,0.00,0,BUY PE,BUY PE,BUY PE
OPEN,2026-06-30,09:08:12,24000,PE,BUY PE,36.7,24032.05,0.00,23978.0,24059.0,9.0,,0.00,0.00,,0.0,0.00,0.00,0,BUY PE,BUY PE,BUY PE
EXIT,2026-06-30,09:00:12,23900,PE,BUY PE,43.0,23946.25,0.00,23895.0,23972.0,9.0,09:08:12,24032.05,0.00,SL,8.0,-0.36,0.00,0,BUY PE,BUY PE,BUY PE
EXIT,2026-06-30,09:08:12,24000,PE,BUY PE,36.7,24032.05,0.00,23978.0,24059.0,9.0,09:16:12,23977.40,0.00,TARGET,8.0,0.23,0.00,0,BUY PE,BUY PE,BUY PE
OPEN,2026-06-30,09:17:12,23950,PE,BUY PE,45.7,23956.55,0.00,23902.0,23984.0,9.0,,0.00,0.00,,0.0,0.00,0.00,0,BUY CE,BUY PE,NO TRADE
OPEN,2026-06-30,09:21:12,23900,PE,BUY PE,44.5,23932.75,0.00,23878.0,23960.0,9.0,,0.00,0.00,,0.0,0.00,0.00,0,BUY CE,BUY PE,BUY PE
OPEN,2026-06-30,09:25:12,23850,PE,BUY PE,44.2,23894.35,0.00,23835.0,23924.0,9.0,,0.00,0.00,,0.0,0.00,0.00,0,BUY CE,BUY PE,BUY PE
EXIT,2026-06-30,09:17:12,23950,PE,BUY PE,45.7,23956.55,0.00,23902.0,23984.0,9.0,09:25:12,23894.35,0.00,TARGET,8.0,0.26,0.00,0,BUY CE,BUY PE,NO TRADE
EXIT,2026-06-30,09:21:12,23900,PE,BUY PE,44.5,23932.75,0.00,23878.0,23960.0,9.0,09:30:12,23895.40,0.00,TIMEOUT,9.0,0.16,0.00,0,BUY CE,BUY PE,BUY PE
EXIT,2026-06-30,09:25:12,23850,PE,BUY PE,44.2,23894.35,0.00,23835.0,23924.0,9.0,09:33:12,23896.20,0.00,FLIP,8.0,-0.01,0.00,0,BUY CE,BUY PE,BUY PE
OPEN,2026-06-30,09:33:12,23900,CE,BUY CE,43.7,23873.70,0.00,23931.0,23845.0,18.0,,0.00,0.00,,0.0,0.00,0.00,0,BUY CE,BUY PE,BUY PE
EXIT,2026-06-30,09:33:12,23900,CE,BUY CE,43.7,23873.70,0.00,23931.0,23845.0,18.0,09:34:12,23873.70,0.00,FLIP,1.0,0.00,0.00,0,BUY CE,BUY PE,BUY PE
OPEN,2026-06-30,09:34:12,23850,PE,BUY PE,44.2,23877.80,0.00,23820.0,23907.0,9.0,,0.00,0.00,,0.0,0.00,0.00,0,BUY PE,BUY PE,BUY CE
OPEN,2026-06-30,09:35:12,23800,PE,BUY PE,42.1,23867.45,0.00,23809.0,23896.0,9.0,,0.00,0.00,,0.0,0.00,0.00,0,BUY PE,BUY PE,BUY CE
EXIT,2026-06-30,09:34:12,23850,PE,BUY PE,44.2,23877.80,0.00,23820.0,23907.0,9.0,09:43:12,23871.05,0.00,TIMEOUT,9.0,0.03,0.00,0,BUY PE,BUY PE,BUY CE
EXIT,2026-06-30,09:35:12,23800,PE,BUY PE,42.1,23867.45,0.00,23809.0,23896.0,9.0,09:44:12,23871.05,0.00,FLIP,9.0,-0.02,0.00,0,BUY PE,BUY PE,BUY CE
OPEN,2026-06-30,09:44:12,23900,CE,BUY CE,37.1,23864.25,0.00,23919.0,23837.0,18.0,,0.00,0.00,,0.0,0.00,0.00,0,BUY PE,BUY CE,BUY CE
EXIT,2026-06-30,09:44:12,23900,CE,BUY CE,37.1,23864.25,0.00,23919.0,23837.0,18.0,09:46:12,23866.60,0.00,FLIP,2.0,0.01,0.00,0,BUY PE,BUY CE,BUY CE
OPEN,2026-06-30,09:46:12,23800,PE,BUY PE,36.4,23865.40,0.00,23813.0,23891.0,9.0,,0.00,0.00,,0.0,0.00,0.00,0,BUY PE,BUY PE,BUY CE
EXIT,2026-06-30,09:46:12,23800,PE,BUY PE,36.4,23865.40,0.00,23813.0,23891.0,9.0,09:49:12,23858.00,0.00,FLIP,3.0,0.03,0.00,0,BUY PE,BUY PE,BUY CE
OPEN,2026-06-30,09:49:12,23900,CE,BUY CE,35.4,23854.45,0.00,23908.0,23827.0,18.0,,0.00,0.00,,0.0,0.00,0.00,0,NO TRADE,BUY PE,BUY CE
EXIT,2026-06-30,09:49:12,23900,CE,BUY CE,35.4,23854.45,0.00,23908.0,23827.0,18.0,09:50:12,23854.45,0.00,FLIP,1.0,0.00,0.00,0,NO TRADE,BUY PE,BUY CE
OPEN,2026-06-30,09:50:12,23800,PE,BUY PE,36.3,23857.45,0.00,23803.0,23884.0,9.0,,0.00,0.00,,0.0,0.00,0.00,0,NO TRADE,BUY PE,BUY CE
OPEN,2026-06-30,09:57:12,23850,PE,BUY PE,36.1,23883.40,0.00,23831.0,23909.0,9.0,,0.00,0.00,,0.0,0.00,0.00,0,NO TRADE,BUY PE,BUY PE
EXIT,2026-06-30,09:50:12,23800,PE,BUY PE,36.3,23857.45,0.00,23803.0,23884.0,9.0,09:58:12,23886.20,0.00,SL,8.0,-0.12,0.00,0,NO TRADE,BUY PE,BUY CE
EXIT,2026-06-30,09:57:12,23850,PE,BUY PE,36.1,23883.40,0.00,23831.0,23909.0,9.0,10:05:12,23914.25,0.00,SL,8.0,-0.13,0.00,0,NO TRADE,BUY PE,BUY PE
OPEN,2026-06-30,11:32:12,23900,PE,BUY PE,35.6,23953.00,0.00,23898.0,23981.0,9.0,,0.00,0.00,,0.0,0.00,0.00,0,BUY PE,NO TRADE,BUY CE
OPEN,2026-06-30,11:36:12,23850,PE,BUY PE,37.3,23924.45,0.00,23869.0,23952.0,9.0,,0.00,0.00,,0.0,0.00,0.00,0,BUY PE,BUY PE,BUY PE
EXIT,2026-06-30,11:36:12,23850,PE,BUY PE,37.3,23924.45,0.00,23869.0,23952.0,9.0,11:41:12,23954.15,0.00,SL,5.0,-0.12,0.00,0,BUY PE,BUY PE,BUY PE
EXIT,2026-06-30,11:32:12,23900,PE,BUY PE,35.6,23953.00,0.00,23898.0,23981.0,9.0,11:42:12,23940.95,0.00,TIMEOUT,10.0,0.05,0.00,0,BUY PE,NO TRADE,BUY CE
OPEN,2026-06-30,11:43:12,23900,PE,BUY PE,35.6,23941.70,0.00,23889.0,23968.0,9.0,,0.00,0.00,,0.0,0.00,0.00,0,BUY PE,NO TRADE,BUY CE
EXIT,2026-06-30,11:43:12,23900,PE,BUY PE,35.6,23941.70,0.00,23889.0,23968.0,9.0,11:53:12,23936.00,0.00,TIMEOUT,10.0,0.02,0.00,0,BUY PE,NO TRADE,BUY CE
OPEN,2026-06-30,14:04:12,23850,PE,BUY PE,40.5,23892.40,0.00,23854.0,23911.0,9.0,,0.00,0.00,,0.0,0.00,0.00,0,BUY PE,BUY PE,BUY PE
EXIT,2026-06-30,14:04:12,23850,PE,BUY PE,40.5,23892.40,0.00,23854.0,23911.0,9.0,14:13:12,23888.35,0.00,TIMEOUT,9.0,0.02,0.00,0,BUY PE,BUY PE,BUY PE
OPEN,2026-06-30,14:14:12,23850,PE,BUY PE,37.5,23884.50,0.00,23847.0,23904.0,9.0,,0.00,0.00,,0.0,0.00,0.00,0,BUY PE,BUY PE,NO TRADE
OPEN,2026-06-30,14:19:12,23800,PE,BUY PE,37.0,23868.80,0.00,23828.0,23889.0,9.0,,0.00,0.00,,0.0,0.00,0.00,0,BUY PE,BUY PE,BUY CE
EXIT,2026-06-30,14:19:12,23800,PE,BUY PE,37.0,23868.80,0.00,23828.0,23889.0,9.0,14:23:12,23889.90,0.00,SL,4.0,-0.09,0.00,0,BUY PE,BUY PE,BUY CE
EXIT,2026-06-30,14:14:12,23850,PE,BUY PE,37.5,23884.50,0.00,23847.0,23904.0,9.0,14:24:12,23913.35,0.00,SL,10.0,-0.12,0.00,0,BUY PE,BUY PE,NO TRADE
OPEN,2026-06-30,14:25:12,23900,PE,BUY PE,37.7,23951.55,0.00,23904.0,23976.0,9.0,,0.00,0.00,,0.0,0.00,0.00,0,BUY PE,BUY CE,BUY PE
EXIT,2026-06-30,14:25:12,23900,PE,BUY PE,37.7,23951.55,0.00,23904.0,23976.0,9.0,14:34:12,23937.60,0.00,TIMEOUT,9.0,0.06,0.00,0,BUY PE,BUY CE,BUY PE
OPEN,2026-06-30,14:35:12,23900,PE,BUY PE,42.4,23948.60,0.00,23899.0,23974.0,9.0,,0.00,0.00,,0.0,0.00,0.00,0,BUY PE,BUY PE,BUY CE
EXIT,2026-06-30,14:35:12,23900,PE,BUY PE,42.4,23948.60,0.00,23899.0,23974.0,9.0,14:45:12,23944.70,0.00,TIMEOUT,10.0,0.02,0.00,0,BUY PE,BUY PE,BUY CE
OPEN,2026-06-30,14:46:12,23900,PE,BUY PE,37.9,23947.75,0.00,23901.0,23971.0,9.0,,0.00,0.00,,0.0,0.00,0.00,0,BUY PE,BUY CE,BUY CE
EXIT,2026-06-30,14:46:12,23900,PE,BUY PE,37.9,23947.75,0.00,23901.0,23971.0,9.0,14:47:12,23947.75,0.00,FLIP,1.0,0.00,0.00,0,BUY PE,BUY CE,BUY CE
OPEN,2026-06-30,14:47:12,24000,CE,BUY CE,37.7,23939.35,0.00,23985.0,23916.0,18.0,,0.00,0.00,,0.0,0.00,0.00,0,BUY PE,BUY CE,BUY CE
EXIT,2026-06-30,14:47:12,24000,CE,BUY CE,37.7,23939.35,0.00,23985.0,23916.0,18.0,14:48:12,23939.35,0.00,FLIP,1.0,0.00,0.00,0,BUY PE,BUY CE,BUY CE
OPEN,2026-06-30,14:48:12,23900,PE,BUY PE,37.5,23941.85,0.00,23896.0,23965.0,9.0,,0.00,0.00,,0.0,0.00,0.00,0,BUY PE,BUY CE,BUY CE
EXIT,2026-06-30,14:48:12,23900,PE,BUY PE,37.5,23941.85,0.00,23896.0,23965.0,9.0,14:49:12,23941.85,0.00,FLIP,1.0,0.00,0.00,0,BUY PE,BUY CE,BUY CE
OPEN,2026-06-30,14:49:12,24000,CE,BUY CE,37.2,23941.65,0.00,23989.0,23918.0,18.0,,0.00,0.00,,0.0,0.00,0.00,0,BUY CE,BUY PE,BUY CE
EXIT,2026-06-30,14:49:12,24000,CE,BUY CE,37.2,23941.65,0.00,23989.0,23918.0,18.0,14:51:12,23936.60,0.00,FLIP,2.0,-0.02,0.00,0,BUY CE,BUY PE,BUY CE
OPEN,2026-06-30,14:51:12,23900,PE,BUY PE,39.0,23928.25,0.00,23883.0,23951.0,9.0,,0.00,0.00,,0.0,0.00,0.00,0,BUY PE,BUY PE,BUY PE
EXIT,2026-06-30,14:51:12,23900,PE,BUY PE,39.0,23928.25,0.00,23883.0,23951.0,9.0,14:55:12,23938.35,0.00,FLIP,4.0,-0.04,0.00,0,BUY PE,BUY PE,BUY PE
OPEN,2026-06-30,14:55:12,24000,CE,BUY CE,36.4,23939.00,0.00,23985.0,23916.0,18.0,,0.00,0.00,,0.0,0.00,0.00,0,BUY CE,BUY PE,BUY CE
EXIT,2026-06-30,14:55:12,24000,CE,BUY CE,36.4,23939.00,0.00,23985.0,23916.0,18.0,14:58:12,23938.60,0.00,FLIP,3.0,-0.00,0.00,0,BUY CE,BUY PE,BUY CE
OPEN,2026-06-30,14:58:12,23850,PE,BUY PE,40.3,23914.05,0.00,23868.0,23937.0,9.0,,0.00,0.00,,0.0,0.00,0.00,0,BUY PE,BUY PE,BUY PE
EXIT,2026-06-30,14:58:12,23850,PE,BUY PE,40.3,23914.05,0.00,23868.0,23937.0,9.0,15:00:12,23899.50,0.00,FLIP,2.0,0.06,0.00,0,BUY PE,BUY PE,BUY PE
OPEN,2026-06-30,15:00:12,23900,CE,BUY CE,46.2,23887.55,0.00,23939.0,23862.0,29.0,,0.00,0.00,,0.0,0.00,0.00,0,BUY CE,BUY CE,BUY PE
OPEN,2026-06-30,15:01:12,23850,CE,BUY CE,48.6,23845.55,0.00,23899.0,23819.0,28.0,,0.00,0.00,,0.0,0.00,0.00,0,BUY CE,BUY CE,BUY PE
EXIT,2026-06-30,15:00:12,23900,CE,BUY CE,46.2,23887.55,0.00,23939.0,23862.0,29.0,15:01:12,23845.55,0.00,SL,1.0,-0.18,0.00,0,BUY CE,BUY CE,BUY PE
EXIT,2026-06-30,15:01:12,23850,CE,BUY CE,48.6,23845.55,0.00,23899.0,23819.0,28.0,15:07:12,23834.65,0.00,FLIP,6.0,-0.05,0.00,0,BUY CE,BUY CE,BUY PE
OPEN,2026-06-30,15:07:12,23800,PE,BUY PE,45.0,23854.65,0.00,23801.0,23882.0,9.0,,0.00,0.00,,0.0,0.00,0.00,0,BUY CE,BUY PE,BUY PE
EXIT,2026-06-30,15:07:12,23800,PE,BUY PE,45.0,23854.65,0.00,23801.0,23882.0,9.0,15:09:12,23855.50,0.00,FLIP,2.0,-0.00,0.00,0,BUY CE,BUY PE,BUY PE
OPEN,2026-06-30,15:09:12,23900,CE,BUY CE,43.9,23854.15,0.00,23910.0,23826.0,18.0,,0.00,0.00,,0.0,0.00,0.00,0,BUY CE,BUY PE,BUY PE
OPEN,2026-06-30,15:10:12,23850,CE,BUY CE,45.3,23845.60,0.00,23902.0,23818.0,19.0,,0.00,0.00,,0.0,0.00,0.00,0,BUY CE,BUY PE,BUY PE
EXIT,2026-06-30,15:09:12,23900,CE,BUY CE,43.9,23854.15,0.00,23910.0,23826.0,18.0,15:11:12,23845.60,0.00,FLIP,2.0,-0.04,0.00,0,BUY CE,BUY PE,BUY PE
EXIT,2026-06-30,15:10:12,23850,CE,BUY CE,45.3,23845.60,0.00,23902.0,23818.0,19.0,15:11:12,23845.60,0.00,FLIP,1.0,0.00,0.00,0,BUY CE,BUY PE,BUY PE
OPEN,2026-06-30,15:11:12,23800,PE,BUY PE,44.3,23867.45,0.00,23812.0,23895.0,9.0,,0.00,0.00,,0.0,0.00,0.00,0,BUY CE,BUY PE,BUY PE
OPEN,2026-06-30,15:15:12,23850,PE,BUY PE,45.6,23868.55,0.00,23814.0,23896.0,9.0,,0.00,0.00,,0.0,0.00,0.00,0,BUY CE,BUY PE,BUY PE
EXIT,2026-06-30,15:11:12,23800,PE,BUY PE,44.3,23867.45,0.00,23812.0,23895.0,9.0,15:18:12,23865.60,0.00,FLIP,7.0,0.01,0.00,0,BUY CE,BUY PE,BUY PE
EXIT,2026-06-30,15:15:12,23850,PE,BUY PE,45.6,23868.55,0.00,23814.0,23896.0,9.0,15:18:12,23865.60,0.00,FLIP,3.0,0.01,0.00,0,BUY CE,BUY PE,BUY PE
OPEN,2026-06-30,15:18:12,23900,CE,BUY CE,43.7,23867.50,0.00,23920.0,23842.0,11.0,,0.00,0.00,,0.0,0.00,0.00,0,BUY CE,BUY PE,BUY PE
EXIT,2026-06-30,15:18:12,23900,CE,BUY CE,43.7,23867.50,0.00,23920.0,23842.0,11.0,15:19:12,23867.50,0.00,FLIP,1.0,0.00,0.00,0,BUY CE,BUY PE,BUY PE
OPEN,2026-06-30,15:19:12,23800,PE,BUY PE,43.6,23871.45,0.00,23819.0,23897.0,9.0,,0.00,0.00,,0.0,0.00,0.00,0,BUY CE,BUY PE,BUY PE
EXIT,2026-06-30,15:19:12,23800,PE,BUY PE,43.6,23871.45,0.00,23819.0,23897.0,9.0,15:20:12,23871.45,0.00,FLIP,1.0,0.00,0.00,0,BUY CE,BUY PE,BUY PE
OPEN,2026-06-30,15:20:12,23950,CE,BUY CE,43.4,23878.10,0.00,23931.0,23852.0,9.0,,0.00,0.00,,0.0,0.00,0.00,0,BUY CE,BUY PE,BUY PE
EXIT,2026-06-30,15:20:12,23950,CE,BUY CE,43.4,23878.10,0.00,23931.0,23852.0,9.0,15:21:12,23878.10,0.00,FLIP,1.0,0.00,0.00,0,BUY CE,BUY PE,BUY PE
OPEN,2026-06-30,15:21:12,23850,PE,BUY PE,43.7,23881.35,0.00,23831.0,23906.0,8.0,,0.00,0.00,,0.0,0.00,0.00,0,BUY CE,BUY PE,BUY PE
EXIT,2026-06-30,15:21:12,23850,PE,BUY PE,43.7,23881.35,0.00,23831.0,23906.0,8.0,15:22:12,23881.35,0.00,FLIP,1.0,0.00,0.00,0,BUY CE,BUY PE,BUY PE
OPEN,2026-06-30,15:22:12,23950,CE,BUY CE,43.9,23878.45,0.00,23928.0,23853.0,7.0,,0.00,0.00,,0.0,0.00,0.00,0,BUY CE,BUY CE,BUY PE
EXIT,2026-06-30,15:22:12,23950,CE,BUY CE,43.9,23878.45,0.00,23928.0,23853.0,7.0,15:23:12,23878.45,0.00,FLIP,1.0,0.00,0.00,0,BUY CE,BUY CE,BUY PE
OPEN,2026-06-30,15:23:12,23850,PE,BUY PE,43.2,23887.10,0.00,23836.0,23913.0,6.0,,0.00,0.00,,0.0,0.00,0.00,0,BUY CE,BUY PE,BUY CE
EXIT,2026-06-30,15:23:12,23850,PE,BUY PE,43.2,23887.10,0.00,23836.0,23913.0,6.0,15:24:12,23887.10,0.00,FLIP,1.0,0.00,0.00,0,BUY CE,BUY PE,BUY CE
OPEN,2026-06-30,15:24:12,23950,CE,BUY CE,43.4,23887.95,0.00,23939.0,23862.0,5.0,,0.00,0.00,,0.0,0.00,0.00,0,BUY CE,BUY PE,BUY CE
OPEN,2026-06-30,15:28:12,23900,CE,BUY CE,45.3,23902.40,0.00,23952.0,23877.0,1.0,,0.00,0.00,,0.0,0.00,0.00,0,BUY CE,BUY CE,BUY CE
EXIT,2026-06-30,15:28:12,23900,CE,BUY CE,45.3,23902.40,0.00,23952.0,23877.0,1.0,15:29:12,23913.55,0.00,TIMEOUT,1.0,0.05,0.00,0,BUY CE,BUY CE,BUY CE
OPEN,2026-06-30,15:30:12,23900,CE,BUY CE,46.9,23918.30,0.00,23971.0,23892.0,25.0,,0.00,0.00,,0.0,0.00,0.00,0,BUY CE,BUY CE,BUY PE
EXIT,2026-06-30,15:30:12,23900,CE,BUY CE,46.9,23918.30,0.00,23971.0,23892.0,25.0,15:30:12,23918.30,0.00,EOD,0.0,0.00,0.00,0,BUY CE,BUY CE,BUY PE
EXIT,2026-06-30,15:24:12,23950,CE,BUY CE,43.4,23887.95,0.00,23939.0,23862.0,5.0,15:30:12,23918.30,0.00,EOD,6.0,0.13,0.00,0,BUY CE,BUY PE,BUY CE
OPEN,2026-07-01,09:00:12,23800,PE,BUY PE,42.2,23865.75,0.00,23806.0,23896.0,9.0,,0.00,0.00,,0.0,0.00,0.00,0,BUY PE,BUY PE,BUY CE
OPEN,2026-07-01,09:08:12,23850,PE,BUY PE,42.2,23897.65,105.55,23843.0,23925.0,9.0,,0.00,0.00,,0.0,0.00,0.00,0,BUY PE,BUY PE,BUY PE
EXIT,2026-07-01,09:00:12,23800,PE,BUY PE,42.2,23865.75,0.00,23806.0,23896.0,9.0,09:08:12,23897.65,89.00,SL,8.0,-0.13,0.00,0,BUY PE,BUY PE,BUY CE
OPEN,2026-07-01,09:17:12,23900,PE,BUY PE,45.1,23900.75,142.25,23847.0,23928.0,9.0,,0.00,0.00,,0.0,0.00,0.00,0,BUY CE,BUY PE,NO TRADE
EXIT,2026-07-01,09:08:12,23850,PE,BUY PE,42.2,23897.65,105.55,23843.0,23925.0,9.0,09:17:12,23900.75,121.85,TIMEOUT,9.0,-0.01,15.44,1059,BUY PE,BUY PE,BUY PE
OPEN,2026-07-01,09:19:12,23950,PE,BUY PE,45.5,23926.70,172.20,23873.0,23954.0,9.0,,0.00,0.00,,0.0,0.00,0.00,0,BUY CE,BUY PE,BUY PE
OPEN,2026-07-01,09:22:12,23850,PE,BUY PE,45.0,23912.70,119.85,23861.0,23939.0,9.0,,0.00,0.00,,0.0,0.00,0.00,0,BUY CE,BUY PE,BUY PE
EXIT,2026-07-01,09:17:12,23900,PE,BUY PE,45.1,23900.75,142.25,23847.0,23928.0,9.0,09:27:12,23914.25,144.15,TIMEOUT,10.0,-0.06,1.34,124,BUY CE,BUY PE,NO TRADE
EXIT,2026-07-01,09:19:12,23950,PE,BUY PE,45.5,23926.70,172.20,23873.0,23954.0,9.0,09:28:12,23915.15,167.85,TIMEOUT,9.0,0.05,-2.53,-283,BUY CE,BUY PE,BUY PE
OPEN,2026-07-01,09:31:12,23900,PE,BUY PE,44.5,23933.50,139.50,23884.0,23959.0,9.0,,0.00,0.00,,0.0,0.00,0.00,0,BUY CE,BUY PE,BUY PE
EXIT,2026-07-01,09:22:12,23850,PE,BUY PE,45.0,23912.70,119.85,23861.0,23939.0,9.0,09:32:12,23927.75,111.90,TIMEOUT,10.0,-0.06,-6.63,-517,BUY CE,BUY PE,BUY PE
OPEN,2026-07-01,09:33:12,23850,PE,BUY PE,44.0,23921.80,111.90,23872.0,23947.0,9.0,,0.00,0.00,,0.0,0.00,0.00,0,BUY CE,BUY PE,BUY PE
EXIT,2026-07-01,09:31:12,23900,PE,BUY PE,44.5,23933.50,139.50,23884.0,23959.0,9.0,09:41:12,23947.10,133.85,TIMEOUT,10.0,-0.06,-4.05,-367,BUY CE,BUY PE,BUY PE
EXIT,2026-07-01,09:33:12,23850,PE,BUY PE,44.0,23921.80,111.90,23872.0,23947.0,9.0,09:41:12,23947.10,113.50,SL,8.0,-0.11,1.43,104,BUY CE,BUY PE,BUY PE
OPEN,2026-07-01,09:42:12,23900,PE,BUY PE,38.8,23935.05,128.25,23886.0,23960.0,9.0,,0.00,0.00,,0.0,0.00,0.00,0,BUY PE,BUY PE,BUY PE
EXIT,2026-07-01,09:42:12,23900,PE,BUY PE,38.8,23935.05,128.25,23886.0,23960.0,9.0,09:52:12,23946.20,127.55,TIMEOUT,10.0,-0.05,-0.55,-46,BUY PE,BUY PE,BUY PE
OPEN,2026-07-01,14:40:12,23950,PE,BUY PE,36.1,23995.60,113.15,23965.0,24011.0,9.0,,0.00,0.00,,0.0,0.00,0.00,0,NO TRADE,BUY PE,NO TRADE
EXIT,2026-07-01,14:40:12,23950,PE,BUY PE,36.1,23995.60,113.15,23965.0,24011.0,9.0,14:43:12,24016.90,121.40,SL,3.0,-0.09,7.29,536,NO TRADE,BUY PE,NO TRADE
OPEN,2026-07-01,14:44:12,23950,PE,BUY PE,35.1,24019.05,121.40,23986.0,24036.0,9.0,,0.00,0.00,,0.0,0.00,0.00,0,BUY CE,BUY PE,NO TRADE
EXIT,2026-07-01,14:44:12,23950,PE,BUY PE,35.1,24019.05,121.40,23986.0,24036.0,9.0,14:47:12,24021.55,111.90,FLIP,3.0,-0.01,-7.83,-618,BUY CE,BUY PE,NO TRADE
OPEN,2026-07-01,14:47:12,24050,CE,BUY CE,35.3,24020.60,141.15,24052.0,24005.0,18.0,,0.00,0.00,,0.0,0.00,0.00,0,BUY CE,BUY PE,NO TRADE
EXIT,2026-07-01,14:47:12,24050,CE,BUY CE,35.3,24020.60,141.15,24052.0,24005.0,18.0,14:48:12,24020.60,141.15,FLIP,1.0,0.00,0.00,0,BUY CE,BUY PE,NO TRADE
OPEN,2026-07-01,14:48:12,23950,PE,BUY PE,35.4,24016.55,113.00,23985.0,24033.0,9.0,,0.00,0.00,,0.0,0.00,0.00,0,BUY CE,BUY PE,BUY CE
EXIT,2026-07-01,14:48:12,23950,PE,BUY PE,35.4,24016.55,113.00,23985.0,24033.0,9.0,14:57:12,24025.35,109.90,TIMEOUT,9.0,-0.04,-2.74,-201,BUY CE,BUY PE,BUY CE
OPEN,2026-07-01,15:00:12,24050,CE,BUY CE,47.4,24041.60,143.60,24075.0,24025.0,29.0,,0.00,0.00,,0.0,0.00,0.00,0,BUY CE,BUY CE,NO TRADE
OPEN,2026-07-01,15:01:12,24000,CE,BUY CE,48.4,24024.85,169.05,24060.0,24007.0,28.0,,0.00,0.00,,0.0,0.00,0.00,0,BUY CE,BUY CE,NO TRADE
EXIT,2026-07-01,15:00:12,24050,CE,BUY CE,47.4,24041.60,143.60,24075.0,24025.0,29.0,15:01:12,24024.85,143.60,SL,1.0,-0.07,0.00,0,BUY CE,BUY CE,NO TRADE
EXIT,2026-07-01,15:01:12,24000,CE,BUY CE,48.4,24024.85,169.05,24060.0,24007.0,28.0,15:08:12,24006.05,161.80,SL,7.0,-0.08,-4.29,-471,BUY CE,BUY CE,NO TRADE
OPEN,2026-07-01,15:09:12,24000,CE,BUY CE,46.9,24004.55,161.80,24040.0,23987.0,20.0,,0.00,0.00,,0.0,0.00,0.00,0,BUY CE,BUY CE,NO TRADE
EXIT,2026-07-01,15:09:12,24000,CE,BUY CE,46.9,24004.55,161.80,24040.0,23987.0,20.0,15:30:12,23987.50,155.75,EOD,21.0,-0.07,-3.74,-393,BUY CE,BUY CE,NO TRADE
OPEN,2026-07-02,09:16:12,24050,PE,BUY PE,45.5,24068.95,109.10,24023.0,24092.0,9.0,,0.00,0.00,,0.0,0.00,0.00,0,BUY CE,BUY PE,NO TRADE
OPEN,2026-07-02,09:17:12,24100,PE,BUY PE,46.0,24079.00,126.40,24034.0,24102.0,9.0,,0.00,0.00,,0.0,0.00,0.00,0,BUY CE,BUY PE,NO TRADE
EXIT,2026-07-02,09:16:12,24050,PE,BUY PE,45.5,24068.95,109.10,24023.0,24092.0,9.0,09:20:12,24099.20,106.85,SL,4.0,-0.13,-2.06,-146,BUY CE,BUY PE,NO TRADE
EXIT,2026-07-02,09:17:12,24100,PE,BUY PE,46.0,24079.00,126.40,24034.0,24102.0,9.0,09:21:12,24107.35,123.00,SL,4.0,-0.12,-2.69,-221,BUY CE,BUY PE,NO TRADE
OPEN,2026-07-02,09:22:12,24100,PE,BUY PE,46.5,24102.55,123.00,24058.0,24125.0,9.0,,0.00,0.00,,0.0,0.00,0.00,0,BUY CE,BUY PE,BUY PE
OPEN,2026-07-02,09:29:12,24050,PE,BUY PE,44.3,24115.55,90.90,24070.0,24139.0,9.0,,0.00,0.00,,0.0,0.00,0.00,0,BUY CE,BUY PE,NO TRADE
EXIT,2026-07-02,09:22:12,24100,PE,BUY PE,46.5,24102.55,123.00,24058.0,24125.0,9.0,09:32:12,24120.00,110.40,TIMEOUT,10.0,-0.07,-10.24,-819,BUY CE,BUY PE,BUY PE
OPEN,2026-07-02,09:33:12,24100,PE,BUY PE,44.4,24130.20,110.40,24084.0,24153.0,9.0,,0.00,0.00,,0.0,0.00,0.00,0,BUY CE,BUY PE,BUY PE
EXIT,2026-07-02,09:29:12,24050,PE,BUY PE,44.3,24115.55,90.90,24070.0,24139.0,9.0,09:39:12,24141.50,84.00,SL,10.0,-0.11,-7.59,-449,BUY CE,BUY PE,NO TRADE
EXIT,2026-07-02,09:33:12,24100,PE,BUY PE,44.4,24130.20,110.40,24084.0,24153.0,9.0,09:42:12,24156.35,99.85,SL,9.0,-0.11,-9.56,-686,BUY CE,BUY PE,BUY PE
OPEN,2026-07-02,09:43:12,24100,PE,BUY PE,40.7,24152.90,99.85,24108.0,24175.0,9.0,,0.00,0.00,,0.0,0.00,0.00,0,BUY PE,BUY PE,BUY PE
EXIT,2026-07-02,09:43:12,24100,PE,BUY PE,40.7,24152.90,99.85,24108.0,24175.0,9.0,09:52:12,24146.05,101.20,TIMEOUT,9.0,0.03,1.35,88,BUY PE,BUY PE,BUY PE
OPEN,2026-07-02,14:34:12,24200,CE,BUY CE,35.7,24151.50,97.45,24180.0,24138.0,18.0,,0.00,0.00,,0.0,0.00,0.00,0,BUY CE,BUY CE,NO TRADE
OPEN,2026-07-02,14:41:12,24250,CE,BUY CE,38.6,24180.40,88.60,24209.0,24166.0,18.0,,0.00,0.00,,0.0,0.00,0.00,0,BUY CE,BUY CE,NO TRADE
EXIT,2026-07-02,14:34:12,24200,CE,BUY CE,35.7,24151.50,97.45,24180.0,24138.0,18.0,14:41:12,24180.40,113.25,TARGET,7.0,0.12,16.21,1027,BUY CE,BUY CE,NO TRADE
OPEN,2026-07-02,14:56:12,24200,CE,BUY CE,37.9,24174.30,117.35,24203.0,24160.0,18.0,,0.00,0.00,,0.0,0.00,0.00,0,BUY CE,BUY CE,BUY CE
EXIT,2026-07-02,14:41:12,24250,CE,BUY CE,38.6,24180.40,88.60,24209.0,24166.0,18.0,14:59:12,24186.40,92.30,TIMEOUT,18.0,0.02,4.18,241,BUY CE,BUY CE,NO TRADE
OPEN,2026-07-02,15:01:12,24150,CE,BUY CE,56.7,24172.85,150.45,24204.0,24157.0,28.0,,0.00,0.00,,0.0,0.00,0.00,0,BUY CE,BUY CE,NO TRADE
EXIT,2026-07-02,14:56:12,24200,CE,BUY CE,37.9,24174.30,117.35,24203.0,24160.0,18.0,15:14:12,24176.15,111.30,TIMEOUT,18.0,0.01,-5.16,-393,BUY CE,BUY CE,BUY CE
OPEN,2026-07-02,15:15:12,24200,CE,BUY CE,54.7,24175.20,111.30,24206.0,24160.0,14.0,,0.00,0.00,,0.0,0.00,0.00,0,BUY CE,BUY CE,BUY CE
EXIT,2026-07-02,15:15:12,24200,CE,BUY CE,54.7,24175.20,111.30,24206.0,24160.0,14.0,15:20:12,24156.75,105.60,SL,5.0,-0.08,-5.12,-371,BUY CE,BUY CE,BUY CE
EXIT,2026-07-02,15:01:12,24150,CE,BUY CE,56.7,24172.85,150.45,24204.0,24157.0,28.0,15:20:12,24156.75,133.10,SL,19.0,-0.07,-11.53,-1128,BUY CE,BUY CE,NO TRADE
OPEN,2026-07-02,15:21:12,24150,CE,BUY CE,51.9,24168.40,128.10,24200.0,24152.0,8.0,,0.00,0.00,,0.0,0.00,0.00,0,BUY CE,BUY CE,BUY CE
EXIT,2026-07-02,15:21:12,24150,CE,BUY CE,51.9,24168.40,128.10,24200.0,24152.0,8.0,15:29:12,24168.65,132.35,TIMEOUT,8.0,0.00,3.32,276,BUY CE,BUY CE,BUY CE
OPEN,2026-07-02,15:30:12,24150,CE,BUY CE,52.5,24166.90,133.00,24199.0,24151.0,25.0,,0.00,0.00,,0.0,0.00,0.00,0,BUY CE,BUY CE,BUY CE
EXIT,2026-07-02,15:30:12,24150,CE,BUY CE,52.5,24166.90,133.00,24199.0,24151.0,25.0,15:30:12,24166.90,133.00,EOD,0.0,0.00,0.00,0,BUY CE,BUY CE,BUY CE
OPEN,2026-07-03,09:08:12,24450,CE,BUY CE,36.4,24375.65,22.80,24437.0,24345.0,18.0,,0.00,0.00,,0.0,0.00,0.00,0,NO TRADE,BUY CE,BUY CE
EXIT,2026-07-03,09:08:12,24450,CE,BUY CE,36.4,24375.65,22.80,24437.0,24345.0,18.0,09:16:12,24375.65,22.80,FLIP,8.0,0.00,0.00,0,NO TRADE,BUY CE,BUY CE
OPEN,2026-07-03,09:16:12,24250,PE,BUY PE,43.7,24320.70,0.00,24263.0,24350.0,9.0,,0.00,0.00,,0.0,0.00,0.00,0,BUY CE,BUY PE,NO TRADE
OPEN,2026-07-03,09:22:12,24350,PE,BUY PE,45.1,24331.10,116.00,24274.0,24360.0,9.0,,0.00,0.00,,0.0,0.00,0.00,0,BUY CE,BUY PE,BUY PE
OPEN,2026-07-03,09:24:12,24300,PE,BUY PE,45.0,24331.10,92.20,24273.0,24360.0,9.0,,0.00,0.00,,0.0,0.00,0.00,0,BUY CE,BUY PE,BUY PE
EXIT,2026-07-03,09:16:12,24250,PE,BUY PE,43.7,24320.70,0.00,24263.0,24350.0,9.0,09:26:12,24345.00,67.45,TIMEOUT,10.0,-0.10,0.00,0,BUY CE,BUY PE,NO TRADE
EXIT,2026-07-03,09:22:12,24350,PE,BUY PE,45.1,24331.10,116.00,24274.0,24360.0,9.0,09:28:12,24348.45,101.10,FLIP,6.0,-0.07,-12.84,-969,BUY CE,BUY PE,BUY PE
EXIT,2026-07-03,09:24:12,24300,PE,BUY PE,45.0,24331.10,92.20,24273.0,24360.0,9.0,09:28:12,24348.45,80.00,FLIP,4.0,-0.07,-13.23,-793,BUY CE,BUY PE,BUY PE
OPEN,2026-07-03,09:28:12,24400,CE,BUY CE,42.9,24349.20,81.90,24405.0,24321.0,18.0,,0.00,0.00,,0.0,0.00,0.00,0,BUY CE,BUY PE,NO TRADE
EXIT,2026-07-03,09:28:12,24400,CE,BUY CE,42.9,24349.20,81.90,24405.0,24321.0,18.0,09:31:12,24348.70,80.90,FLIP,3.0,-0.00,-1.22,-65,BUY CE,BUY PE,NO TRADE
OPEN,2026-07-03,09:31:12,24300,PE,BUY PE,42.9,24352.20,78.70,24299.0,24379.0,9.0,,0.00,0.00,,0.0,0.00,0.00,0,BUY CE,BUY PE,NO TRADE
EXIT,2026-07-03,09:31:12,24300,PE,BUY PE,42.9,24352.20,78.70,24299.0,24379.0,9.0,09:41:12,24357.35,78.00,TIMEOUT,10.0,-0.02,-0.89,-46,BUY CE,BUY PE,NO TRADE
OPEN,2026-07-03,09:42:12,24300,PE,BUY PE,37.4,24352.80,78.00,24301.0,24379.0,9.0,,0.00,0.00,,0.0,0.00,0.00,0,BUY PE,BUY PE,BUY PE
EXIT,2026-07-03,09:42:12,24300,PE,BUY PE,37.4,24352.80,78.00,24301.0,24379.0,9.0,09:52:12,24339.85,83.80,TIMEOUT,10.0,0.05,7.44,377,BUY PE,BUY PE,BUY PE
OPEN,2026-07-03,15:00:12,24250,CE,BUY CE,48.6,24268.05,102.25,24297.0,24254.0,29.0,,0.00,0.00,,0.0,0.00,0.00,0,BUY CE,BUY CE,NO TRADE
OPEN,2026-07-03,15:02:12,24300,CE,BUY CE,46.4,24277.50,82.05,24306.0,24264.0,27.0,,0.00,0.00,,0.0,0.00,0.00,0,BUY CE,BUY CE,NO TRADE
EXIT,2026-07-03,15:02:12,24300,CE,BUY CE,46.4,24277.50,82.05,24306.0,24264.0,27.0,15:29:12,24268.95,79.10,TIMEOUT,27.0,-0.04,-3.60,-192,BUY CE,BUY CE,NO TRADE
EXIT,2026-07-03,15:00:12,24250,CE,BUY CE,48.6,24268.05,102.25,24297.0,24254.0,29.0,15:30:12,24271.20,105.55,EOD,30.0,0.01,3.23,214,BUY CE,BUY CE,NO TRADE
OPEN,2026-07-04,15:00:12,24250,CE,BUY CE,48.6,24270.85,102.15,24298.0,24257.0,29.0,,0.00,0.00,,0.0,0.00,0.00,0,BUY CE,BUY CE,NO TRADE
EXIT,2026-07-04,15:00:12,24250,CE,BUY CE,48.6,24270.85,102.15,24298.0,24257.0,29.0,15:29:12,24270.85,102.15,TIMEOUT,29.0,0.00,0.00,0,BUY CE,BUY CE,NO TRADE
OPEN,2026-07-04,15:30:12,24250,CE,BUY CE,48.2,24270.85,102.15,24298.0,24257.0,25.0,,0.00,0.00,,0.0,0.00,0.00,0,BUY CE,BUY CE,BUY PE
EXIT,2026-07-04,15:30:12,24250,CE,BUY CE,48.2,24270.85,102.15,24298.0,24257.0,25.0,15:30:12,24270.85,102.15,EOD,0.0,0.00,0.00,0,BUY CE,BUY CE,BUY PE
OPEN,2026-07-05,15:00:12,24250,CE,BUY CE,48.6,24270.85,102.15,24298.0,24257.0,29.0,,0.00,0.00,,0.0,0.00,0.00,0,BUY CE,BUY CE,NO TRADE
EXIT,2026-07-05,15:00:12,24250,CE,BUY CE,48.6,24270.85,102.15,24298.0,24257.0,29.0,15:30:12,24270.85,102.15,EOD,30.0,0.00,0.00,0,BUY CE,BUY CE,NO TRADE
OPEN,2026-07-06,09:16:12,24300,PE,BUY PE,44.0,24346.10,93.65,24310.0,24364.0,9.0,,0.00,0.00,,0.0,0.00,0.00,0,BUY CE,BUY PE,NO TRADE
EXIT,2026-07-06,09:16:12,24300,PE,BUY PE,44.0,24346.10,93.65,24310.0,24364.0,9.0,09:25:12,24347.65,55.80,TIMEOUT,9.0,-0.01,-40.42,-2460,BUY CE,BUY PE,NO TRADE
OPEN,2026-07-06,09:26:12,24300,PE,BUY PE,44.2,24347.40,55.80,24312.0,24365.0,9.0,,0.00,0.00,,0.0,0.00,0.00,0,BUY CE,BUY PE,BUY PE
EXIT,2026-07-06,09:26:12,24300,PE,BUY PE,44.2,24347.40,55.80,24312.0,24365.0,9.0,09:34:12,24365.10,48.70,SL,8.0,-0.07,-12.72,-461,BUY CE,BUY PE,BUY PE
OPEN,2026-07-06,09:35:12,24300,PE,BUY PE,37.2,24368.65,49.40,24333.0,24387.0,9.0,,0.00,0.00,,0.0,0.00,0.00,0,NO TRADE,BUY PE,NO TRADE
OPEN,2026-07-06,09:36:12,24350,PE,BUY PE,37.1,24377.60,69.75,24343.0,24395.0,9.0,,0.00,0.00,,0.0,0.00,0.00,0,NO TRADE,BUY PE,NO TRADE
EXIT,2026-07-06,09:35:12,24300,PE,BUY PE,37.2,24368.65,49.40,24333.0,24387.0,9.0,09:45:12,24370.45,44.35,TIMEOUT,10.0,-0.01,-10.22,-328,NO TRADE,BUY PE,NO TRADE
EXIT,2026-07-06,09:36:12,24350,PE,BUY PE,37.1,24377.60,69.75,24343.0,24395.0,9.0,09:46:12,24382.15,63.20,TIMEOUT,10.0,-0.02,-9.39,-426,NO TRADE,BUY PE,NO TRADE
OPEN,2026-07-06,15:00:12,24400,CE,BUY CE,50.5,24419.95,64.35,24451.0,24404.0,29.0,,0.00,0.00,,0.0,0.00,0.00,0,BUY CE,BUY CE,NO TRADE
OPEN,2026-07-06,15:05:12,24450,CE,BUY CE,49.7,24428.30,40.50,24458.0,24413.0,24.0,,0.00,0.00,,0.0,0.00,0.00,0,BUY CE,BUY CE,NO TRADE
EXIT,2026-07-06,15:00:12,24400,CE,BUY CE,50.5,24419.95,64.35,24451.0,24404.0,29.0,15:30:12,24423.95,68.25,EOD,30.0,0.02,6.06,254,BUY CE,BUY CE,NO TRADE
EXIT,2026-07-06,15:05:12,24450,CE,BUY CE,49.7,24428.30,40.50,24458.0,24413.0,24.0,15:30:12,24423.95,43.75,EOD,25.0,-0.02,8.02,211,BUY CE,BUY CE,NO TRADE
OPEN,2026-07-07,09:16:12,24400,PE,BUY PE,44.5,24455.55,0.00,24421.0,24473.0,9.0,,0.00,0.00,,0.0,0.00,0.00,0,BUY CE,BUY PE,NO TRADE
OPEN,2026-07-07,09:21:12,24450,PE,BUY PE,45.9,24470.75,41.15,24437.0,24488.0,9.0,,0.00,0.00,,0.0,0.00,0.00,0,BUY CE,BUY PE,BUY PE
EXIT,2026-07-07,09:16:12,24400,PE,BUY PE,44.5,24455.55,0.00,24421.0,24473.0,9.0,09:25:12,24455.05,28.55,TIMEOUT,9.0,0.00,0.00,0,BUY CE,BUY PE,NO TRADE
OPEN,2026-07-07,09:26:12,24400,PE,BUY PE,43.9,24453.60,28.55,24419.0,24471.0,9.0,,0.00,0.00,,0.0,0.00,0.00,0,BUY CE,BUY PE,BUY PE
EXIT,2026-07-07,09:26:12,24400,PE,BUY PE,43.9,24453.60,28.55,24419.0,24471.0,9.0,09:31:12,24454.25,32.15,FLIP,5.0,-0.00,12.61,234,BUY CE,BUY PE,BUY PE
EXIT,2026-07-07,09:21:12,24450,PE,BUY PE,45.9,24470.75,41.15,24437.0,24488.0,9.0,09:31:12,24454.25,54.80,FLIP,10.0,0.07,33.17,887,BUY CE,BUY PE,BUY PE
OPEN,2026-07-07,09:31:12,24500,CE,BUY CE,43.6,24443.85,20.45,24481.0,24425.0,18.0,,0.00,0.00,,0.0,0.00,0.00,0,BUY CE,BUY PE,NO TRADE
EXIT,2026-07-07,09:31:12,24500,CE,BUY CE,43.6,24443.85,20.45,24481.0,24425.0,18.0,09:32:12,24443.85,20.45,FLIP,1.0,0.00,0.00,0,BUY CE,BUY PE,NO TRADE
OPEN,2026-07-07,09:32:12,24400,PE,BUY PE,43.6,24440.85,32.15,24404.0,24459.0,9.0,,0.00,0.00,,0.0,0.00,0.00,0,BUY CE,BUY PE,NO TRADE
EXIT,2026-07-07,09:32:12,24400,PE,BUY PE,43.6,24440.85,32.15,24404.0,24459.0,9.0,09:41:12,24447.65,29.25,TIMEOUT,9.0,-0.03,-9.02,-188,BUY CE,BUY PE,NO TRADE
OPEN,2026-07-07,09:42:12,24400,PE,BUY PE,37.2,24453.50,29.25,24414.0,24474.0,9.0,,0.00,0.00,,0.0,0.00,0.00,0,BUY PE,BUY PE,BUY PE
EXIT,2026-07-07,09:42:12,24400,PE,BUY PE,37.2,24453.50,29.25,24414.0,24474.0,9.0,09:52:12,24466.10,22.55,TIMEOUT,10.0,-0.05,-22.91,-435,BUY PE,BUY PE,BUY PE
OPEN,2026-07-07,15:00:12,24450,CE,BUY CE,50.6,24455.15,19.00,24483.0,24441.0,29.0,,0.00,0.00,,0.0,0.00,0.00,0,BUY CE,BUY CE,NO TRADE
EXIT,2026-07-07,15:00:12,24450,CE,BUY CE,50.6,24455.15,19.00,24483.0,24441.0,29.0,15:01:12,24438.50,19.00,SL,1.0,-0.07,0.00,0,BUY CE,BUY CE,NO TRADE
OPEN,2026-07-07,15:02:12,24450,CE,BUY CE,50.7,24427.30,4.25,24457.0,24412.0,27.0,,0.00,0.00,,0.0,0.00,0.00,0,BUY CE,BUY CE,NO TRADE
OPEN,2026-07-07,15:03:12,24400,CE,BUY CE,49.5,24421.70,37.00,24455.0,24405.0,26.0,,0.00,0.00,,0.0,0.00,0.00,0,BUY CE,BUY CE,NO TRADE
EXIT,2026-07-07,15:02:12,24450,CE,BUY CE,50.7,24427.30,4.25,24457.0,24412.0,27.0,15:09:12,24409.45,0.25,SL,7.0,-0.07,-94.12,-260,BUY CE,BUY CE,NO TRADE
EXIT,2026-07-07,15:03:12,24400,CE,BUY CE,49.5,24421.70,37.00,24455.0,24405.0,26.0,15:10:12,24403.35,19.50,SL,7.0,-0.08,-47.30,-1138,BUY CE,BUY CE,NO TRADE
OPEN,2026-07-07,15:11:12,24400,CE,BUY CE,47.1,24396.10,19.50,24428.0,24380.0,18.0,,0.00,0.00,,0.0,0.00,0.00,0,BUY CE,BUY CE,NO TRADE
OPEN,2026-07-07,15:15:12,24450,CE,BUY CE,44.3,24399.10,0.20,24432.0,24383.0,14.0,,0.00,0.00,,0.0,0.00,0.00,0,BUY CE,BUY CE,BUY PE
EXIT,2026-07-07,15:15:12,24450,CE,BUY CE,44.3,24399.10,0.20,24432.0,24383.0,14.0,15:21:12,24380.60,0.10,SL,6.0,-0.08,-50.00,-6,BUY CE,BUY CE,BUY PE
EXIT,2026-07-07,15:11:12,24400,CE,BUY CE,47.1,24396.10,19.50,24428.0,24380.0,18.0,15:22:12,24376.05,4.85,SL,11.0,-0.08,-75.13,-952,BUY CE,BUY CE,NO TRADE
OPEN,2026-07-07,15:23:12,24350,CE,BUY CE,47.0,24370.30,54.20,24403.0,24354.0,6.0,,0.00,0.00,,0.0,0.00,0.00,0,BUY CE,BUY CE,BUY CE
EXIT,2026-07-07,15:23:12,24350,CE,BUY CE,47.0,24370.30,54.20,24403.0,24354.0,6.0,15:30:12,24353.70,48.15,EOD,7.0,-0.07,-11.16,-393,BUY CE,BUY CE,BUY CE
OPEN,2026-07-08,09:00:12,24350,PE,BUY PE,35.9,24398.70,0.05,24359.0,24419.0,9.0,,0.00,0.00,,0.0,0.00,0.00,0,NO TRADE,BUY PE,BUY PE
EXIT,2026-07-08,09:00:12,24350,PE,BUY PE,35.9,24398.70,0.05,24359.0,24419.0,9.0,09:08:12,24398.70,130.10,FLIP,8.0,0.00,260100.00,8453,NO TRADE,BUY PE,BUY PE
OPEN,2026-07-08,09:08:12,24300,CE,BUY CE,42.7,24259.55,171.00,24307.0,24236.0,18.0,,0.00,0.00,,0.0,0.00,0.00,0,BUY CE,BUY CE,BUY CE
EXIT,2026-07-08,09:08:12,24300,CE,BUY CE,42.7,24259.55,171.00,24307.0,24236.0,18.0,09:16:12,24259.55,171.00,FLIP,8.0,0.00,0.00,0,BUY CE,BUY CE,BUY CE
OPEN,2026-07-08,09:16:12,24200,PE,BUY PE,44.9,24260.85,0.00,24212.0,24285.0,9.0,,0.00,0.00,,0.0,0.00,0.00,0,BUY CE,BUY PE,NO TRADE
OPEN,2026-07-08,09:17:12,24300,PE,BUY PE,45.5,24277.45,165.75,24229.0,24301.0,9.0,,0.00,0.00,,0.0,0.00,0.00,0,BUY CE,BUY PE,NO TRADE
EXIT,2026-07-08,09:16:12,24200,PE,BUY PE,44.9,24260.85,0.00,24212.0,24285.0,9.0,09:21:12,24287.50,116.45,SL,5.0,-0.11,0.00,0,BUY CE,BUY PE,NO TRADE
OPEN,2026-07-08,09:22:12,24250,PE,BUY PE,44.7,24279.55,138.65,24233.0,24303.0,9.0,,0.00,0.00,,0.0,0.00,0.00,0,BUY CE,BUY PE,NO TRADE
OPEN,2026-07-08,09:23:12,24200,PE,BUY PE,43.7,24263.15,116.85,24214.0,24288.0,9.0,,0.00,0.00,,0.0,0.00,0.00,0,BUY CE,BUY PE,NO TRADE
EXIT,2026-07-08,09:17:12,24300,PE,BUY PE,45.5,24277.45,165.75,24229.0,24301.0,9.0,09:26:12,24242.45,173.10,TIMEOUT,9.0,0.14,4.43,478,BUY CE,BUY PE,NO TRADE
EXIT,2026-07-08,09:22:12,24250,PE,BUY PE,44.7,24279.55,138.65,24233.0,24303.0,9.0,09:30:12,24229.85,167.20,TARGET,8.0,0.20,20.59,1856,BUY CE,BUY PE,NO TRADE
OPEN,2026-07-08,09:32:12,24150,PE,BUY PE,43.8,24224.95,126.80,24176.0,24249.0,9.0,,0.00,0.00,,0.0,0.00,0.00,0,BUY CE,BUY PE,BUY PE
EXIT,2026-07-08,09:23:12,24200,PE,BUY PE,43.7,24263.15,116.85,24214.0,24288.0,9.0,09:33:12,24225.80,149.80,TIMEOUT,10.0,0.15,28.20,2142,BUY CE,BUY PE,NO TRADE
OPEN,2026-07-08,09:42:12,24200,PE,BUY PE,37.5,24232.20,152.00,24184.0,24256.0,9.0,,0.00,0.00,,0.0,0.00,0.00,0,BUY PE,BUY PE,BUY CE
EXIT,2026-07-08,09:32:12,24150,PE,BUY PE,43.8,24224.95,126.80,24176.0,24249.0,9.0,09:42:12,24232.20,129.10,TIMEOUT,10.0,-0.03,1.81,149,BUY CE,BUY PE,BUY PE
EXIT,2026-07-08,09:42:12,24200,PE,BUY PE,37.5,24232.20,152.00,24184.0,24256.0,9.0,09:52:12,24247.85,134.25,TIMEOUT,10.0,-0.06,-11.68,-1154,BUY PE,BUY PE,BUY CE
OPEN,2026-07-08,13:48:12,24050,PE,BUY PE,39.1,24114.60,77.70,24073.0,24136.0,9.0,,0.00,0.00,,0.0,0.00,0.00,0,BUY PE,BUY CE,BUY PE
OPEN,2026-07-08,13:54:12,24000,PE,BUY PE,40.8,24073.25,119.25,24027.0,24096.0,9.0,,0.00,0.00,,0.0,0.00,0.00,0,BUY PE,BUY CE,BUY CE
EXIT,2026-07-08,13:48:12,24050,PE,BUY PE,39.1,24114.60,77.70,24073.0,24136.0,9.0,13:55:12,24063.05,160.70,TARGET,7.0,0.21,106.82,5395,BUY PE,BUY CE,BUY PE
OPEN,2026-07-08,13:59:12,23950,PE,BUY PE,42.2,24024.90,121.65,23972.0,24051.0,9.0,,0.00,0.00,,0.0,0.00,0.00,0,BUY PE,BUY PE,BUY CE
EXIT,2026-07-08,13:54:12,24000,PE,BUY PE,40.8,24073.25,119.25,24027.0,24096.0,9.0,13:59:12,24024.90,143.05,TARGET,5.0,0.20,19.96,1547,BUY PE,BUY CE,BUY CE
OPEN,2026-07-08,14:04:12,23900,PE,BUY PE,42.7,23972.45,151.05,23914.0,24001.0,9.0,,0.00,0.00,,0.0,0.00,0.00,0,BUY PE,BUY PE,BUY PE
EXIT,2026-07-08,13:59:12,23950,PE,BUY PE,42.2,24024.90,121.65,23972.0,24051.0,9.0,14:06:12,23936.05,173.25,TARGET,7.0,0.37,42.42,3354,BUY PE,BUY PE,BUY CE
OPEN,2026-07-08,14:08:12,23950,PE,BUY PE,46.1,23966.30,200.60,23906.0,23996.0,9.0,,0.00,0.00,,0.0,0.00,0.00,0,BUY PE,BUY PE,BUY PE
OPEN,2026-07-08,14:10:12,23850,PE,BUY PE,42.8,23915.40,165.95,23851.0,23947.0,9.0,,0.00,0.00,,0.0,0.00,0.00,0,BUY PE,BUY PE,BUY CE
EXIT,2026-07-08,14:08:12,23950,PE,BUY PE,46.1,23966.30,200.60,23906.0,23996.0,9.0,14:12:12,23902.95,212.40,TARGET,4.0,0.26,5.88,767,BUY PE,BUY PE,BUY PE
EXIT,2026-07-08,14:04:12,23900,PE,BUY PE,42.7,23972.45,151.05,23914.0,24001.0,9.0,14:12:12,23902.95,188.55,TARGET,8.0,0.29,24.83,2438,BUY PE,BUY PE,BUY PE
OPEN,2026-07-08,14:15:12,23900,PE,BUY PE,45.4,23895.10,198.15,23829.0,23928.0,9.0,,0.00,0.00,,0.0,0.00,0.00,0,BUY PE,BUY PE,BUY CE
OPEN,2026-07-08,14:17:12,23950,PE,BUY PE,49.0,23925.00,236.50,23859.0,23958.0,9.0,,0.00,0.00,,0.0,0.00,0.00,0,BUY PE,BUY PE,BUY PE
EXIT,2026-07-08,14:10:12,23850,PE,BUY PE,42.8,23915.40,165.95,23851.0,23947.0,9.0,14:20:12,23912.10,173.20,TIMEOUT,10.0,0.01,4.37,471,BUY PE,BUY PE,BUY CE
EXIT,2026-07-08,14:15:12,23900,PE,BUY PE,45.4,23895.10,198.15,23829.0,23928.0,9.0,14:25:12,23907.50,189.40,TIMEOUT,10.0,-0.05,-4.42,-569,BUY PE,BUY PE,BUY CE
OPEN,2026-07-08,14:26:12,23900,PE,BUY PE,47.9,23899.25,200.95,23831.0,23933.0,9.0,,0.00,0.00,,0.0,0.00,0.00,0,BUY PE,BUY PE,BUY PE
EXIT,2026-07-08,14:17:12,23950,PE,BUY PE,49.0,23925.00,236.50,23859.0,23958.0,9.0,14:27:12,23895.60,226.20,TIMEOUT,10.0,0.12,-4.36,-670,BUY PE,BUY PE,BUY PE
OPEN,2026-07-08,14:30:12,23850,PE,BUY PE,47.8,23872.15,178.30,23801.0,23908.0,9.0,,0.00,0.00,,0.0,0.00,0.00,0,BUY PE,BUY PE,BUY PE
EXIT,2026-07-08,14:30:12,23850,PE,BUY PE,47.8,23872.15,178.30,23801.0,23908.0,9.0,14:32:12,23912.45,191.20,SL,2.0,-0.17,7.23,838,BUY PE,BUY PE,BUY PE
EXIT,2026-07-08,14:26:12,23900,PE,BUY PE,47.9,23899.25,200.95,23831.0,23933.0,9.0,14:36:12,23875.85,203.85,TIMEOUT,10.0,0.10,1.44,189,BUY PE,BUY PE,BUY PE
OPEN,2026-07-08,14:37:12,23850,PE,BUY PE,46.4,23854.00,180.80,23781.0,23891.0,9.0,,0.00,0.00,,0.0,0.00,0.00,0,BUY PE,BUY PE,BUY PE
EXIT,2026-07-08,14:37:12,23850,PE,BUY PE,46.4,23854.00,180.80,23781.0,23891.0,9.0,14:47:12,23846.70,194.90,TIMEOUT,10.0,0.03,7.80,916,BUY PE,BUY PE,BUY PE
OPEN,2026-07-08,14:48:12,23850,PE,BUY PE,46.7,23842.00,194.90,23771.0,23878.0,9.0,,0.00,0.00,,0.0,0.00,0.00,0,BUY PE,BUY PE,BUY PE
OPEN,2026-07-08,14:52:12,23800,PE,BUY PE,45.1,23814.90,169.50,23743.0,23851.0,9.0,,0.00,0.00,,0.0,0.00,0.00,0,BUY PE,BUY PE,BUY PE
EXIT,2026-07-08,14:48:12,23850,PE,BUY PE,46.7,23842.00,194.90,23771.0,23878.0,9.0,14:58:12,23817.80,202.40,TIMEOUT,10.0,0.10,3.85,488,BUY PE,BUY PE,BUY PE
OPEN,2026-07-08,15:00:12,23850,PE,BUY PE,49.6,23864.25,201.60,23788.0,23902.0,9.0,,0.00,0.00,,0.0,0.00,0.00,0,BUY PE,BUY PE,BUY PE
EXIT,2026-07-08,14:52:12,23800,PE,BUY PE,45.1,23814.90,169.50,23743.0,23851.0,9.0,15:00:12,23864.25,178.60,SL,8.0,-0.21,5.37,591,BUY PE,BUY PE,BUY PE
OPEN,2026-07-08,15:04:12,23900,PE,BUY PE,58.7,23880.30,204.00,23806.0,23917.0,9.0,,0.00,0.00,,0.0,0.00,0.00,0,BUY PE,BUY PE,BUY PE
EXIT,2026-07-08,15:00:12,23850,PE,BUY PE,49.6,23864.25,201.60,23788.0,23902.0,9.0,15:10:12,23859.80,188.60,TIMEOUT,10.0,0.02,-6.45,-845,BUY PE,BUY PE,BUY PE
OPEN,2026-07-08,15:11:12,23850,PE,BUY PE,56.4,23857.80,179.80,23791.0,23891.0,9.0,,0.00,0.00,,0.0,0.00,0.00,0,BUY PE,BUY PE,BUY PE
EXIT,2026-07-08,15:04:12,23900,PE,BUY PE,58.7,23880.30,204.00,23806.0,23917.0,9.0,15:14:12,23877.90,199.05,TIMEOUT,10.0,0.01,-2.43,-322,BUY PE,BUY PE,BUY PE
OPEN,2026-07-08,15:15:12,23900,PE,BUY PE,57.7,23885.50,199.05,23816.0,23921.0,9.0,,0.00,0.00,,0.0,0.00,0.00,0,BUY PE,BUY PE,BUY PE
EXIT,2026-07-08,15:11:12,23850,PE,BUY PE,56.4,23857.80,179.80,23791.0,23891.0,9.0,15:16:12,23903.25,172.65,SL,5.0,-0.19,-3.98,-465,BUY PE,BUY PE,BUY PE
EXIT,2026-07-08,15:15:12,23900,PE,BUY PE,57.7,23885.50,199.05,23816.0,23921.0,9.0,15:24:12,23909.40,184.00,TIMEOUT,9.0,-0.10,-7.56,-978,BUY PE,BUY PE,BUY PE
OPEN,2026-07-08,15:25:12,23900,PE,BUY PE,54.9,23898.35,184.00,23831.0,23932.0,4.0,,0.00,0.00,,0.0,0.00,0.00,0,BUY PE,BUY PE,BUY PE
EXIT,2026-07-08,15:25:12,23900,PE,BUY PE,54.9,23898.35,184.00,23831.0,23932.0,4.0,15:30:12,23894.90,197.90,EOD,5.0,0.01,7.55,904,BUY PE,BUY PE,BUY PE
OPEN,2026-07-09,09:00:12,23850,PE,BUY PE,44.9,23882.05,176.15,23815.0,23916.0,9.0,,0.00,0.00,,0.0,0.00,0.00,0,BUY PE,BUY PE,BUY PE
OPEN,2026-07-09,09:08:12,23950,PE,BUY PE,47.9,23928.95,228.45,23860.0,23963.0,9.0,,0.00,0.00,,0.0,0.00,0.00,0,BUY PE,BUY PE,BUY PE
EXIT,2026-07-09,09:00:12,23850,PE,BUY PE,44.9,23882.05,176.15,23815.0,23916.0,9.0,09:08:12,23928.95,176.15,SL,8.0,-0.20,0.00,0,BUY PE,BUY PE,BUY PE
OPEN,2026-07-09,09:16:12,23900,PE,BUY PE,44.5,23961.95,0.00,23892.0,23997.0,9.0,,0.00,0.00,,0.0,0.00,0.00,0,BUY CE,BUY PE,NO TRADE
EXIT,2026-07-09,09:08:12,23950,PE,BUY PE,47.9,23928.95,228.45,23860.0,23963.0,9.0,09:17:12,23963.00,228.45,SL,9.0,-0.14,0.00,0,BUY PE,BUY PE,BUY PE
OPEN,2026-07-09,09:18:12,23950,PE,BUY PE,44.9,23997.40,0.00,23923.0,24034.0,9.0,,0.00,0.00,,0.0,0.00,0.00,0,BUY CE,BUY PE,NO TRADE
EXIT,2026-07-09,09:16:12,23900,PE,BUY PE,44.5,23961.95,0.00,23892.0,23997.0,9.0,09:18:12,23997.40,0.00,SL,2.0,-0.15,0.00,0,BUY CE,BUY PE,NO TRADE
OPEN,2026-07-09,09:21:12,24000,PE,BUY PE,45.6,23996.90,153.05,23927.0,24032.0,9.0,,0.00,0.00,,0.0,0.00,0.00,0,BUY CE,BUY PE,BUY PE
EXIT,2026-07-09,09:18:12,23950,PE,BUY PE,44.9,23997.40,0.00,23923.0,24034.0,9.0,09:27:12,24010.20,122.85,TIMEOUT,9.0,-0.05,0.00,0,BUY CE,BUY PE,NO TRADE
OPEN,2026-07-09,09:28:12,23950,PE,BUY PE,44.1,24017.90,121.30,23946.0,24054.0,9.0,,0.00,0.00,,0.0,0.00,0.00,0,BUY CE,BUY PE,BUY PE
EXIT,2026-07-09,09:21:12,24000,PE,BUY PE,45.6,23996.90,153.05,23927.0,24032.0,9.0,09:29:12,24034.50,143.05,SL,8.0,-0.16,-6.53,-650,BUY CE,BUY PE,BUY PE
EXIT,2026-07-09,09:28:12,23950,PE,BUY PE,44.1,24017.90,121.30,23946.0,24054.0,9.0,09:30:12,24034.50,121.30,FLIP,2.0,-0.07,0.00,0,BUY CE,BUY PE,BUY PE
OPEN,2026-07-09,09:30:12,24100,CE,BUY CE,43.8,24030.00,112.65,24103.0,23994.0,18.0,,0.00,0.00,,0.0,0.00,0.00,0,BUY CE,BUY PE,BUY PE
EXIT,2026-07-09,09:30:12,24100,CE,BUY CE,43.8,24030.00,112.65,24103.0,23994.0,18.0,09:32:12,24036.55,118.45,FLIP,2.0,0.03,5.15,377,BUY CE,BUY PE,BUY PE
OPEN,2026-07-09,09:32:12,23950,PE,BUY PE,43.8,24022.95,116.65,23953.0,24058.0,9.0,,0.00,0.00,,0.0,0.00,0.00,0,BUY CE,BUY PE,BUY PE
OPEN,2026-07-09,09:34:12,24000,PE,BUY PE,42.4,24028.10,146.85,23955.0,24065.0,9.0,,0.00,0.00,,0.0,0.00,0.00,0,BUY PE,BUY PE,NO TRADE
EXIT,2026-07-09,09:32:12,23950,PE,BUY PE,43.8,24022.95,116.65,23953.0,24058.0,9.0,09:42:12,24035.25,105.45,TIMEOUT,10.0,-0.05,-9.60,-728,BUY CE,BUY PE,BUY PE
EXIT,2026-07-09,09:34:12,24000,PE,BUY PE,42.4,24028.10,146.85,23955.0,24065.0,9.0,09:44:12,24048.75,127.50,TIMEOUT,10.0,-0.09,-13.18,-1258,BUY PE,BUY PE,NO TRADE
OPEN,2026-07-09,09:45:12,24000,PE,BUY PE,40.2,24048.10,127.50,23978.0,24083.0,9.0,,0.00,0.00,,0.0,0.00,0.00,0,BUY PE,BUY PE,BUY PE
EXIT,2026-07-09,09:45:12,24000,PE,BUY PE,40.2,24048.10,127.50,23978.0,24083.0,9.0,09:55:12,24051.75,125.00,TIMEOUT,10.0,-0.02,-1.96,-162,BUY PE,BUY PE,BUY PE
OPEN,2026-07-09,10:43:12,24050,PE,BUY PE,36.7,24111.10,144.90,24043.0,24145.0,9.0,,0.00,0.00,,0.0,0.00,0.00,0,BUY PE,BUY PE,BUY CE
OPEN,2026-07-09,10:46:12,24000,PE,BUY PE,41.7,24063.85,99.75,23998.0,24097.0,9.0,,0.00,0.00,,0.0,0.00,0.00,0,BUY PE,BUY PE,BUY PE
EXIT,2026-07-09,10:43:12,24050,PE,BUY PE,36.7,24111.10,144.90,24043.0,24145.0,9.0,10:47:12,24037.70,132.90,TARGET,4.0,0.30,-8.28,-780,BUY PE,BUY PE,BUY CE
OPEN,2026-07-09,10:50:12,23950,PE,BUY PE,40.5,24016.65,114.75,23944.0,24053.0,9.0,,0.00,0.00,,0.0,0.00,0.00,0,BUY PE,BUY PE,BUY CE
EXIT,2026-07-09,10:46:12,24000,PE,BUY PE,41.7,24063.85,99.75,23998.0,24097.0,9.0,10:56:12,24018.30,133.90,TIMEOUT,10.0,0.19,34.24,2220,BUY PE,BUY PE,BUY PE
EXIT,2026-07-09,10:50:12,23950,PE,BUY PE,40.5,24016.65,114.75,23944.0,24053.0,9.0,11:00:12,24015.15,113.60,TIMEOUT,10.0,0.01,-1.00,-75,BUY PE,BUY PE,BUY CE
OPEN,2026-07-09,11:01:12,23950,PE,BUY PE,39.1,23997.00,113.60,23930.0,24031.0,9.0,,0.00,0.00,,0.0,0.00,0.00,0,BUY PE,BUY PE,BUY CE
EXIT,2026-07-09,11:01:12,23950,PE,BUY PE,39.1,23997.00,113.60,23930.0,24031.0,9.0,11:10:12,24010.10,118.35,TIMEOUT,9.0,-0.05,4.18,309,BUY PE,BUY PE,BUY CE
OPEN,2026-07-09,11:11:12,23950,PE,BUY PE,37.9,24013.75,118.35,23951.0,24045.0,9.0,,0.00,0.00,,0.0,0.00,0.00,0,BUY PE,BUY PE,BUY PE
EXIT,2026-07-09,11:11:12,23950,PE,BUY PE,37.9,24013.75,118.35,23951.0,24045.0,9.0,11:21:12,24022.05,110.90,TIMEOUT,10.0,-0.03,-6.29,-484,BUY PE,BUY PE,BUY PE
OPEN,2026-07-09,11:28:12,24050,PE,BUY PE,36.0,24076.55,137.10,24014.0,24108.0,9.0,,0.00,0.00,,0.0,0.00,0.00,0,BUY PE,NO TRADE,BUY CE
OPEN,2026-07-09,11:32:12,24000,PE,BUY PE,37.5,24061.60,104.30,23998.0,24094.0,9.0,,0.00,0.00,,0.0,0.00,0.00,0,BUY PE,BUY PE,NO TRADE
EXIT,2026-07-09,11:28:12,24050,PE,BUY PE,36.0,24076.55,137.10,24014.0,24108.0,9.0,11:38:12,24048.55,132.85,TIMEOUT,10.0,0.12,-3.10,-276,BUY PE,NO TRADE,BUY CE
EXIT,2026-07-09,11:32:12,24000,PE,BUY PE,37.5,24061.60,104.30,23998.0,24094.0,9.0,11:42:12,24051.40,110.40,TIMEOUT,10.0,0.04,5.85,397,BUY PE,BUY PE,NO TRADE
OPEN,2026-07-09,12:42:12,23950,PE,BUY PE,35.0,24020.20,95.85,23975.0,24043.0,9.0,,0.00,0.00,,0.0,0.00,0.00,0,NO TRADE,BUY PE,NO TRADE
EXIT,2026-07-09,12:42:12,23950,PE,BUY PE,35.0,24020.20,95.85,23975.0,24043.0,9.0,12:51:12,24029.70,101.15,TIMEOUT,9.0,-0.04,5.53,345,NO TRADE,BUY PE,NO TRADE
OPEN,2026-07-09,13:26:12,24000,PE,BUY PE,35.6,24038.65,120.20,24000.0,24058.0,9.0,,0.00,0.00,,0.0,0.00,0.00,0,NO TRADE,BUY PE,NO TRADE
EXIT,2026-07-09,13:26:12,24000,PE,BUY PE,35.6,24038.65,120.20,24000.0,24058.0,9.0,13:34:12,24059.45,108.90,SL,8.0,-0.09,-9.40,-734,NO TRADE,BUY PE,NO TRADE
OPEN,2026-07-09,13:53:12,24000,PE,BUY PE,35.3,24054.55,107.50,24015.0,24075.0,9.0,,0.00,0.00,,0.0,0.00,0.00,0,BUY PE,BUY PE,NO TRADE
EXIT,2026-07-09,13:53:12,24000,PE,BUY PE,35.3,24054.55,107.50,24015.0,24075.0,9.0,14:03:12,24050.40,115.25,TIMEOUT,10.0,0.02,7.21,504,BUY PE,BUY PE,NO TRADE
OPEN,2026-07-09,14:11:12,24000,PE,BUY PE,35.3,24033.25,115.10,23996.0,24052.0,9.0,,0.00,0.00,,0.0,0.00,0.00,0,NO TRADE,BUY PE,NO TRADE
EXIT,2026-07-09,14:11:12,24000,PE,BUY PE,35.3,24033.25,115.10,23996.0,24052.0,9.0,14:15:12,24052.70,113.40,SL,4.0,-0.08,-1.48,-110,NO TRADE,BUY PE,NO TRADE
OPEN,2026-07-09,14:16:12,24000,PE,BUY PE,37.2,24046.20,113.40,24008.0,24065.0,9.0,,0.00,0.00,,0.0,0.00,0.00,0,BUY PE,BUY PE,NO TRADE
EXIT,2026-07-09,14:16:12,24000,PE,BUY PE,37.2,24046.20,113.40,24008.0,24065.0,9.0,14:26:12,24054.60,115.30,TIMEOUT,10.0,-0.03,1.68,123,BUY PE,BUY PE,NO TRADE
OPEN,2026-07-09,14:27:12,24000,PE,BUY PE,35.2,24052.85,110.50,24014.0,24072.0,9.0,,0.00,0.00,,0.0,0.00,0.00,0,BUY PE,NO TRADE,BUY PE
EXIT,2026-07-09,14:27:12,24000,PE,BUY PE,35.2,24052.85,110.50,24014.0,24072.0,9.0,14:34:12,24073.90,110.40,SL,7.0,-0.09,-0.09,-6,BUY PE,NO TRADE,BUY PE
OPEN,2026-07-09,14:35:12,24100,CE,BUY CE,37.2,24067.30,114.50,24108.0,24047.0,18.0,,0.00,0.00,,0.0,0.00,0.00,0,BUY CE,BUY CE,BUY PE
EXIT,2026-07-09,14:35:12,24100,CE,BUY CE,37.2,24067.30,114.50,24108.0,24047.0,18.0,14:38:12,24056.75,115.30,FLIP,3.0,-0.04,0.70,52,BUY CE,BUY CE,BUY PE
OPEN,2026-07-09,14:38:12,24000,PE,BUY PE,37.8,24049.70,105.50,24009.0,24070.0,9.0,,0.00,0.00,,0.0,0.00,0.00,0,BUY PE,BUY PE,BUY PE
OPEN,2026-07-09,14:41:12,23950,PE,BUY PE,44.3,24002.25,91.50,23956.0,24025.0,9.0,,0.00,0.00,,0.0,0.00,0.00,0,BUY PE,BUY PE,NO TRADE
EXIT,2026-07-09,14:38:12,24000,PE,BUY PE,37.8,24049.70,105.50,24009.0,24070.0,9.0,14:41:12,24002.25,110.25,TARGET,3.0,0.20,4.50,309,BUY PE,BUY PE,BUY PE
OPEN,2026-07-09,14:42:12,24000,PE,BUY PE,43.6,24033.50,110.25,23987.0,24057.0,9.0,,0.00,0.00,,0.0,0.00,0.00,0,BUY PE,BUY PE,BUY PE
EXIT,2026-07-09,14:41:12,23950,PE,BUY PE,44.3,24002.25,91.50,23956.0,24025.0,9.0,14:42:12,24033.50,91.50,SL,1.0,-0.13,0.00,0,BUY PE,BUY PE,NO TRADE
OPEN,2026-07-09,14:47:12,23950,PE,BUY PE,44.4,24023.05,101.30,23978.0,24046.0,9.0,,0.00,0.00,,0.0,0.00,0.00,0,BUY PE,BUY PE,BUY PE
EXIT,2026-07-09,14:42:12,24000,PE,BUY PE,43.6,24033.50,110.25,23987.0,24057.0,9.0,14:52:12,24025.70,123.10,TIMEOUT,10.0,0.03,11.66,835,BUY PE,BUY PE,BUY PE
OPEN,2026-07-09,14:53:12,24000,PE,BUY PE,41.8,24036.35,121.85,23991.0,24059.0,9.0,,0.00,0.00,,0.0,0.00,0.00,0,BUY PE,BUY PE,BUY PE
EXIT,2026-07-09,14:47:12,23950,PE,BUY PE,44.4,24023.05,101.30,23978.0,24046.0,9.0,14:56:12,24035.45,98.20,TIMEOUT,9.0,-0.05,-3.06,-201,BUY PE,BUY PE,BUY PE
EXIT,2026-07-09,14:53:12,24000,PE,BUY PE,41.8,24036.35,121.85,23991.0,24059.0,9.0,15:00:12,24043.35,122.65,FLIP,7.0,-0.03,0.66,52,BUY PE,BUY PE,BUY PE
OPEN,2026-07-09,15:00:12,24050,CE,BUY CE,44.9,24015.85,126.45,24064.0,23992.0,18.0,,0.00,0.00,,0.0,0.00,0.00,0,BUY CE,BUY CE,BUY PE
OPEN,2026-07-09,15:01:12,24000,CE,BUY CE,45.8,23993.85,152.75,24042.0,23970.0,28.0,,0.00,0.00,,0.0,0.00,0.00,0,BUY CE,BUY CE,BUY PE
EXIT,2026-07-09,15:00:12,24050,CE,BUY CE,44.9,24015.85,126.45,24064.0,23992.0,18.0,15:02:12,23993.85,126.45,FLIP,2.0,-0.09,0.00,0,BUY CE,BUY CE,BUY PE
EXIT,2026-07-09,15:01:12,24000,CE,BUY CE,45.8,23993.85,152.75,24042.0,23970.0,28.0,15:02:12,23993.85,152.75,FLIP,1.0,0.00,0.00,0,BUY CE,BUY CE,BUY PE
OPEN,2026-07-09,15:02:12,23950,PE,BUY PE,43.7,23997.95,95.95,23950.0,24022.0,9.0,,0.00,0.00,,0.0,0.00,0.00,0,BUY CE,BUY PE,BUY PE
EXIT,2026-07-09,15:02:12,23950,PE,BUY PE,43.7,23997.95,95.95,23950.0,24022.0,9.0,15:03:12,23997.95,95.95,FLIP,1.0,0.00,0.00,0,BUY CE,BUY PE,BUY PE
OPEN,2026-07-09,15:03:12,24000,CE,BUY CE,44.1,23969.15,138.35,24020.0,23944.0,18.0,,0.00,0.00,,0.0,0.00,0.00,0,BUY CE,BUY PE,BUY PE
EXIT,2026-07-09,15:03:12,24000,CE,BUY CE,44.1,23969.15,138.35,24020.0,23944.0,18.0,15:04:12,23969.15,138.35,FLIP,1.0,0.00,0.00,0,BUY CE,BUY PE,BUY PE
OPEN,2026-07-09,15:04:12,23950,PE,BUY PE,44.8,23978.30,103.15,23927.0,24004.0,9.0,,0.00,0.00,,0.0,0.00,0.00,0,BUY CE,BUY PE,BUY PE
EXIT,2026-07-09,15:04:12,23950,PE,BUY PE,44.8,23978.30,103.15,23927.0,24004.0,9.0,15:07:12,23970.30,126.45,FLIP,3.0,0.03,22.59,1514,BUY CE,BUY PE,BUY PE
OPEN,2026-07-09,15:07:12,23950,CE,BUY CE,45.5,23930.60,145.20,23984.0,23904.0,22.0,,0.00,0.00,,0.0,0.00,0.00,0,BUY CE,BUY CE,BUY PE
EXIT,2026-07-09,15:07:12,23950,CE,BUY CE,45.5,23930.60,145.20,23984.0,23904.0,22.0,15:08:12,23930.60,145.20,FLIP,1.0,0.00,0.00,0,BUY CE,BUY CE,BUY PE
OPEN,2026-07-09,15:08:12,23950,PE,BUY PE,45.9,23947.30,153.15,23891.0,23975.0,9.0,,0.00,0.00,,0.0,0.00,0.00,0,BUY CE,BUY PE,BUY PE
EXIT,2026-07-09,15:08:12,23950,PE,BUY PE,45.9,23947.30,153.15,23891.0,23975.0,9.0,15:11:12,23953.90,153.15,FLIP,3.0,-0.03,0.00,0,BUY CE,BUY PE,BUY PE
OPEN,2026-07-09,15:11:12,24000,CE,BUY CE,44.1,23943.30,115.40,23996.0,23917.0,18.0,,0.00,0.00,,0.0,0.00,0.00,0,BUY CE,BUY PE,BUY PE
EXIT,2026-07-09,15:11:12,24000,CE,BUY CE,44.1,23943.30,115.40,23996.0,23917.0,18.0,15:12:12,23943.30,115.40,FLIP,1.0,0.00,0.00,0,BUY CE,BUY PE,BUY PE
OPEN,2026-07-09,15:12:12,23900,PE,BUY PE,44.1,23952.35,113.60,23900.0,23978.0,9.0,,0.00,0.00,,0.0,0.00,0.00,0,BUY CE,BUY PE,BUY PE
EXIT,2026-07-09,15:12:12,23900,PE,BUY PE,44.1,23952.35,113.60,23900.0,23978.0,9.0,15:14:12,23945.70,113.60,FLIP,2.0,0.03,0.00,0,BUY CE,BUY PE,BUY PE
OPEN,2026-07-09,15:14:12,24000,CE,BUY CE,44.0,23944.05,112.85,23997.0,23918.0,15.0,,0.00,0.00,,0.0,0.00,0.00,0,BUY CE,BUY PE,BUY PE
EXIT,2026-07-09,15:14:12,24000,CE,BUY CE,44.0,23944.05,112.85,23997.0,23918.0,15.0,15:15:12,23944.05,112.85,FLIP,1.0,0.00,0.00,0,BUY CE,BUY PE,BUY PE
OPEN,2026-07-09,15:15:12,23900,PE,BUY PE,44.1,23944.90,115.30,23892.0,23971.0,9.0,,0.00,0.00,,0.0,0.00,0.00,0,BUY CE,BUY PE,BUY CE
OPEN,2026-07-09,15:16:12,23950,PE,BUY PE,45.1,23948.25,138.30,23898.0,23973.0,9.0,,0.00,0.00,,0.0,0.00,0.00,0,BUY CE,BUY PE,BUY PE
EXIT,2026-07-09,15:15:12,23900,PE,BUY PE,44.1,23944.90,115.30,23892.0,23971.0,9.0,15:22:12,23973.50,111.95,SL,7.0,-0.12,-2.91,-218,BUY CE,BUY PE,BUY CE
EXIT,2026-07-09,15:16:12,23950,PE,BUY PE,45.1,23948.25,138.30,23898.0,23973.0,9.0,15:22:12,23973.50,135.10,SL,6.0,-0.11,-2.31,-208,BUY CE,BUY PE,BUY PE
OPEN,2026-07-09,15:23:12,23950,PE,BUY PE,48.8,23972.50,117.00,23923.0,23998.0,6.0,,0.00,0.00,,0.0,0.00,0.00,0,BUY CE,BUY PE,BUY PE
OPEN,2026-07-09,15:26:12,24000,PE,BUY PE,46.1,23976.75,146.15,23928.0,24001.0,3.0,,0.00,0.00,,0.0,0.00,0.00,0,BUY CE,BUY PE,BUY PE
EXIT,2026-07-09,15:23:12,23950,PE,BUY PE,48.8,23972.50,117.00,23923.0,23998.0,6.0,15:30:12,23982.05,123.75,EOD,7.0,-0.04,5.77,439,BUY CE,BUY PE,BUY PE
EXIT,2026-07-09,15:26:12,24000,PE,BUY PE,46.1,23976.75,146.15,23928.0,24001.0,3.0,15:30:12,23982.05,147.30,EOD,4.0,-0.02,0.79,75,BUY CE,BUY PE,BUY PE
OPEN,2026-07-10,09:00:12,23900,PE,BUY PE,42.5,23962.80,103.05,23911.0,23989.0,9.0,,0.00,0.00,,0.0,0.00,0.00,0,BUY PE,BUY PE,BUY PE
EXIT,2026-07-10,09:00:12,23900,PE,BUY PE,42.5,23962.80,103.05,23911.0,23989.0,9.0,09:08:12,23962.80,103.05,FLIP,8.0,0.00,0.00,0,BUY PE,BUY PE,BUY PE
OPEN,2026-07-10,09:08:12,24150,CE,BUY CE,36.3,24124.70,63.05,24195.0,24090.0,18.0,,0.00,0.00,,0.0,0.00,0.00,0,BUY CE,BUY CE,BUY CE
EXIT,2026-07-10,09:08:12,24150,CE,BUY CE,36.3,24124.70,63.05,24195.0,24090.0,18.0,09:16:12,24124.70,63.05,FLIP,8.0,0.00,0.00,0,BUY CE,BUY CE,BUY CE
OPEN,2026-07-10,09:16:12,24150,PE,BUY PE,45.7,24155.75,129.05,24086.0,24191.0,9.0,,0.00,0.00,,0.0,0.00,0.00,0,BUY CE,BUY PE,NO TRADE
OPEN,2026-07-10,09:17:12,24200,PE,BUY PE,45.5,24181.90,155.75,24109.0,24218.0,9.0,,0.00,0.00,,0.0,0.00,0.00,0,BUY CE,BUY PE,NO TRADE
OPEN,2026-07-10,09:19:12,24100,PE,BUY PE,43.7,24164.40,84.25,24091.0,24201.0,9.0,,0.00,0.00,,0.0,0.00,0.00,0,BUY CE,BUY PE,BUY PE
EXIT,2026-07-10,09:16:12,24150,PE,BUY PE,45.7,24155.75,129.05,24086.0,24191.0,9.0,09:26:12,24169.45,103.40,TIMEOUT,10.0,-0.06,-19.88,-1667,BUY CE,BUY PE,NO TRADE
EXIT,2026-07-10,09:17:12,24200,PE,BUY PE,45.5,24181.90,155.75,24109.0,24218.0,9.0,09:27:12,24156.60,127.05,TIMEOUT,10.0,0.10,-18.43,-1866,BUY CE,BUY PE,NO TRADE
OPEN,2026-07-10,09:28:12,24150,PE,BUY PE,47.0,24170.50,106.95,24101.0,24206.0,9.0,,0.00,0.00,,0.0,0.00,0.00,0,BUY CE,BUY PE,BUY PE
EXIT,2026-07-10,09:19:12,24100,PE,BUY PE,43.7,24164.40,84.25,24091.0,24201.0,9.0,09:29:12,24166.05,86.15,TIMEOUT,10.0,-0.01,2.26,124,BUY CE,BUY PE,BUY PE
OPEN,2026-07-10,09:31:12,24200,PE,BUY PE,46.5,24175.90,130.40,24110.0,24209.0,9.0,,0.00,0.00,,0.0,0.00,0.00,0,BUY CE,BUY PE,NO TRADE
OPEN,2026-07-10,09:33:12,24100,PE,BUY PE,44.6,24173.95,84.85,24107.0,24207.0,9.0,,0.00,0.00,,0.0,0.00,0.00,0,BUY CE,BUY PE,NO TRADE
EXIT,2026-07-10,09:28:12,24150,PE,BUY PE,47.0,24170.50,106.95,24101.0,24206.0,9.0,09:38:12,24191.90,101.50,TIMEOUT,10.0,-0.09,-5.10,-354,BUY CE,BUY PE,BUY PE
OPEN,2026-07-10,09:39:12,24150,PE,BUY PE,38.6,24195.25,101.50,24130.0,24228.0,9.0,,0.00,0.00,,0.0,0.00,0.00,0,BUY PE,BUY PE,NO TRADE
EXIT,2026-07-10,09:31:12,24200,PE,BUY PE,46.5,24175.90,130.40,24110.0,24209.0,9.0,09:41:12,24197.75,119.65,TIMEOUT,10.0,-0.09,-8.24,-699,BUY CE,BUY PE,NO TRADE
EXIT,2026-07-10,09:33:12,24100,PE,BUY PE,44.6,24173.95,84.85,24107.0,24207.0,9.0,09:42:12,24206.00,78.85,TIMEOUT,9.0,-0.13,-7.07,-390,BUY CE,BUY PE,NO TRADE
EXIT,2026-07-10,09:39:12,24150,PE,BUY PE,38.6,24195.25,101.50,24130.0,24228.0,9.0,09:49:12,24205.20,94.15,TIMEOUT,10.0,-0.04,-7.24,-478,BUY PE,BUY PE,NO TRADE
OPEN,2026-07-10,14:53:12,24250,CE,BUY CE,35.7,24206.75,84.80,24234.0,24193.0,18.0,,0.00,0.00,,0.0,0.00,0.00,0,NO TRADE,BUY CE,BUY CE
OPEN,2026-07-10,15:00:12,24200,CE,BUY CE,53.4,24204.95,101.40,24234.0,24190.0,29.0,,0.00,0.00,,0.0,0.00,0.00,0,BUY CE,BUY CE,NO TRADE
EXIT,2026-07-10,14:53:12,24250,CE,BUY CE,35.7,24206.75,84.80,24234.0,24193.0,18.0,15:12:12,24214.15,79.70,TIMEOUT,19.0,0.03,-6.01,-331,NO TRADE,BUY CE,BUY CE
EXIT,2026-07-10,15:00:12,24200,CE,BUY CE,53.4,24204.95,101.40,24234.0,24190.0,29.0,15:29:12,24210.00,101.55,TIMEOUT,29.0,0.02,0.15,10,BUY CE,BUY CE,NO TRADE
OPEN,2026-07-10,15:30:12,24200,CE,BUY CE,51.3,24211.30,105.95,24241.0,24196.0,25.0,,0.00,0.00,,0.0,0.00,0.00,0,BUY CE,BUY CE,BUY CE
EXIT,2026-07-10,15:30:12,24200,CE,BUY CE,51.3,24211.30,105.95,24241.0,24196.0,25.0,15:30:12,24211.30,105.95,EOD,0.0,0.00,0.00,0,BUY CE,BUY CE,BUY CE
OPEN,2026-07-11,14:36:12,24250,CE,BUY CE,35.0,24206.90,78.40,24238.0,24191.0,18.0,,0.00,0.00,,0.0,0.00,0.00,0,BUY CE,NO TRADE,NO TRADE
EXIT,2026-07-11,14:36:12,24250,CE,BUY CE,35.0,24206.90,78.40,24238.0,24191.0,18.0,14:55:12,24206.90,78.40,TIMEOUT,19.0,0.00,0.00,0,BUY CE,NO TRADE,NO TRADE
OPEN,2026-07-11,15:00:12,24200,CE,BUY CE,51.5,24206.90,104.00,24238.0,24191.0,29.0,,0.00,0.00,,0.0,0.00,0.00,0,BUY CE,BUY CE,NO TRADE
EXIT,2026-07-11,15:00:12,24200,CE,BUY CE,51.5,24206.90,104.00,24238.0,24191.0,29.0,15:29:12,24206.90,104.00,TIMEOUT,29.0,0.00,0.00,0,BUY CE,BUY CE,NO TRADE
OPEN,2026-07-11,15:30:12,24200,CE,BUY CE,51.2,24206.90,104.00,24238.0,24191.0,25.0,,0.00,0.00,,0.0,0.00,0.00,0,BUY CE,BUY CE,BUY CE
EXIT,2026-07-11,15:30:12,24200,CE,BUY CE,51.2,24206.90,104.00,24238.0,24191.0,25.0,15:30:12,24206.90,104.00,EOD,0.0,0.00,0.00,0,BUY CE,BUY CE,BUY CE
OPEN,2026-07-12,14:36:12,24250,CE,BUY CE,35.0,24206.90,78.40,24238.0,24191.0,18.0,,0.00,0.00,,0.0,0.00,0.00,0,BUY CE,NO TRADE,NO TRADE
EXIT,2026-07-12,14:36:12,24250,CE,BUY CE,35.0,24206.90,78.40,24238.0,24191.0,18.0,14:55:12,24206.90,78.40,TIMEOUT,19.0,0.00,0.00,0,BUY CE,NO TRADE,NO TRADE
OPEN,2026-07-12,15:00:12,24200,CE,BUY CE,51.5,24206.90,104.00,24238.0,24191.0,29.0,,0.00,0.00,,0.0,0.00,0.00,0,BUY CE,BUY CE,NO TRADE
EXIT,2026-07-12,15:00:12,24200,CE,BUY CE,51.5,24206.90,104.00,24238.0,24191.0,29.0,15:30:12,24206.90,104.00,EOD,30.0,0.00,0.00,0,BUY CE,BUY CE,NO TRADE
OPEN,2026-07-13,09:08:12,24100,CE,BUY CE,41.1,24039.40,167.70,24093.0,24012.0,18.0,,0.00,0.00,,0.0,0.00,0.00,0,BUY CE,BUY CE,BUY PE
EXIT,2026-07-13,09:08:12,24100,CE,BUY CE,41.1,24039.40,167.70,24093.0,24012.0,18.0,09:16:12,24039.40,167.70,FLIP,8.0,0.00,0.00,0,BUY CE,BUY CE,BUY PE
OPEN,2026-07-13,09:16:12,24000,PE,BUY PE,46.6,24012.80,31.90,23956.0,24041.0,9.0,,0.00,0.00,,0.0,0.00,0.00,0,BUY CE,BUY PE,NO TRADE
OPEN,2026-07-13,09:17:12,24050,PE,BUY PE,46.5,24029.20,114.55,23972.0,24058.0,9.0,,0.00,0.00,,0.0,0.00,0.00,0,BUY CE,BUY PE,NO TRADE
EXIT,2026-07-13,09:16:12,24000,PE,BUY PE,46.6,24012.80,31.90,23956.0,24041.0,9.0,09:26:12,24023.90,88.15,TIMEOUT,10.0,-0.05,176.33,3656,BUY CE,BUY PE,NO TRADE
OPEN,2026-07-13,09:27:12,24000,PE,BUY PE,45.8,24023.00,86.00,23970.0,24050.0,9.0,,0.00,0.00,,0.0,0.00,0.00,0,BUY CE,BUY PE,BUY PE
EXIT,2026-07-13,09:17:12,24050,PE,BUY PE,46.5,24029.20,114.55,23972.0,24058.0,9.0,09:27:12,24023.00,111.35,TIMEOUT,10.0,0.03,-2.79,-208,BUY CE,BUY PE,NO TRADE
OPEN,2026-07-13,09:28:12,24050,PE,BUY PE,45.5,24026.25,111.35,23973.0,24053.0,9.0,,0.00,0.00,,0.0,0.00,0.00,0,BUY CE,BUY PE,BUY PE
OPEN,2026-07-13,09:34:12,23950,PE,BUY PE,41.3,24024.75,64.80,23972.0,24051.0,9.0,,0.00,0.00,,0.0,0.00,0.00,0,BUY PE,BUY PE,NO TRADE
EXIT,2026-07-13,09:27:12,24000,PE,BUY PE,45.8,24023.00,86.00,23970.0,24050.0,9.0,09:36:12,24035.55,82.40,TIMEOUT,9.0,-0.05,-4.19,-234,BUY CE,BUY PE,BUY PE
OPEN,2026-07-13,09:37:12,24000,PE,BUY PE,40.5,24046.00,79.75,23994.0,24072.0,9.0,,0.00,0.00,,0.0,0.00,0.00,0,BUY PE,BUY PE,BUY PE
EXIT,2026-07-13,09:28:12,24050,PE,BUY PE,45.5,24026.25,111.35,23973.0,24053.0,9.0,09:37:12,24046.00,105.40,TIMEOUT,9.0,-0.08,-5.34,-387,BUY CE,BUY PE,BUY PE
EXIT,2026-07-13,09:34:12,23950,PE,BUY PE,41.3,24024.75,64.80,23972.0,24051.0,9.0,09:38:12,24062.55,59.30,SL,4.0,-0.16,-8.49,-358,BUY PE,BUY PE,NO TRADE
EXIT,2026-07-13,09:37:12,24000,PE,BUY PE,40.5,24046.00,79.75,23994.0,24072.0,9.0,09:42:12,24072.65,67.00,SL,5.0,-0.11,-15.99,-829,BUY PE,BUY PE,BUY PE
OPEN,2026-07-13,09:43:12,24050,PE,BUY PE,40.7,24088.50,88.85,24035.0,24116.0,9.0,,0.00,0.00,,0.0,0.00,0.00,0,BUY PE,BUY PE,BUY PE
OPEN,2026-07-13,09:46:12,24000,PE,BUY PE,37.0,24073.65,64.50,24022.0,24100.0,9.0,,0.00,0.00,,0.0,0.00,0.00,0,BUY PE,NO TRADE,BUY PE
EXIT,2026-07-13,09:46:12,24000,PE,BUY PE,37.0,24073.65,64.50,24022.0,24100.0,9.0,09:50:12,24104.05,62.70,SL,4.0,-0.13,-2.79,-117,BUY PE,NO TRADE,BUY PE
EXIT,2026-07-13,09:43:12,24050,PE,BUY PE,40.7,24088.50,88.85,24035.0,24116.0,9.0,09:53:12,24111.65,79.75,TIMEOUT,10.0,-0.10,-10.24,-591,BUY PE,BUY PE,BUY PE
OPEN,2026-07-13,09:54:12,24050,PE,BUY PE,37.5,24111.80,79.75,24058.0,24139.0,9.0,,0.00,0.00,,0.0,0.00,0.00,0,BUY PE,NO TRADE,NO TRADE
EXIT,2026-07-13,09:54:12,24050,PE,BUY PE,37.5,24111.80,79.75,24058.0,24139.0,9.0,10:04:12,24111.65,75.60,TIMEOUT,10.0,0.00,-5.20,-270,BUY PE,NO TRADE,NO TRADE
OPEN,2026-07-13,13:01:12,24250,CE,BUY CE,36.5,24211.90,81.40,24252.0,24192.0,18.0,,0.00,0.00,,0.0,0.00,0.00,0,BUY CE,BUY CE,NO TRADE
EXIT,2026-07-13,13:01:12,24250,CE,BUY CE,36.5,24211.90,81.40,24252.0,24192.0,18.0,13:20:12,24213.50,70.85,TIMEOUT,19.0,0.01,-12.96,-686,BUY CE,BUY CE,NO TRADE
OPEN,2026-07-13,13:30:12,24100,PE,BUY PE,35.4,24173.50,65.00,24134.0,24194.0,9.0,,0.00,0.00,,0.0,0.00,0.00,0,NO TRADE,BUY PE,BUY CE
OPEN,2026-07-13,13:31:12,24150,PE,BUY PE,35.6,24185.90,84.65,24146.0,24206.0,9.0,,0.00,0.00,,0.0,0.00,0.00,0,NO TRADE,BUY PE,BUY PE
EXIT,2026-07-13,13:30:12,24100,PE,BUY PE,35.4,24173.50,65.00,24134.0,24194.0,9.0,13:36:12,24196.40,60.35,SL,6.0,-0.09,-7.15,-302,NO TRADE,BUY PE,BUY CE
EXIT,2026-07-13,13:31:12,24150,PE,BUY PE,35.6,24185.90,84.65,24146.0,24206.0,9.0,13:40:12,24198.95,73.45,TIMEOUT,9.0,-0.05,-13.23,-728,NO TRADE,BUY PE,BUY PE
OPEN,2026-07-13,13:44:12,24150,PE,BUY PE,36.7,24187.30,71.90,24147.0,24207.0,9.0,,0.00,0.00,,0.0,0.00,0.00,0,BUY PE,BUY PE,NO TRADE
EXIT,2026-07-13,13:44:12,24150,PE,BUY PE,36.7,24187.30,71.90,24147.0,24207.0,9.0,13:54:12,24190.70,73.75,TIMEOUT,10.0,-0.01,2.57,120,BUY PE,BUY PE,NO TRADE
OPEN,2026-07-13,14:54:12,24300,CE,BUY CE,35.3,24247.95,49.00,24279.0,24232.0,18.0,,0.00,0.00,,0.0,0.00,0.00,0,BUY CE,NO TRADE,BUY CE
OPEN,2026-07-13,15:00:12,24250,CE,BUY CE,50.9,24233.50,62.60,24267.0,24217.0,29.0,,0.00,0.00,,0.0,0.00,0.00,0,BUY CE,BUY CE,NO TRADE
OPEN,2026-07-13,15:01:12,24200,CE,BUY CE,49.4,24221.95,88.65,24254.0,24206.0,28.0,,0.00,0.00,,0.0,0.00,0.00,0,BUY CE,BUY CE,NO TRADE
EXIT,2026-07-13,14:54:12,24300,CE,BUY CE,35.3,24247.95,49.00,24279.0,24232.0,18.0,15:01:12,24221.95,41.85,SL,7.0,-0.11,-14.59,-465,BUY CE,NO TRADE,BUY CE
EXIT,2026-07-13,15:00:12,24250,CE,BUY CE,50.9,24233.50,62.60,24267.0,24217.0,29.0,15:09:12,24214.70,62.45,SL,9.0,-0.08,-0.24,-10,BUY CE,BUY CE,NO TRADE
EXIT,2026-07-13,15:01:12,24200,CE,BUY CE,49.4,24221.95,88.65,24254.0,24206.0,28.0,15:13:12,24203.95,84.05,SL,12.0,-0.07,-5.19,-299,BUY CE,BUY CE,NO TRADE
OPEN,2026-07-13,15:14:12,24200,CE,BUY CE,47.3,24205.15,79.25,24237.0,24189.0,15.0,,0.00,0.00,,0.0,0.00,0.00,0,BUY CE,BUY CE,NO TRADE
EXIT,2026-07-13,15:14:12,24200,CE,BUY CE,47.3,24205.15,79.25,24237.0,24189.0,15.0,15:30:12,24211.65,82.00,EOD,16.0,0.03,3.47,179,BUY CE,BUY CE,NO TRADE
OPEN,2026-07-14,09:08:12,24000,PE,BUY PE,38.2,24068.00,27.90,24018.0,24093.0,9.0,,0.00,0.00,,0.0,0.00,0.00,0,BUY PE,BUY PE,BUY PE
OPEN,2026-07-14,09:16:12,24050,PE,BUY PE,45.5,24071.05,65.55,24021.0,24096.0,9.0,,0.00,0.00,,0.0,0.00,0.00,0,BUY CE,BUY PE,NO TRADE
OPEN,2026-07-14,09:17:12,24100,PE,BUY PE,45.7,24089.50,93.85,24041.0,24114.0,9.0,,0.00,0.00,,0.0,0.00,0.00,0,BUY CE,BUY PE,NO TRADE
EXIT,2026-07-14,09:08:12,24000,PE,BUY PE,38.2,24068.00,27.90,24018.0,24093.0,9.0,09:18:12,24111.65,45.20,SL,10.0,-0.18,62.01,1125,BUY PE,BUY PE,BUY PE
EXIT,2026-07-14,09:16:12,24050,PE,BUY PE,45.5,24071.05,65.55,24021.0,24096.0,9.0,09:18:12,24111.65,65.55,SL,2.0,-0.17,0.00,0,BUY CE,BUY PE,NO TRADE
EXIT,2026-07-14,09:17:12,24100,PE,BUY PE,45.7,24089.50,93.85,24041.0,24114.0,9.0,09:21:12,24123.35,62.85,SL,4.0,-0.14,-33.03,-2015,BUY CE,BUY PE,NO TRADE
OPEN,2026-07-14,09:22:12,24150,PE,BUY PE,47.0,24125.05,91.85,24075.0,24150.0,9.0,,0.00,0.00,,0.0,0.00,0.00,0,BUY CE,BUY PE,BUY PE
OPEN,2026-07-14,09:28:12,24100,PE,BUY PE,43.7,24142.75,49.85,24092.0,24168.0,9.0,,0.00,0.00,,0.0,0.00,0.00,0,BUY CE,BUY PE,NO TRADE
EXIT,2026-07-14,09:22:12,24150,PE,BUY PE,47.0,24125.05,91.85,24075.0,24150.0,9.0,09:30:12,24142.35,73.10,FLIP,8.0,-0.07,-20.41,-1219,BUY CE,BUY PE,BUY PE
EXIT,2026-07-14,09:28:12,24100,PE,BUY PE,43.7,24142.75,49.85,24092.0,24168.0,9.0,09:30:12,24142.35,49.85,FLIP,2.0,0.00,0.00,0,BUY CE,BUY PE,NO TRADE
OPEN,2026-07-14,09:30:12,24200,CE,BUY CE,44.0,24138.50,34.90,24190.0,24113.0,18.0,,0.00,0.00,,0.0,0.00,0.00,0,BUY CE,BUY PE,BUY PE
EXIT,2026-07-14,09:30:12,24200,CE,BUY CE,44.0,24138.50,34.90,24190.0,24113.0,18.0,09:33:12,24126.95,34.90,FLIP,3.0,-0.05,0.00,0,BUY CE,BUY PE,BUY PE
OPEN,2026-07-14,09:33:12,24100,PE,BUY PE,43.7,24142.65,54.60,24092.0,24168.0,9.0,,0.00,0.00,,0.0,0.00,0.00,0,BUY CE,BUY PE,BUY PE
OPEN,2026-07-14,09:36:12,24050,PE,BUY PE,40.5,24116.85,34.00,24067.0,24142.0,9.0,,0.00,0.00,,0.0,0.00,0.00,0,BUY PE,BUY PE,BUY PE
EXIT,2026-07-14,09:33:12,24100,PE,BUY PE,43.7,24142.65,54.60,24092.0,24168.0,9.0,09:41:12,24083.25,62.65,TARGET,8.0,0.25,14.74,523,BUY CE,BUY PE,BUY PE
EXIT,2026-07-14,09:36:12,24050,PE,BUY PE,40.5,24116.85,34.00,24067.0,24142.0,9.0,09:46:12,24076.55,37.85,TIMEOUT,10.0,0.17,11.32,250,BUY PE,BUY PE,BUY PE
OPEN,2026-07-14,09:47:12,24050,PE,BUY PE,39.3,24076.50,37.85,24025.0,24103.0,9.0,,0.00,0.00,,0.0,0.00,0.00,0,BUY PE,BUY PE,BUY PE
OPEN,2026-07-14,09:48:12,24000,PE,BUY PE,39.9,24073.70,30.00,24022.0,24100.0,9.0,,0.00,0.00,,0.0,0.00,0.00,0,BUY PE,BUY PE,BUY PE
EXIT,2026-07-14,09:47:12,24050,PE,BUY PE,39.3,24076.50,37.85,24025.0,24103.0,9.0,09:57:12,24072.75,46.30,TIMEOUT,10.0,0.02,22.32,549,BUY PE,BUY PE,BUY PE
EXIT,2026-07-14,09:48:12,24000,PE,BUY PE,39.9,24073.70,30.00,24022.0,24100.0,9.0,09:58:12,24068.85,28.20,TIMEOUT,10.0,0.02,-6.00,-117,BUY PE,BUY PE,BUY PE
OPEN,2026-07-14,13:34:12,24000,PE,BUY PE,35.5,24073.50,8.65,24038.0,24092.0,9.0,,0.00,0.00,,0.0,0.00,0.00,0,BUY PE,NO TRADE,NO TRADE
EXIT,2026-07-14,13:34:12,24000,PE,BUY PE,35.5,24073.50,8.65,24038.0,24092.0,9.0,13:43:12,24047.05,16.05,TIMEOUT,9.0,0.11,85.55,481,BUY PE,NO TRADE,NO TRADE
OPEN,2026-07-14,13:44:12,24000,PE,BUY PE,37.8,24039.90,16.05,24003.0,24058.0,9.0,,0.00,0.00,,0.0,0.00,0.00,0,BUY PE,BUY PE,BUY PE
EXIT,2026-07-14,13:44:12,24000,PE,BUY PE,37.8,24039.90,16.05,24003.0,24058.0,9.0,13:45:12,24059.30,16.05,SL,1.0,-0.08,0.00,0,BUY PE,BUY PE,BUY PE
OPEN,2026-07-14,13:46:12,24000,PE,BUY PE,37.7,24060.80,14.85,24025.0,24079.0,9.0,,0.00,0.00,,0.0,0.00,0.00,0,BUY PE,BUY PE,BUY PE
EXIT,2026-07-14,13:46:12,24000,PE,BUY PE,37.7,24060.80,14.85,24025.0,24079.0,9.0,13:55:12,24063.30,11.20,TIMEOUT,9.0,-0.01,-24.58,-237,BUY PE,BUY PE,BUY PE
OPEN,2026-07-14,13:56:12,24000,PE,BUY PE,37.1,24066.05,11.20,24031.0,24084.0,9.0,,0.00,0.00,,0.0,0.00,0.00,0,BUY PE,BUY PE,NO TRADE
EXIT,2026-07-14,13:56:12,24000,PE,BUY PE,37.1,24066.05,11.20,24031.0,24084.0,9.0,14:06:12,24060.70,10.55,TIMEOUT,10.0,0.02,-5.80,-42,BUY PE,BUY PE,NO TRADE
OPEN,2026-07-14,14:36:12,24000,PE,BUY PE,35.7,24057.20,13.35,24024.0,24074.0,9.0,,0.00,0.00,,0.0,0.00,0.00,0,NO TRADE,BUY PE,NO TRADE
EXIT,2026-07-14,14:36:12,24000,PE,BUY PE,35.7,24057.20,13.35,24024.0,24074.0,9.0,14:46:12,24046.70,9.85,TIMEOUT,10.0,0.04,-26.22,-228,NO TRADE,BUY PE,NO TRADE
OPEN,2026-07-14,14:48:12,24000,PE,BUY PE,36.3,24029.85,11.15,23995.0,24047.0,9.0,,0.00,0.00,,0.0,0.00,0.00,0,NO TRADE,BUY PE,BUY PE
EXIT,2026-07-14,14:48:12,24000,PE,BUY PE,36.3,24029.85,11.15,23995.0,24047.0,9.0,14:58:12,24048.15,7.70,SL,10.0,-0.08,-30.94,-224,NO TRADE,BUY PE,BUY PE
OPEN,2026-07-14,14:59:12,24000,PE,BUY PE,36.8,24045.20,7.70,24009.0,24063.0,9.0,,0.00,0.00,,0.0,0.00,0.00,0,BUY PE,BUY PE,BUY CE
EXIT,2026-07-14,14:59:12,24000,PE,BUY PE,36.8,24045.20,7.70,24009.0,24063.0,9.0,15:00:12,24045.20,7.70,FLIP,1.0,0.00,0.00,0,BUY PE,BUY PE,BUY CE
OPEN,2026-07-14,15:00:12,24050,CE,BUY CE,45.9,24053.05,10.85,24091.0,24034.0,29.0,,0.00,0.00,,0.0,0.00,0.00,0,BUY CE,BUY CE,NO TRADE
OPEN,2026-07-14,15:23:12,24100,CE,BUY CE,44.8,24045.45,0.05,24082.0,24027.0,6.0,,0.00,0.00,,0.0,0.00,0.00,0,BUY CE,BUY CE,BUY CE
EXIT,2026-07-14,15:00:12,24050,CE,BUY CE,45.9,24053.05,10.85,24091.0,24034.0,29.0,15:29:12,24037.90,2.25,TIMEOUT,29.0,-0.06,-79.26,-559,BUY CE,BUY CE,NO TRADE
OPEN,2026-07-14,15:30:12,24050,CE,BUY CE,47.5,24035.15,2.25,24071.0,24017.0,25.0,,0.00,0.00,,0.0,0.00,0.00,0,BUY CE,BUY CE,BUY CE
EXIT,2026-07-14,15:30:12,24050,CE,BUY CE,47.5,24035.15,2.25,24071.0,24017.0,25.0,15:30:12,24035.15,2.25,EOD,0.0,0.00,0.00,0,BUY CE,BUY CE,BUY CE
EXIT,2026-07-14,15:23:12,24100,CE,BUY CE,44.8,24045.45,0.05,24082.0,24027.0,6.0,15:30:12,24035.15,0.05,EOD,7.0,-0.04,0.00,0,BUY CE,BUY CE,BUY CE
OPEN,2026-07-15,09:00:12,24000,PE,BUY PE,36.9,24052.05,0.05,24014.0,24071.0,9.0,,0.00,0.00,,0.0,0.00,0.00,0,NO TRADE,BUY PE,BUY PE
OPEN,2026-07-15,09:08:12,24050,PE,BUY PE,35.5,24085.85,201.50,24043.0,24107.0,9.0,,0.00,0.00,,0.0,0.00,0.00,0,BUY PE,BUY PE,BUY PE
EXIT,2026-07-15,09:00:12,24000,PE,BUY PE,36.9,24052.05,0.05,24014.0,24071.0,9.0,09:08:12,24085.85,176.45,SL,8.0,-0.14,352800.00,11466,NO TRADE,BUY PE,BUY PE
EXIT,2026-07-15,09:08:12,24050,PE,BUY PE,35.5,24085.85,201.50,24043.0,24107.0,9.0,09:16:12,24108.70,154.10,SL,8.0,-0.09,-23.52,-3081,BUY PE,BUY PE,BUY PE
OPEN,2026-07-15,09:17:12,24100,PE,BUY PE,45.4,24112.35,177.35,24067.0,24135.0,9.0,,0.00,0.00,,0.0,0.00,0.00,0,BUY CE,BUY PE,NO TRADE
OPEN,2026-07-15,09:18:12,24150,PE,BUY PE,45.8,24144.05,203.25,24096.0,24168.0,9.0,,0.00,0.00,,0.0,0.00,0.00,0,BUY CE,BUY PE,NO TRADE
EXIT,2026-07-15,09:17:12,24100,PE,BUY PE,45.4,24112.35,177.35,24067.0,24135.0,9.0,09:18:12,24144.05,177.35,SL,1.0,-0.13,0.00,0,BUY CE,BUY PE,NO TRADE
EXIT,2026-07-15,09:18:12,24150,PE,BUY PE,45.8,24144.05,203.25,24096.0,24168.0,9.0,09:22:12,24172.05,167.10,SL,4.0,-0.12,-17.79,-2350,BUY CE,BUY PE,NO TRADE
OPEN,2026-07-15,09:23:12,24200,PE,BUY PE,47.9,24180.70,193.30,24132.0,24205.0,9.0,,0.00,0.00,,0.0,0.00,0.00,0,BUY CE,BUY PE,BUY PE
OPEN,2026-07-15,09:28:12,24150,PE,BUY PE,43.3,24207.80,150.55,24157.0,24233.0,9.0,,0.00,0.00,,0.0,0.00,0.00,0,BUY CE,BUY PE,NO TRADE
EXIT,2026-07-15,09:23:12,24200,PE,BUY PE,47.9,24180.70,193.30,24132.0,24205.0,9.0,09:28:12,24207.80,174.30,SL,5.0,-0.11,-9.83,-1235,BUY CE,BUY PE,BUY PE
EXIT,2026-07-15,09:28:12,24150,PE,BUY PE,43.3,24207.80,150.55,24157.0,24233.0,9.0,09:32:12,24208.40,147.75,FLIP,4.0,-0.00,-1.86,-182,BUY CE,BUY PE,NO TRADE
OPEN,2026-07-15,09:32:12,24250,CE,BUY CE,42.9,24208.30,130.05,24258.0,24183.0,18.0,,0.00,0.00,,0.0,0.00,0.00,0,BUY CE,BUY PE,NO TRADE
EXIT,2026-07-15,09:32:12,24250,CE,BUY CE,42.9,24208.30,130.05,24258.0,24183.0,18.0,09:33:12,24208.30,130.05,FLIP,1.0,0.00,0.00,0,BUY CE,BUY PE,NO TRADE
OPEN,2026-07-15,09:33:12,24150,PE,BUY PE,43.3,24205.40,147.75,24155.0,24230.0,9.0,,0.00,0.00,,0.0,0.00,0.00,0,BUY CE,BUY PE,BUY PE
EXIT,2026-07-15,09:33:12,24150,PE,BUY PE,43.3,24205.40,147.75,24155.0,24230.0,9.0,09:42:12,24194.70,143.75,TIMEOUT,9.0,0.04,-2.71,-260,BUY CE,BUY PE,BUY PE
OPEN,2026-07-15,09:43:12,24150,PE,BUY PE,36.0,24194.00,143.75,24148.0,24217.0,9.0,,0.00,0.00,,0.0,0.00,0.00,0,BUY PE,BUY PE,BUY CE
EXIT,2026-07-15,09:43:12,24150,PE,BUY PE,36.0,24194.00,143.75,24148.0,24217.0,9.0,09:52:12,24202.60,141.40,TIMEOUT,9.0,-0.04,-1.63,-153,BUY PE,BUY PE,BUY CE
OPEN,2026-07-15,09:53:12,24150,PE,BUY PE,38.5,24196.40,141.40,24152.0,24218.0,9.0,,0.00,0.00,,0.0,0.00,0.00,0,BUY PE,NO TRADE,BUY CE
EXIT,2026-07-15,09:53:12,24150,PE,BUY PE,38.5,24196.40,141.40,24152.0,24218.0,9.0,10:02:12,24174.95,142.80,TIMEOUT,9.0,0.09,0.99,91,BUY PE,NO TRADE,BUY CE
OPEN,2026-07-15,12:57:12,24100,CE,BUY CE,40.3,24051.20,158.45,24096.0,24029.0,18.0,,0.00,0.00,,0.0,0.00,0.00,0,BUY CE,BUY CE,BUY PE
OPEN,2026-07-15,12:58:12,24050,CE,BUY CE,42.4,24017.75,186.65,24064.0,23995.0,18.0,,0.00,0.00,,0.0,0.00,0.00,0,BUY CE,BUY CE,BUY PE
EXIT,2026-07-15,12:57:12,24100,CE,BUY CE,40.3,24051.20,158.45,24096.0,24029.0,18.0,12:58:12,24017.75,158.45,SL,1.0,-0.14,0.00,0,BUY CE,BUY CE,BUY PE
EXIT,2026-07-15,12:58:12,24050,CE,BUY CE,42.4,24017.75,186.65,24064.0,23995.0,18.0,12:59:12,24017.75,186.65,FLIP,1.0,0.00,0.00,0,BUY CE,BUY CE,BUY PE
OPEN,2026-07-15,12:59:12,24000,PE,BUY PE,40.0,24070.05,137.25,24023.0,24094.0,9.0,,0.00,0.00,,0.0,0.00,0.00,0,BUY PE,BUY PE,BUY PE
EXIT,2026-07-15,12:59:12,24000,PE,BUY PE,40.0,24070.05,137.25,24023.0,24094.0,9.0,13:00:12,24070.05,137.25,FLIP,1.0,0.00,0.00,0,BUY PE,BUY PE,BUY PE
OPEN,2026-07-15,13:00:12,24100,CE,BUY CE,41.1,24046.40,137.00,24093.0,24023.0,18.0,,0.00,0.00,,0.0,0.00,0.00,0,BUY PE,BUY CE,BUY PE
EXIT,2026-07-15,13:00:12,24100,CE,BUY CE,41.1,24046.40,137.00,24093.0,24023.0,18.0,13:01:12,24046.40,137.00,FLIP,1.0,0.00,0.00,0,BUY PE,BUY CE,BUY PE
OPEN,2026-07-15,13:01:12,24000,PE,BUY PE,39.8,24065.15,137.25,24017.0,24089.0,9.0,,0.00,0.00,,0.0,0.00,0.00,0,BUY PE,BUY PE,BUY PE
EXIT,2026-07-15,13:01:12,24000,PE,BUY PE,39.8,24065.15,137.25,24017.0,24089.0,9.0,13:10:12,24047.70,149.50,TIMEOUT,9.0,0.07,8.93,796,BUY PE,BUY PE,BUY PE
OPEN,2026-07-15,13:11:12,24000,PE,BUY PE,40.1,24049.55,154.10,24003.0,24073.0,9.0,,0.00,0.00,,0.0,0.00,0.00,0,BUY PE,BUY PE,BUY CE
OPEN,2026-07-15,13:19:12,24050,PE,BUY PE,43.6,24081.15,168.90,24032.0,24106.0,9.0,,0.00,0.00,,0.0,0.00,0.00,0,BUY PE,BUY PE,BUY PE
EXIT,2026-07-15,13:11:12,24000,PE,BUY PE,40.1,24049.55,154.10,24003.0,24073.0,9.0,13:19:12,24081.15,145.60,SL,8.0,-0.13,-5.52,-552,BUY PE,BUY PE,BUY CE
OPEN,2026-07-15,13:22:12,24000,PE,BUY PE,43.7,24072.90,134.85,24025.0,24097.0,9.0,,0.00,0.00,,0.0,0.00,0.00,0,BUY PE,BUY PE,BUY PE
EXIT,2026-07-15,13:19:12,24050,PE,BUY PE,43.6,24081.15,168.90,24032.0,24106.0,9.0,13:28:12,24065.85,162.90,TIMEOUT,9.0,0.06,-3.55,-390,BUY PE,BUY PE,BUY PE
OPEN,2026-07-15,13:30:12,24050,PE,BUY PE,41.3,24075.25,165.10,24028.0,24099.0,9.0,,0.00,0.00,,0.0,0.00,0.00,0,BUY PE,BUY PE,NO TRADE
EXIT,2026-07-15,13:22:12,24000,PE,BUY PE,43.7,24072.90,134.85,24025.0,24097.0,9.0,13:32:12,24072.40,136.80,TIMEOUT,10.0,0.00,1.45,127,BUY PE,BUY PE,BUY PE
OPEN,2026-07-15,13:33:12,24000,PE,BUY PE,38.9,24066.80,136.80,24022.0,24089.0,9.0,,0.00,0.00,,0.0,0.00,0.00,0,BUY PE,BUY PE,NO TRADE
EXIT,2026-07-15,13:30:12,24050,PE,BUY PE,41.3,24075.25,165.10,24028.0,24099.0,9.0,13:39:12,24061.15,168.20,TIMEOUT,9.0,0.06,1.88,201,BUY PE,BUY PE,NO TRADE
EXIT,2026-07-15,13:33:12,24000,PE,BUY PE,38.9,24066.80,136.80,24022.0,24089.0,9.0,13:43:12,24058.60,144.75,TIMEOUT,10.0,0.03,5.81,517,BUY PE,BUY PE,NO TRADE
OPEN,2026-07-15,13:44:12,24000,PE,BUY PE,39.5,24055.10,144.75,24011.0,24077.0,9.0,,0.00,0.00,,0.0,0.00,0.00,0,BUY PE,BUY PE,NO TRADE
EXIT,2026-07-15,13:44:12,24000,PE,BUY PE,39.5,24055.10,144.75,24011.0,24077.0,9.0,13:54:12,24050.25,150.75,TIMEOUT,10.0,0.02,4.15,390,BUY PE,BUY PE,NO TRADE
OPEN,2026-07-15,13:55:12,24000,PE,BUY PE,38.4,24050.70,150.75,24007.0,24073.0,9.0,,0.00,0.00,,0.0,0.00,0.00,0,BUY PE,BUY PE,NO TRADE
OPEN,2026-07-15,13:59:12,24050,PE,BUY PE,37.9,24075.70,175.00,24031.0,24098.0,9.0,,0.00,0.00,,0.0,0.00,0.00,0,BUY PE,BUY PE,NO TRADE
EXIT,2026-07-15,13:55:12,24000,PE,BUY PE,38.4,24050.70,150.75,24007.0,24073.0,9.0,13:59:12,24075.70,151.25,SL,4.0,-0.10,0.33,32,BUY PE,BUY PE,NO TRADE
OPEN,2026-07-15,14:03:12,24000,PE,BUY PE,37.5,24072.10,134.00,24029.0,24094.0,9.0,,0.00,0.00,,0.0,0.00,0.00,0,BUY PE,BUY PE,NO TRADE
EXIT,2026-07-15,13:59:12,24050,PE,BUY PE,37.9,24075.70,175.00,24031.0,24098.0,9.0,14:08:12,24084.65,159.35,TIMEOUT,9.0,-0.04,-8.94,-1017,BUY PE,BUY PE,NO TRADE
EXIT,2026-07-15,14:03:12,24000,PE,BUY PE,37.5,24072.10,134.00,24029.0,24094.0,9.0,14:09:12,24096.20,137.00,SL,6.0,-0.10,2.24,195,BUY PE,BUY PE,NO TRADE
OPEN,2026-07-15,14:10:12,24050,PE,BUY PE,35.2,24088.60,146.35,24045.0,24111.0,9.0,,0.00,0.00,,0.0,0.00,0.00,0,BUY PE,NO TRADE,NO TRADE
EXIT,2026-07-15,14:10:12,24050,PE,BUY PE,35.2,24088.60,146.35,24045.0,24111.0,9.0,14:19:12,24086.40,148.90,TIMEOUT,9.0,0.01,1.74,166,BUY PE,NO TRADE,NO TRADE
OPEN,2026-07-15,14:20:12,24050,PE,BUY PE,35.4,24085.80,155.85,24043.0,24107.0,9.0,,0.00,0.00,,0.0,0.00,0.00,0,BUY PE,BUY PE,BUY CE
OPEN,2026-07-15,14:21:12,24000,PE,BUY PE,37.8,24071.50,134.30,24030.0,24093.0,9.0,,0.00,0.00,,0.0,0.00,0.00,0,BUY PE,BUY PE,NO TRADE
EXIT,2026-07-15,14:20:12,24050,PE,BUY PE,35.4,24085.80,155.85,24043.0,24107.0,9.0,14:30:12,24079.90,156.95,TIMEOUT,10.0,0.02,0.71,71,BUY PE,BUY PE,BUY CE
EXIT,2026-07-15,14:21:12,24000,PE,BUY PE,37.8,24071.50,134.30,24030.0,24093.0,9.0,14:30:12,24079.90,134.05,TIMEOUT,9.0,-0.03,-0.19,-16,BUY PE,BUY PE,NO TRADE
OPEN,2026-07-15,14:31:12,24000,PE,BUY PE,35.9,24073.75,134.05,24035.0,24093.0,9.0,,0.00,0.00,,0.0,0.00,0.00,0,NO TRADE,BUY PE,NO TRADE
OPEN,2026-07-15,14:35:12,24050,PE,BUY PE,35.4,24077.90,158.10,24038.0,24098.0,9.0,,0.00,0.00,,0.0,0.00,0.00,0,BUY CE,BUY PE,NO TRADE
EXIT,2026-07-15,14:31:12,24000,PE,BUY PE,35.9,24073.75,134.05,24035.0,24093.0,9.0,14:37:12,24086.10,135.20,FLIP,6.0,-0.05,0.86,75,NO TRADE,BUY PE,NO TRADE
EXIT,2026-07-15,14:35:12,24050,PE,BUY PE,35.4,24077.90,158.10,24038.0,24098.0,9.0,14:37:12,24086.10,158.10,FLIP,2.0,-0.03,0.00,0,BUY CE,BUY PE,NO TRADE
OPEN,2026-07-15,14:37:12,24150,CE,BUY CE,35.4,24083.95,111.70,24123.0,24064.0,18.0,,0.00,0.00,,0.0,0.00,0.00,0,BUY CE,BUY CE,NO TRADE
EXIT,2026-07-15,14:37:12,24150,CE,BUY CE,35.4,24083.95,111.70,24123.0,24064.0,18.0,14:49:12,24084.50,123.30,FLIP,12.0,0.00,10.38,754,BUY CE,BUY CE,NO TRADE
OPEN,2026-07-15,14:49:12,24050,PE,BUY PE,35.4,24086.55,139.60,24046.0,24107.0,9.0,,0.00,0.00,,0.0,0.00,0.00,0,BUY CE,BUY PE,BUY CE
EXIT,2026-07-15,14:49:12,24050,PE,BUY PE,35.4,24086.55,139.60,24046.0,24107.0,9.0,14:57:12,24080.70,154.40,FLIP,8.0,0.02,10.60,962,BUY CE,BUY PE,BUY CE
OPEN,2026-07-15,14:57:12,24150,CE,BUY CE,35.5,24075.45,113.90,24113.0,24056.0,18.0,,0.00,0.00,,0.0,0.00,0.00,0,BUY CE,BUY CE,BUY PE
EXIT,2026-07-15,14:57:12,24150,CE,BUY CE,35.5,24075.45,113.90,24113.0,24056.0,18.0,14:58:12,24075.45,113.90,FLIP,1.0,0.00,0.00,0,BUY CE,BUY CE,BUY PE
OPEN,2026-07-15,14:58:12,24050,PE,BUY PE,35.1,24075.70,156.05,24038.0,24095.0,9.0,,0.00,0.00,,0.0,0.00,0.00,0,BUY CE,BUY PE,BUY PE
OPEN,2026-07-15,14:59:12,24000,PE,BUY PE,35.1,24074.05,133.95,24036.0,24093.0,9.0,,0.00,0.00,,0.0,0.00,0.00,0,BUY CE,BUY PE,BUY PE
EXIT,2026-07-15,14:58:12,24050,PE,BUY PE,35.1,24075.70,156.05,24038.0,24095.0,9.0,15:00:12,24074.05,156.05,FLIP,2.0,0.01,0.00,0,BUY CE,BUY PE,BUY PE
EXIT,2026-07-15,14:59:12,24000,PE,BUY PE,35.1,24074.05,133.95,24036.0,24093.0,9.0,15:00:12,24074.05,133.95,FLIP,1.0,0.00,0.00,0,BUY CE,BUY PE,BUY PE
OPEN,2026-07-15,15:00:12,24100,CE,BUY CE,48.6,24083.95,135.70,24125.0,24063.0,29.0,,0.00,0.00,,0.0,0.00,0.00,0,BUY CE,BUY CE,NO TRADE
OPEN,2026-07-15,15:01:12,24050,CE,BUY CE,48.3,24069.35,160.40,24109.0,24049.0,28.0,,0.00,0.00,,0.0,0.00,0.00,0,BUY CE,BUY CE,NO TRADE
EXIT,2026-07-15,15:00:12,24100,CE,BUY CE,48.6,24083.95,135.70,24125.0,24063.0,29.0,15:29:12,24076.40,132.15,TIMEOUT,29.0,-0.03,-2.62,-231,BUY CE,BUY CE,NO TRADE
EXIT,2026-07-15,15:01:12,24050,CE,BUY CE,48.3,24069.35,160.40,24109.0,24049.0,28.0,15:29:12,24076.40,157.20,TIMEOUT,28.0,0.03,-2.00,-208,BUY CE,BUY CE,NO TRADE
OPEN,2026-07-15,15:30:12,24050,CE,BUY CE,46.8,24074.85,157.20,24110.0,24057.0,25.0,,0.00,0.00,,0.0,0.00,0.00,0,BUY CE,BUY CE,BUY CE
EXIT,2026-07-15,15:30:12,24050,CE,BUY CE,46.8,24074.85,157.20,24110.0,24057.0,25.0,15:30:12,24074.85,157.20,EOD,0.0,0.00,0.00,0,BUY CE,BUY CE,BUY CE
OPEN,2026-07-16,09:16:12,24150,PE,BUY PE,45.9,24125.80,164.45,24083.0,24147.0,9.0,,0.00,0.00,,0.0,0.00,0.00,0,BUY CE,BUY PE,NO TRADE
EXIT,2026-07-16,09:16:12,24150,PE,BUY PE,45.9,24125.80,164.45,24083.0,24147.0,9.0,09:18:12,24152.55,138.95,SL,2.0,-0.11,-15.51,-1658,BUY CE,BUY PE,NO TRADE
OPEN,2026-07-16,09:19:12,24150,PE,BUY PE,45.7,24163.05,138.95,24118.0,24186.0,9.0,,0.00,0.00,,0.0,0.00,0.00,0,BUY CE,BUY PE,BUY PE
OPEN,2026-07-16,09:26:12,24100,PE,BUY PE,44.9,24140.50,114.85,24097.0,24163.0,9.0,,0.00,0.00,,0.0,0.00,0.00,0,BUY CE,BUY PE,BUY PE
EXIT,2026-07-16,09:19:12,24150,PE,BUY PE,45.7,24163.05,138.95,24118.0,24186.0,9.0,09:28:12,24125.25,137.40,TIMEOUT,9.0,0.16,-1.12,-101,BUY CE,BUY PE,BUY PE
OPEN,2026-07-16,09:29:12,24050,PE,BUY PE,44.9,24122.75,96.60,24077.0,24146.0,9.0,,0.00,0.00,,0.0,0.00,0.00,0,BUY CE,BUY PE,NO TRADE
OPEN,2026-07-16,09:30:12,24150,PE,BUY PE,45.1,24128.90,137.60,24082.0,24152.0,9.0,,0.00,0.00,,0.0,0.00,0.00,0,BUY CE,BUY PE,BUY PE
EXIT,2026-07-16,09:26:12,24100,PE,BUY PE,44.9,24140.50,114.85,24097.0,24163.0,9.0,09:35:12,24110.60,117.10,TIMEOUT,9.0,0.12,1.96,146,BUY CE,BUY PE,BUY PE
EXIT,2026-07-16,09:29:12,24050,PE,BUY PE,44.9,24122.75,96.60,24077.0,24146.0,9.0,09:39:12,24106.10,104.55,TIMEOUT,10.0,0.07,8.23,517,BUY CE,BUY PE,NO TRADE
EXIT,2026-07-16,09:30:12,24150,PE,BUY PE,45.1,24128.90,137.60,24082.0,24152.0,9.0,09:39:12,24106.10,149.00,TIMEOUT,9.0,0.09,8.28,741,BUY CE,BUY PE,BUY PE
OPEN,2026-07-16,09:40:12,24050,PE,BUY PE,41.2,24108.00,104.55,24061.0,24132.0,9.0,,0.00,0.00,,0.0,0.00,0.00,0,BUY PE,BUY PE,NO TRADE
OPEN,2026-07-16,09:43:12,24100,PE,BUY PE,41.8,24130.35,130.05,24082.0,24154.0,9.0,,0.00,0.00,,0.0,0.00,0.00,0,BUY PE,BUY PE,NO TRADE
EXIT,2026-07-16,09:40:12,24050,PE,BUY PE,41.2,24108.00,104.55,24061.0,24132.0,9.0,09:44:12,24132.90,109.25,SL,4.0,-0.10,4.50,306,BUY PE,BUY PE,NO TRADE
OPEN,2026-07-16,09:50:12,24050,PE,BUY PE,37.5,24118.35,97.30,24069.0,24143.0,9.0,,0.00,0.00,,0.0,0.00,0.00,0,BUY PE,BUY PE,NO TRADE
EXIT,2026-07-16,09:43:12,24100,PE,BUY PE,41.8,24130.35,130.05,24082.0,24154.0,9.0,09:52:12,24114.30,120.35,TIMEOUT,9.0,0.07,-7.46,-631,BUY PE,BUY PE,NO TRADE
OPEN,2026-07-16,09:55:12,24100,PE,BUY PE,38.9,24127.30,124.00,24080.0,24151.0,9.0,,0.00,0.00,,0.0,0.00,0.00,0,BUY PE,NO TRADE,NO TRADE
EXIT,2026-07-16,09:50:12,24050,PE,BUY PE,37.5,24118.35,97.30,24069.0,24143.0,9.0,10:00:12,24124.35,95.85,TIMEOUT,10.0,-0.02,-1.49,-94,BUY PE,BUY PE,NO TRADE
EXIT,2026-07-16,09:55:12,24100,PE,BUY PE,38.9,24127.30,124.00,24080.0,24151.0,9.0,10:04:12,24131.65,113.80,TIMEOUT,9.0,-0.02,-8.23,-663,BUY PE,NO TRADE,NO TRADE
OPEN,2026-07-16,13:42:12,24000,PE,BUY PE,35.3,24057.30,111.35,24028.0,24072.0,9.0,,0.00,0.00,,0.0,0.00,0.00,0,NO TRADE,BUY PE,NO TRADE
EXIT,2026-07-16,13:42:12,24000,PE,BUY PE,35.3,24057.30,111.35,24028.0,24072.0,9.0,13:52:12,24076.25,112.75,SL,10.0,-0.08,1.26,91,NO TRADE,BUY PE,NO TRADE
OPEN,2026-07-16,13:59:12,24050,PE,BUY PE,37.8,24088.30,120.90,24057.0,24104.0,9.0,,0.00,0.00,,0.0,0.00,0.00,0,NO TRADE,BUY PE,BUY PE
EXIT,2026-07-16,13:59:12,24050,PE,BUY PE,37.8,24088.30,120.90,24057.0,24104.0,9.0,14:08:12,24094.25,111.55,TIMEOUT,9.0,-0.02,-7.73,-608,NO TRADE,BUY PE,BUY PE
OPEN,2026-07-16,14:22:12,24050,PE,BUY PE,36.3,24083.45,110.75,24051.0,24099.0,9.0,,0.00,0.00,,0.0,0.00,0.00,0,NO TRADE,BUY PE,NO TRADE
EXIT,2026-07-16,14:22:12,24050,PE,BUY PE,36.3,24083.45,110.75,24051.0,24099.0,9.0,14:31:12,24096.50,114.20,TIMEOUT,9.0,-0.05,3.12,224,NO TRADE,BUY PE,NO TRADE
OPEN,2026-07-16,14:32:12,24050,PE,BUY PE,35.2,24095.30,115.45,24064.0,24111.0,9.0,,0.00,0.00,,0.0,0.00,0.00,0,NO TRADE,BUY PE,NO TRADE
EXIT,2026-07-16,14:32:12,24050,PE,BUY PE,35.2,24095.30,115.45,24064.0,24111.0,9.0,14:41:12,24084.65,112.70,TIMEOUT,9.0,0.04,-2.38,-179,NO TRADE,BUY PE,NO TRADE
OPEN,2026-07-16,15:00:12,24100,CE,BUY CE,50.2,24114.30,124.60,24145.0,24099.0,29.0,,0.00,0.00,,0.0,0.00,0.00,0,BUY CE,BUY CE,NO TRADE
EXIT,2026-07-16,15:00:12,24100,CE,BUY CE,50.2,24114.30,124.60,24145.0,24099.0,29.0,15:02:12,24095.95,124.60,SL,2.0,-0.08,0.00,0,BUY CE,BUY CE,NO TRADE
OPEN,2026-07-16,15:03:12,24100,CE,BUY CE,45.9,24083.70,122.45,24118.0,24067.0,26.0,,0.00,0.00,,0.0,0.00,0.00,0,BUY CE,BUY CE,NO TRADE
OPEN,2026-07-16,15:05:12,24050,CE,BUY CE,45.1,24073.20,136.00,24110.0,24055.0,24.0,,0.00,0.00,,0.0,0.00,0.00,0,BUY CE,BUY CE,NO TRADE
OPEN,2026-07-16,15:06:12,24150,CE,BUY CE,44.0,24083.45,88.60,24119.0,24065.0,18.0,,0.00,0.00,,0.0,0.00,0.00,0,BUY CE,BUY PE,NO TRADE
EXIT,2026-07-16,15:03:12,24100,CE,BUY CE,45.9,24083.70,122.45,24118.0,24067.0,26.0,15:17:12,24066.85,118.05,SL,14.0,-0.07,-3.59,-286,BUY CE,BUY CE,NO TRADE
EXIT,2026-07-16,15:06:12,24150,CE,BUY CE,44.0,24083.45,88.60,24119.0,24065.0,18.0,15:18:12,24063.10,96.15,SL,12.0,-0.08,8.52,491,BUY CE,BUY PE,NO TRADE
OPEN,2026-07-16,15:29:12,24150,CE,BUY CE,44.8,24077.60,98.80,24115.0,24059.0,0.0,,0.00,0.00,,0.0,0.00,0.00,0,BUY CE,BUY PE,BUY PE
EXIT,2026-07-16,15:29:12,24150,CE,BUY CE,44.8,24077.60,98.80,24115.0,24059.0,0.0,15:29:12,24077.60,98.80,TIMEOUT,0.0,0.00,0.00,0,BUY CE,BUY PE,BUY PE
OPEN,2026-07-16,15:30:12,24100,CE,BUY CE,45.7,24081.45,121.65,24117.0,24063.0,25.0,,0.00,0.00,,0.0,0.00,0.00,0,BUY CE,BUY CE,BUY CE
EXIT,2026-07-16,15:05:12,24050,CE,BUY CE,45.1,24073.20,136.00,24110.0,24055.0,24.0,15:30:12,24081.45,148.15,EOD,25.0,0.03,8.93,790,BUY CE,BUY CE,NO TRADE
EXIT,2026-07-16,15:30:12,24100,CE,BUY CE,45.7,24081.45,121.65,24117.0,24063.0,25.0,15:30:12,24081.45,121.65,EOD,0.0,0.00,0.00,0,BUY CE,BUY CE,BUY CE
OPEN,2026-07-17,09:00:12,24000,PE,BUY PE,39.7,24072.75,91.35,24036.0,24091.0,9.0,,0.00,0.00,,0.0,0.00,0.00,0,BUY PE,BUY PE,BUY PE
OPEN,2026-07-17,09:08:12,24100,PE,BUY PE,37.2,24127.60,134.75,24086.0,24149.0,9.0,,0.00,0.00,,0.0,0.00,0.00,0,BUY PE,BUY PE,BUY PE
EXIT,2026-07-17,09:00:12,24000,PE,BUY PE,39.7,24072.75,91.35,24036.0,24091.0,9.0,09:08:12,24127.60,91.35,SL,8.0,-0.23,0.00,0,BUY PE,BUY PE,BUY PE
OPEN,2026-07-17,09:16:12,24150,PE,BUY PE,45.9,24158.65,149.40,24115.0,24181.0,9.0,,0.00,0.00,,0.0,0.00,0.00,0,BUY CE,BUY PE,NO TRADE
EXIT,2026-07-17,09:08:12,24100,PE,BUY PE,37.2,24127.60,134.75,24086.0,24149.0,9.0,09:16:12,24158.65,125.95,SL,8.0,-0.13,-6.53,-572,BUY PE,BUY PE,BUY PE
OPEN,2026-07-17,09:18:12,24200,PE,BUY PE,47.1,24179.20,0.00,24132.0,24203.0,9.0,,0.00,0.00,,0.0,0.00,0.00,0,BUY CE,BUY PE,NO TRADE
EXIT,2026-07-17,09:16:12,24150,PE,BUY PE,45.9,24158.65,149.40,24115.0,24181.0,9.0,09:19:12,24186.15,127.35,SL,3.0,-0.11,-14.76,-1433,BUY CE,BUY PE,NO TRADE
OPEN,2026-07-17,09:28:12,24150,PE,BUY PE,44.4,24202.05,115.80,24157.0,24225.0,9.0,,0.00,0.00,,0.0,0.00,0.00,0,BUY CE,BUY PE,NO TRADE
EXIT,2026-07-17,09:18:12,24200,PE,BUY PE,47.1,24179.20,0.00,24132.0,24203.0,9.0,09:28:12,24202.05,138.95,TIMEOUT,10.0,-0.09,0.00,0,BUY CE,BUY PE,NO TRADE
OPEN,2026-07-17,09:29:12,24200,PE,BUY PE,45.4,24206.00,137.95,24161.0,24229.0,9.0,,0.00,0.00,,0.0,0.00,0.00,0,BUY CE,BUY PE,NO TRADE
EXIT,2026-07-17,09:28:12,24150,PE,BUY PE,44.4,24202.05,115.80,24157.0,24225.0,9.0,09:38:12,24220.65,113.35,TIMEOUT,10.0,-0.08,-2.12,-159,BUY CE,BUY PE,NO TRADE
OPEN,2026-07-17,09:39:12,24150,PE,BUY PE,40.2,24221.55,111.60,24177.0,24244.0,9.0,,0.00,0.00,,0.0,0.00,0.00,0,BUY PE,BUY PE,NO TRADE
EXIT,2026-07-17,09:29:12,24200,PE,BUY PE,45.4,24206.00,137.95,24161.0,24229.0,9.0,09:39:12,24221.55,134.60,TIMEOUT,10.0,-0.06,-2.43,-218,BUY CE,BUY PE,NO TRADE
OPEN,2026-07-17,09:44:12,24200,PE,BUY PE,39.2,24230.50,131.40,24186.0,24253.0,9.0,,0.00,0.00,,0.0,0.00,0.00,0,BUY PE,BUY PE,NO TRADE
EXIT,2026-07-17,09:39:12,24150,PE,BUY PE,40.2,24221.55,111.60,24177.0,24244.0,9.0,09:48:12,24237.95,104.15,TIMEOUT,9.0,-0.07,-6.68,-484,BUY PE,BUY PE,NO TRADE
EXIT,2026-07-17,09:44:12,24200,PE,BUY PE,39.2,24230.50,131.40,24186.0,24253.0,9.0,09:53:12,24229.20,125.30,TIMEOUT,9.0,0.01,-4.64,-397,BUY PE,BUY PE,NO TRADE
OPEN,2026-07-17,09:54:12,24200,PE,BUY PE,37.4,24233.85,129.65,24191.0,24255.0,9.0,,0.00,0.00,,0.0,0.00,0.00,0,BUY PE,NO TRADE,NO TRADE
EXIT,2026-07-17,09:54:12,24200,PE,BUY PE,37.4,24233.85,129.65,24191.0,24255.0,9.0,10:04:12,24215.05,134.30,TIMEOUT,10.0,0.08,3.59,302,BUY PE,NO TRADE,NO TRADE
OPEN,2026-07-17,13:53:12,24200,PE,BUY PE,36.1,24225.00,130.85,24193.0,24241.0,9.0,,0.00,0.00,,0.0,0.00,0.00,0,NO TRADE,BUY PE,BUY PE
EXIT,2026-07-17,13:53:12,24200,PE,BUY PE,36.1,24225.00,130.85,24193.0,24241.0,9.0,14:00:12,24247.25,127.40,SL,7.0,-0.09,-2.64,-224,NO TRADE,BUY PE,BUY PE
OPEN,2026-07-17,14:01:12,24200,PE,BUY PE,38.7,24249.10,127.40,24218.0,24265.0,9.0,,0.00,0.00,,0.0,0.00,0.00,0,NO TRADE,BUY PE,NO TRADE
EXIT,2026-07-17,14:01:12,24200,PE,BUY PE,38.7,24249.10,127.40,24218.0,24265.0,9.0,14:11:12,24259.05,118.10,TIMEOUT,10.0,-0.04,-7.30,-605,NO TRADE,BUY PE,NO TRADE
OPEN,2026-07-17,14:16:12,24300,PE,BUY PE,35.6,24337.80,158.35,24298.0,24358.0,9.0,,0.00,0.00,,0.0,0.00,0.00,0,BUY PE,BUY CE,BUY CE
EXIT,2026-07-17,14:16:12,24300,PE,BUY PE,35.6,24337.80,158.35,24298.0,24358.0,9.0,14:17:12,24337.80,158.35,FLIP,1.0,0.00,0.00,0,BUY PE,BUY CE,BUY CE
OPEN,2026-07-17,14:17:12,24400,CE,BUY CE,36.2,24360.20,67.10,24402.0,24339.0,18.0,,0.00,0.00,,0.0,0.00,0.00,0,BUY CE,BUY PE,BUY CE
EXIT,2026-07-17,14:17:12,24400,CE,BUY CE,36.2,24360.20,67.10,24402.0,24339.0,18.0,14:18:12,24360.20,67.10,FLIP,1.0,0.00,0.00,0,BUY CE,BUY PE,BUY CE
OPEN,2026-07-17,14:18:12,24300,PE,BUY PE,36.5,24334.50,140.15,24291.0,24357.0,9.0,,0.00,0.00,,0.0,0.00,0.00,0,BUY PE,BUY PE,BUY CE
OPEN,2026-07-17,14:20:12,24250,PE,BUY PE,44.5,24311.05,97.80,24269.0,24332.0,9.0,,0.00,0.00,,0.0,0.00,0.00,0,BUY PE,BUY PE,BUY PE
EXIT,2026-07-17,14:18:12,24300,PE,BUY PE,36.5,24334.50,140.15,24291.0,24357.0,9.0,14:28:12,24311.25,134.40,TIMEOUT,10.0,0.10,-4.10,-374,BUY PE,BUY PE,BUY CE
EXIT,2026-07-17,14:20:12,24250,PE,BUY PE,44.5,24311.05,97.80,24269.0,24332.0,9.0,14:30:12,24292.55,108.20,TIMEOUT,10.0,0.08,10.63,676,BUY PE,BUY PE,BUY PE
OPEN,2026-07-17,14:31:12,24250,PE,BUY PE,40.2,24301.75,108.20,24258.0,24324.0,9.0,,0.00,0.00,,0.0,0.00,0.00,0,BUY PE,BUY PE,BUY PE
EXIT,2026-07-17,14:31:12,24250,PE,BUY PE,40.2,24301.75,108.20,24258.0,24324.0,9.0,14:41:12,24300.80,115.45,TIMEOUT,10.0,0.00,6.70,471,BUY PE,BUY PE,BUY PE
OPEN,2026-07-17,14:42:12,24250,PE,BUY PE,37.4,24313.20,115.45,24272.0,24334.0,9.0,,0.00,0.00,,0.0,0.00,0.00,0,BUY PE,BUY PE,NO TRADE
EXIT,2026-07-17,14:42:12,24250,PE,BUY PE,37.4,24313.20,115.45,24272.0,24334.0,9.0,14:49:12,24319.50,106.00,FLIP,7.0,-0.03,-8.19,-614,BUY PE,BUY PE,NO TRADE
OPEN,2026-07-17,14:49:12,24350,CE,BUY CE,36.5,24323.50,97.00,24365.0,24303.0,18.0,,0.00,0.00,,0.0,0.00,0.00,0,BUY PE,BUY CE,BUY PE
OPEN,2026-07-17,14:56:12,24400,CE,BUY CE,35.9,24331.65,72.70,24371.0,24312.0,18.0,,0.00,0.00,,0.0,0.00,0.00,0,BUY CE,BUY CE,BUY PE
OPEN,2026-07-17,15:00:12,24300,CE,BUY CE,52.4,24314.25,113.30,24354.0,24294.0,29.0,,0.00,0.00,,0.0,0.00,0.00,0,BUY CE,BUY CE,NO TRADE
EXIT,2026-07-17,14:49:12,24350,CE,BUY CE,36.5,24323.50,97.00,24365.0,24303.0,18.0,15:07:12,24330.10,91.60,TIMEOUT,18.0,0.03,-5.57,-351,BUY PE,BUY CE,BUY PE
OPEN,2026-07-17,15:08:12,24350,CE,BUY CE,50.5,24331.15,97.80,24370.0,24312.0,21.0,,0.00,0.00,,0.0,0.00,0.00,0,BUY CE,BUY CE,NO TRADE
EXIT,2026-07-17,14:56:12,24400,CE,BUY CE,35.9,24331.65,72.70,24371.0,24312.0,18.0,15:14:12,24333.25,74.90,TIMEOUT,18.0,0.01,3.03,143,BUY CE,BUY CE,BUY PE
EXIT,2026-07-17,15:00:12,24300,CE,BUY CE,52.4,24314.25,113.30,24354.0,24294.0,29.0,15:29:12,24344.75,137.00,TIMEOUT,29.0,0.13,20.92,1541,BUY CE,BUY CE,NO TRADE
EXIT,2026-07-17,15:08:12,24350,CE,BUY CE,50.5,24331.15,97.80,24370.0,24312.0,21.0,15:30:12,24346.15,110.25,EOD,22.0,0.06,12.73,809,BUY CE,BUY CE,NO TRADE
OPEN,2026-07-18,14:32:12,24400,CE,BUY CE,35.2,24334.30,89.70,24370.0,24316.0,18.0,,0.00,0.00,,0.0,0.00,0.00,0,NO TRADE,BUY CE,NO TRADE
EXIT,2026-07-18,14:32:12,24400,CE,BUY CE,35.2,24334.30,89.70,24370.0,24316.0,18.0,14:50:12,24334.30,89.70,TIMEOUT,18.0,0.00,0.00,0,NO TRADE,BUY CE,NO TRADE
OPEN,2026-07-18,14:51:12,24400,CE,BUY CE,35.1,24334.30,89.70,24370.0,24316.0,18.0,,0.00,0.00,,0.0,0.00,0.00,0,NO TRADE,BUY CE,BUY CE
OPEN,2026-07-18,15:00:12,24350,CE,BUY CE,51.6,24334.30,115.30,24370.0,24316.0,29.0,,0.00,0.00,,0.0,0.00,0.00,0,BUY CE,BUY CE,NO TRADE
EXIT,2026-07-18,14:51:12,24400,CE,BUY CE,35.1,24334.30,89.70,24370.0,24316.0,18.0,15:09:12,24334.30,89.70,TIMEOUT,18.0,0.00,0.00,0,NO TRADE,BUY CE,BUY CE
EXIT,2026-07-18,15:00:12,24350,CE,BUY CE,51.6,24334.30,115.30,24370.0,24316.0,29.0,15:30:12,24334.30,115.30,EOD,30.0,0.00,0.00,0,BUY CE,BUY CE,NO TRADE
